,index,Unnamed: 0,USPS,GEOID,ALAND_SQMI,TRACT_LAT,TRACT_LONG,State_x,Hospital,Designation,HOSPITAL_LONG,HOSPITAL_LAT,CT_dist,Unnamed: 0.1,Year,Name Returned,Tract,State,County,Geographical ID,Total Population,Pop. Male,Pop. Female,Median Age All,Pop. Over 65 Years,Pop. Race,Pop. AmInd or Alaska Alone,Pop. Asian Alone,Pop. Black or AfrAm Alone,Pop. Hawaiian or PacIsl Alone,Pop. Other Race Alone,Pop. White Alone,Two or more races,Pop. Hispanic or Latino,Pop. Not Hispanic or Latino,Median Income Last 12 Months,Pop. w Poverty Status,"Income Less than $10,000","Income $10,000-14,999","Income $15,000-24,999","Income $25,000-34,999","Income $35,000-49,999","Income $50,000-64,999","Income $65,000-74,999","Income Over $75,000",Insurance Surveyed,Insured,Noninsured,state,county,tract,POPDENSITY,DISTANCE_ROAD,DISTANCE_TIME
0,52205,52641,WY,56015957900,34.224000000000004,42.0401606,-104.0893488,Colorado,University of Colorado Hospital Authority,Comprehensive Stroke Center,-104.84147,39.74194,262.971115,59,2018,"Census Tract 9579, Goshen County, Wyoming",957900,56,15,56015957900,5107,2714,2393,42.6,1166,4985.0,36.0,31.0,2.0,0.0,173.0,4743.0,32.0,511.0,4424.0,23538.0,4715.0,726.0,593.0,759.0,543.0,609.0,186.0,151.0,410.0,4805,4351,454,56,15,957900,149.2227676,272458.62200000003,146
1,52210,52646,WY,56015957800,15.545,42.086248499999996,-104.2247645,Colorado,University of Colorado Hospital Authority,Comprehensive Stroke Center,-104.84147,39.74194,265.4718389,56,2018,"Census Tract 9578, Goshen County, Wyoming",957800,56,15,56015957800,3773,1860,1913,37.7,673,3612.0,96.0,39.0,8.0,0.0,113.0,3356.0,143.0,512.0,3063.0,30080.0,3587.0,411.0,401.0,393.0,341.0,520.0,325.0,106.0,218.0,3730,3173,557,56,15,957800,242.71469930000004,271241.105,143
2,52217,52653,WY,56045951300,42.778,43.8596486,-104.24451280000001,Colorado,Lutheran Medical Center,Comprehensive Stroke Center,-105.08892,39.76783,459.8534908,74,2018,"Census Tract 9513, Weston County, Wyoming",951300,56,45,56045951300,3814,1877,1937,39.1,666,3692.0,34.0,215.0,0.0,0.0,0.0,3443.0,0.0,15.0,3428.0,32787.0,3616.0,437.0,174.0,536.0,278.0,403.0,390.0,165.0,313.0,3738,3239,499,56,45,951300,89.1579784,482282.0660000001,199
3,52230,52666,WY,56015957700,1014.4169999999999,42.3853915,-104.33281579999999,Colorado,University of Colorado Hospital Authority,Comprehensive Stroke Center,-104.84147,39.74194,296.6641307,58,2018,"Census Tract 9577, Goshen County, Wyoming",957700,56,15,56015957700,2002,1082,920,48.1,431,1892.0,17.0,3.0,0.0,0.0,14.0,1858.0,98.0,127.0,1774.0,29717.0,1978.0,236.0,163.0,260.0,233.0,255.0,85.0,87.0,173.0,2002,1772,230,56,15,957700,1.9735473680000002,313406.61299999995,147
4,52232,52668,WY,56011950300,845.5310000000001,44.4406013,-104.3389748,Colorado,Lutheran Medical Center,Comprehensive Stroke Center,-105.08892,39.76783,522.7164984,39,2018,"Census Tract 9503, Crook County, Wyoming",950300,56,11,56011950300,2980,1438,1542,50.8,789,2810.0,1.0,0.0,0.0,0.0,1.0,2808.0,148.0,1.0,2808.0,31363.0,2891.0,285.0,303.0,312.0,334.0,302.0,144.0,49.0,394.0,2913,2583,330,56,11,950300,3.52441247,554051.7750000001,237
5,52233,52669,WY,56021002000,1053.9,41.2408635,-104.3404666,Colorado,University of Colorado Hospital Authority,Comprehensive Stroke Center,-104.84147,39.74194,171.779547,131,2018,"Census Tract 20, Laramie County, Wyoming",2000,56,21,56021002000,9411,4857,4554,38.2,1280,9020.0,0.0,0.0,285.0,0.0,16.0,8719.0,299.0,769.0,8027.0,37627.0,9223.0,963.0,544.0,848.0,891.0,1089.0,758.0,440.0,1242.0,9305,8364,941,56,21,2000,8.929689724,172864.791,97
6,52236,52672,WY,56015958000,1161.427,41.841428,-104.3807024,Colorado,University of Colorado Hospital Authority,Comprehensive Stroke Center,-104.84147,39.74194,236.36778569999998,57,2018,"Census Tract 9580, Goshen County, Wyoming",958000,56,15,56015958000,2556,1292,1264,49.0,594,2456.0,4.0,0.0,0.0,0.0,14.0,2438.0,82.0,277.0,2178.0,28265.0,2431.0,406.0,216.0,280.0,261.0,393.0,228.0,87.0,179.0,2556,2187,369,56,15,958000,2.200740985,245861.056,114
7,52244,52680,WY,56027957200,2626.028,43.062159,-104.4683727,Colorado,Lutheran Medical Center,Comprehensive Stroke Center,-105.08892,39.76783,369.5313876,18,2018,"Census Tract 9572, Niobrara County, Wyoming",957200,56,27,56027957200,2448,1088,1360,41.0,468,2406.0,96.0,33.0,13.0,0.0,12.0,2252.0,16.0,113.0,2163.0,25083.0,2111.0,448.0,151.0,259.0,217.0,297.0,176.0,37.0,134.0,2142,1803,339,56,27,957200,0.932206359,390338.92100000003,158
8,52272,52708,WY,56045951100,2355.2270000000003,43.846213299999995,-104.5700202,Colorado,Lutheran Medical Center,Comprehensive Stroke Center,-105.08892,39.76783,455.02920650000004,75,2018,"Census Tract 9511, Weston County, Wyoming",951100,56,45,56045951100,3286,1891,1395,47.9,674,3123.0,3.0,95.0,36.0,3.0,0.0,2986.0,144.0,92.0,2897.0,25506.0,2982.0,489.0,274.0,426.0,317.0,219.0,275.0,136.0,312.0,3001,2602,399,56,45,951100,1.3951946030000002,489909.976,198
9,52328,52764,WY,56011950200,2008.9489999999998,44.6588186,-104.6778233,Colorado,Lutheran Medical Center,Comprehensive Stroke Center,-105.08892,39.76783,544.336027,40,2018,"Census Tract 9502, Crook County, Wyoming",950200,56,11,56011950200,4430,2292,2138,39.3,584,4357.0,136.0,25.0,12.0,0.0,15.0,4169.0,4.0,86.0,4098.0,36481.0,4318.0,451.0,161.0,325.0,475.0,371.0,364.0,186.0,587.0,4426,4015,411,56,11,950200,2.205133132,585466.9370000003,236
10,52330,52766,WY,56021001901,585.408,41.4235689,-104.6795634,Colorado,Lutheran Medical Center,Comprehensive Stroke Center,-105.08892,39.76783,187.0993124,86,2018,"Census Tract 19.01, Laramie County, Wyoming",1901,56,21,56021001901,5455,2698,2757,45.6,866,5334.0,5.0,70.0,161.0,14.0,81.0,5003.0,103.0,329.0,4759.0,45385.0,5423.0,608.0,160.0,268.0,544.0,628.0,544.0,261.0,1003.0,5432,5170,262,56,21,1901,9.318287417,167543.96799999996,91
11,52423,52859,WY,56021001501,6.462000000000001,41.1811784,-104.748698,Colorado,Lutheran Medical Center,Comprehensive Stroke Center,-105.08892,39.76783,159.5728874,11,2018,"Census Tract 15.01, Laramie County, Wyoming",1501,56,21,56021001501,5254,2853,2401,37.3,766,4897.0,35.0,191.0,203.0,0.0,51.0,4417.0,302.0,798.0,3718.0,32976.0,5199.0,651.0,284.0,773.0,351.0,715.0,656.0,186.0,468.0,5180,4764,416,56,21,1501,813.0609718,139110.16799999998,96
12,52428,52864,WY,56021000501,2.3569999999999998,41.136942,-104.75193399999999,Colorado,Lutheran Medical Center,Comprehensive Stroke Center,-105.08892,39.76783,154.69446440000002,83,2018,"Census Tract 5.01, Laramie County, Wyoming",501,56,21,56021000501,8714,4412,4302,33.6,1230,8291.0,40.0,51.0,235.0,85.0,519.0,7361.0,304.0,1207.0,6807.0,31943.0,8513.0,861.0,781.0,942.0,724.0,1104.0,951.0,340.0,766.0,8465,7859,606,56,21,501,3697.07255,134786.637,78
13,52430,52866,WY,56021001502,1.8419999999999999,41.1507941,-104.7522578,Colorado,Lutheran Medical Center,Comprehensive Stroke Center,-105.08892,39.76783,156.20103459999999,8,2018,"Census Tract 15.02, Laramie County, Wyoming",1502,56,21,56021001502,4809,2256,2553,39.5,862,4523.0,52.0,73.0,0.0,0.0,40.0,4358.0,213.0,532.0,4057.0,27265.0,4736.0,798.0,431.0,415.0,507.0,542.0,319.0,151.0,366.0,4671,4103,568,56,21,1502,2610.749186,135478.29799999998,80
14,52477,52913,WY,56021001401,1.534,41.1588443,-104.77741529999999,Colorado,Lutheran Medical Center,Comprehensive Stroke Center,-105.08892,39.76783,156.7060174,84,2018,"Census Tract 14.01, Laramie County, Wyoming",1401,56,21,56021001401,3996,2079,1917,33.7,581,3606.0,9.0,26.0,178.0,8.0,109.0,3276.0,334.0,317.0,3174.0,35411.0,3837.0,455.0,186.0,375.0,436.0,439.0,503.0,147.0,410.0,3844,3557,287,56,21,1401,2604.954368,134625.762,89
15,52488,52924,WY,56021000402,4.459,41.112796100000004,-104.78234309999999,Colorado,Lutheran Medical Center,Comprehensive Stroke Center,-105.08892,39.76783,151.59701819999998,5,2018,"Census Tract 4.02, Laramie County, Wyoming",402,56,21,56021000402,6612,3005,3607,28.4,590,6366.0,317.0,61.0,73.0,4.0,727.0,5184.0,215.0,2162.0,3866.0,25340.0,6275.0,817.0,517.0,898.0,1259.0,494.0,260.0,192.0,110.0,6406,5502,904,56,21,402,1482.8436869999998,132288.52799999996,73
16,52490,52926,WY,56021000600,1.22,41.1398185,-104.78303309999998,Colorado,Lutheran Medical Center,Comprehensive Stroke Center,-105.08892,39.76783,154.5436621,0,2018,"Census Tract 6, Laramie County, Wyoming",600,56,21,56021000600,5815,2847,2968,32.9,952,5586.0,20.0,0.0,108.0,0.0,135.0,5323.0,183.0,677.0,4853.0,31604.0,5553.0,664.0,250.0,800.0,689.0,762.0,626.0,280.0,492.0,5586,5268,318,56,21,600,4766.393443,132037.58599999998,84
17,52508,52944,WY,56021001402,4.909,41.1812021,-104.7879144,Colorado,Lutheran Medical Center,Comprehensive Stroke Center,-105.08892,39.76783,159.00796259999998,85,2018,"Census Tract 14.02, Laramie County, Wyoming",1402,56,21,56021001402,2714,1270,1444,42.0,704,2659.0,20.0,102.0,16.0,0.0,13.0,2508.0,55.0,136.0,2385.0,33485.0,2506.0,259.0,215.0,341.0,206.0,257.0,280.0,119.0,325.0,2470,2355,115,56,21,1402,552.8620900000001,137781.13099999996,96
18,52525,52961,WY,56021000800,0.493,41.1492936,-104.7986792,Colorado,Lutheran Medical Center,Comprehensive Stroke Center,-105.08892,39.76783,155.3650237,2,2018,"Census Tract 8, Laramie County, Wyoming",800,56,21,56021000800,1793,833,960,39.7,351,1694.0,0.0,14.0,19.0,7.0,23.0,1631.0,68.0,153.0,1521.0,40456.0,1741.0,174.0,45.0,259.0,126.0,255.0,214.0,97.0,183.0,1749,1702,47,56,21,800,3636.916836,132180.75699999998,95
19,52554,52990,WY,56021000200,2.923,41.1243196,-104.8089989,Colorado,Lutheran Medical Center,Comprehensive Stroke Center,-105.08892,39.76783,152.48914230000003,12,2018,"Census Tract 2, Laramie County, Wyoming",200,56,21,56021000200,4782,2687,2095,29.8,487,4596.0,81.0,0.0,116.0,0.0,232.0,4167.0,76.0,1810.0,2669.0,28331.0,4668.0,355.0,615.0,604.0,537.0,593.0,252.0,108.0,313.0,4669,4006,663,56,21,200,1635.9904210000002,129573.70499999996,68
20,52555,52992,WY,56021001300,3.76,41.1867725,-104.811422,Colorado,Lutheran Medical Center,Comprehensive Stroke Center,-105.08892,39.76783,159.3118853,4,2018,"Census Tract 13, Laramie County, Wyoming",1300,56,21,56021001300,8084,3878,4206,45.5,1796,7759.0,0.0,132.0,355.0,0.0,50.0,7222.0,272.0,551.0,6852.0,47025.0,8015.0,638.0,558.0,579.0,602.0,996.0,1198.0,273.0,1415.0,8047,7832,215,56,21,1300,2150.0,136354.12199999997,97
21,52562,52999,WY,56021000401,5.797000000000001,41.0789247,-104.81423670000001,Colorado,Lutheran Medical Center,Comprehensive Stroke Center,-105.08892,39.76783,147.4417443,10,2018,"Census Tract 4.01, Laramie County, Wyoming",401,56,21,56021000401,5028,2578,2450,36.7,628,4770.0,8.0,42.0,112.0,25.0,277.0,4306.0,173.0,1063.0,3643.0,26981.0,4917.0,679.0,437.0,649.0,621.0,630.0,386.0,94.0,305.0,4982,4318,664,56,21,401,867.3451785,127372.24899999995,74
22,52579,53016,WY,56021000700,2.112,41.13437929999999,-104.82122829999999,Colorado,Lutheran Medical Center,Comprehensive Stroke Center,-105.08892,39.76783,153.4355917,1,2018,"Census Tract 7, Laramie County, Wyoming",700,56,21,56021000700,3981,2160,1821,41.3,453,3885.0,47.0,10.0,71.0,0.0,78.0,3679.0,62.0,575.0,3196.0,21543.0,3618.0,670.0,408.0,693.0,346.0,510.0,317.0,19.0,229.0,3617,3180,437,56,21,700,1884.943182,129038.70699999997,76
23,52595,53032,WY,56021000300,2.3040000000000003,41.108643,-104.8304713,Colorado,Lutheran Medical Center,Comprehensive Stroke Center,-105.08892,39.76783,150.4938919,9,2018,"Census Tract 3, Laramie County, Wyoming",300,56,21,56021000300,3878,2016,1862,29.7,415,3695.0,16.0,27.0,156.0,0.0,294.0,3202.0,148.0,1138.0,2469.0,29119.0,3792.0,464.0,233.0,330.0,534.0,456.0,270.0,65.0,308.0,3800,3414,386,56,21,300,1683.1597219999999,126299.01199999999,73
24,52596,53033,WY,56021001000,0.79,41.1412242,-104.830562,Colorado,Lutheran Medical Center,Comprehensive Stroke Center,-105.08892,39.76783,154.07267240000002,3,2018,"Census Tract 10, Laramie County, Wyoming",1000,56,21,56021001000,3123,1487,1636,32.8,317,2981.0,0.0,67.0,66.0,0.0,112.0,2736.0,110.0,490.0,2464.0,31646.0,3091.0,370.0,171.0,323.0,500.0,375.0,141.0,159.0,368.0,3055,2784,271,56,21,1000,3953.164557,129420.60399999996,80
25,52600,53037,WY,56021000900,1.393,41.155507899999996,-104.83469649999999,Colorado,Lutheran Medical Center,Comprehensive Stroke Center,-105.08892,39.76783,155.5937034,13,2018,"Census Tract 9, Laramie County, Wyoming",900,56,21,56021000900,2787,1420,1367,40.9,497,2724.0,21.0,32.0,29.0,55.0,28.0,2559.0,63.0,333.0,2264.0,36046.0,2770.0,438.0,53.0,328.0,272.0,307.0,288.0,139.0,444.0,2733,2483,250,56,21,900,2000.717875,131053.14899999998,81
26,52609,53046,WY,56021001200,2.4330000000000003,41.1867904,-104.83794759999999,Colorado,Lutheran Medical Center,Comprehensive Stroke Center,-105.08892,39.76783,158.9972468,7,2018,"Census Tract 12, Laramie County, Wyoming",1200,56,21,56021001200,4830,2530,2300,45.6,1189,4688.0,36.0,96.0,54.0,0.0,0.0,4502.0,142.0,280.0,4222.0,49210.0,4830.0,494.0,99.0,448.0,196.0,504.0,578.0,220.0,876.0,4739,4447,292,56,21,1200,1985.203453,140820.89299999998,77
27,52651,53091,WY,56021001100,4.811,41.1470529,-104.86162979999999,Colorado,Lutheran Medical Center,Comprehensive Stroke Center,-105.08892,39.76783,154.36213480000004,6,2018,"Census Tract 11, Laramie County, Wyoming",1100,56,21,56021001100,2300,1388,912,21.5,0,2020.0,0.0,80.0,174.0,4.0,28.0,1734.0,192.0,470.0,1383.0,25590.0,1547.0,104.0,73.0,535.0,333.0,179.0,72.0,41.0,163.0,1217,1204,13,56,21,1100,478.0710871,129966.59699999995,75
28,52787,53227,WY,56031959100,882.685,42.400799,-104.9480644,Colorado,Lutheran Medical Center,Comprehensive Stroke Center,-105.08892,39.76783,292.64516769999994,31,2018,"Census Tract 9591, Platte County, Wyoming",959100,56,31,56031959100,2193,1115,1078,50.3,443,2142.0,0.0,11.0,1.0,0.0,15.0,2115.0,26.0,245.0,1886.0,26237.0,2152.0,339.0,215.0,206.0,207.0,188.0,197.0,46.0,217.0,2188,1976,212,56,31,959100,2.4844650130000003,286715.68000000005,128
29,52862,53302,WY,56031959400,1198.764,41.928962899999995,-104.97959740000002,Colorado,Lutheran Medical Center,Comprehensive Stroke Center,-105.08892,39.76783,240.1728961,32,2018,"Census Tract 9594, Platte County, Wyoming",959400,56,31,56031959400,6480,3384,3096,45.9,1590,6184.0,7.0,48.0,0.0,0.0,112.0,6017.0,230.0,453.0,5716.0,26425.0,6317.0,850.0,594.0,967.0,596.0,840.0,362.0,234.0,574.0,6383,5734,649,56,31,959400,5.405567735,226090.78099999996,102
30,53093,53533,WY,56021001902,995.572,41.3085797,-105.0842689,Colorado,Lutheran Medical Center,Comprehensive Stroke Center,-105.08892,39.76783,171.09300990000003,87,2018,"Census Tract 19.02, Laramie County, Wyoming",1902,56,21,56021001902,4326,2206,2120,46.7,754,4175.0,0.0,0.0,0.0,0.0,0.0,4175.0,130.0,167.0,4013.0,41840.0,4282.0,421.0,315.0,345.0,333.0,420.0,650.0,175.0,613.0,4309,4105,204,56,21,1902,4.345240726,161430.30399999997,82
31,53304,53748,WY,56009956400,46.771,42.79618189999999,-105.2990462,Colorado,Lutheran Medical Center,Comprehensive Stroke Center,-105.08892,39.76783,336.7869545,16,2018,"Census Tract 9564, Converse County, Wyoming",956400,56,9,56009956400,4831,2459,2372,40.7,834,4309.0,8.0,24.0,1.0,0.0,13.0,4263.0,358.0,622.0,3694.0,30758.0,4600.0,613.0,399.0,369.0,658.0,421.0,386.0,72.0,522.0,4778,4456,322,56,9,956400,103.29050050000001,344764.777,145
32,53320,53764,WY,56005000200,34.354,44.2622761,-105.40456019999999,Colorado,Lutheran Medical Center,Comprehensive Stroke Center,-105.08892,39.76783,499.89744299999995,104,2018,"Census Tract 2, Campbell County, Wyoming",200,56,5,56005000200,7922,3917,4005,30.0,474,7746.0,6.0,30.0,45.0,0.0,36.0,7629.0,112.0,872.0,6813.0,41204.0,7623.0,616.0,387.0,659.0,572.0,633.0,649.0,312.0,1183.0,7787,7556,231,56,5,200,230.59905690000002,514075.71799999994,220
33,53321,53765,WY,56009956500,14.293,42.753066,-105.43008290000002,Colorado,Lutheran Medical Center,Comprehensive Stroke Center,-105.08892,39.76783,332.7668298,14,2018,"Census Tract 9565, Converse County, Wyoming",956500,56,9,56009956500,3128,1612,1516,35.9,381,3060.0,0.0,0.0,0.0,0.0,0.0,3060.0,0.0,75.0,2985.0,35378.0,3060.0,372.0,209.0,298.0,208.0,371.0,318.0,141.0,296.0,3128,2989,139,56,9,956500,218.8483873,337466.647,140
34,53322,53766,WY,56005000300,9.638,44.2821673,-105.4382482,Colorado,Lutheran Medical Center,Comprehensive Stroke Center,-105.08892,39.76783,502.2571839,107,2018,"Census Tract 3, Campbell County, Wyoming",300,56,5,56005000300,5817,3543,2274,35.1,524,5208.0,27.0,0.0,0.0,0.0,39.0,5142.0,600.0,854.0,4392.0,27065.0,5786.0,822.0,477.0,454.0,636.0,386.0,336.0,87.0,607.0,5817,5070,747,56,5,300,603.548454,515880.8949999999,221
35,53327,53771,WY,56005000400,1.442,44.286408,-105.4947545,Colorado,Lutheran Medical Center,Comprehensive Stroke Center,-105.08892,39.76783,503.0180293000001,102,2018,"Census Tract 4, Campbell County, Wyoming",400,56,5,56005000400,3501,1773,1728,39.6,439,3428.0,66.0,30.0,7.0,0.0,10.0,3315.0,67.0,460.0,2886.0,32328.0,3473.0,333.0,289.0,386.0,348.0,378.0,345.0,142.0,426.0,3501,2683,818,56,5,400,2427.877947,515270.1119999999,213
36,53333,53777,WY,56001963700,12.539000000000001,41.30153320000001,-105.5243509,Colorado,Lutheran Medical Center,Comprehensive Stroke Center,-105.08892,39.76783,174.25902050000002,46,2018,"Census Tract 9637, Albany County, Wyoming",963700,56,1,56001963700,6653,3177,3476,24.9,492,6360.0,79.0,157.0,153.0,0.0,164.0,5807.0,222.0,717.0,5384.0,21589.0,6580.0,1427.0,571.0,696.0,739.0,517.0,430.0,231.0,538.0,6653,6201,452,56,1,963700,530.5845761,177159.53199999998,92
37,53334,53778,WY,56009956600,4183.823,42.9846234,-105.5247521,Colorado,Lutheran Medical Center,Comprehensive Stroke Center,-105.08892,39.76783,359.11497610000004,17,2018,"Census Tract 9566, Converse County, Wyoming",956600,56,9,56009956600,3183,1626,1557,49.4,517,3099.0,0.0,0.0,0.0,0.0,34.0,3065.0,71.0,197.0,2902.0,32171.0,3151.0,405.0,157.0,409.0,271.0,185.0,295.0,95.0,558.0,3183,2932,251,56,9,956600,0.760787442,396029.006,168
38,53339,53783,WY,56005000600,7.945,44.306506799999994,-105.52939029999999,Colorado,Lutheran Medical Center,Comprehensive Stroke Center,-105.08892,39.76783,505.4445271000001,103,2018,"Census Tract 6, Campbell County, Wyoming",600,56,5,56005000600,5243,2551,2692,33.1,657,5062.0,82.0,0.0,75.0,0.0,0.0,4905.0,97.0,315.0,4660.0,25415.0,4993.0,775.0,585.0,484.0,617.0,392.0,219.0,85.0,607.0,5077,4753,324,56,5,600,659.9118943,519285.9429999999,214
39,53343,53787,WY,56005000700,2249.646,44.6514742,-105.5491564,Colorado,Lutheran Medical Center,Comprehensive Stroke Center,-105.08892,39.76783,543.7895622000001,105,2018,"Census Tract 7, Campbell County, Wyoming",700,56,5,56005000700,8130,4244,3886,35.8,842,7981.0,0.0,0.0,0.0,0.0,112.0,7869.0,46.0,389.0,7592.0,36194.0,7948.0,916.0,485.0,749.0,736.0,901.0,619.0,511.0,1005.0,8130,7135,995,56,5,700,3.613901921,561933.8090000001,235
40,53346,53790,WY,56005000100,2485.4210000000003,43.8877273,-105.55190209999999,Colorado,Lutheran Medical Center,Comprehensive Stroke Center,-105.08892,39.76783,459.20814850000005,106,2018,"Census Tract 1, Campbell County, Wyoming",100,56,5,56005000100,11068,5632,5436,32.9,685,10475.0,112.0,66.0,1.0,0.0,0.0,10296.0,374.0,873.0,9523.0,56017.0,10849.0,820.0,485.0,515.0,607.0,713.0,1108.0,589.0,2103.0,11068,10184,884,56,5,100,4.453169101,511607.51099999994,214
41,53348,53792,WY,56001963100,2.7030000000000003,41.3280884,-105.5610334,Colorado,Lutheran Medical Center,Comprehensive Stroke Center,-105.08892,39.76783,177.81379819999998,50,2018,"Census Tract 9631, Albany County, Wyoming",963100,56,1,56001963100,8046,4306,3740,26.4,914,7469.0,0.0,208.0,212.0,0.0,36.0,7013.0,520.0,797.0,6229.0,24224.0,7989.0,1469.0,643.0,955.0,373.0,796.0,554.0,319.0,925.0,8046,7817,229,56,1,963100,2976.692564,176089.09299999996,100
42,53349,53793,WY,56005000500,13.62,44.2773092,-105.5628614,Colorado,Lutheran Medical Center,Comprehensive Stroke Center,-105.08892,39.76783,502.41788590000004,108,2018,"Census Tract 5, Campbell County, Wyoming",500,56,5,56005000500,6027,2899,3128,35.4,350,5811.0,123.0,38.0,0.0,0.0,0.0,5650.0,150.0,221.0,5429.0,47949.0,5769.0,375.0,284.0,385.0,492.0,707.0,345.0,381.0,1015.0,5835,5375,460,56,5,500,442.51101320000004,519411.5849999999,213
43,53351,53795,WY,56001963500,0.845,41.314376700000004,-105.56919140000001,Colorado,Lutheran Medical Center,Comprehensive Stroke Center,-105.08892,39.76783,176.48926540000002,45,2018,"Census Tract 9635, Albany County, Wyoming",963500,56,1,56001963500,2415,1222,1193,19.9,5,2317.0,37.0,241.0,18.0,8.0,45.0,1968.0,87.0,164.0,1862.0,4829.0,629.0,1414.0,203.0,113.0,54.0,29.0,3.0,7.0,39.0,2415,2286,129,56,1,963500,2857.988166,173724.99499999997,96
44,53352,53796,WY,56001963600,0.7809999999999999,41.3063139,-105.5778206,Colorado,Lutheran Medical Center,Comprehensive Stroke Center,-105.08892,39.76783,175.7894102,42,2018,"Census Tract 9636, Albany County, Wyoming",963600,56,1,56001963600,4302,2361,1941,30.4,548,4209.0,0.0,122.0,3.0,0.0,0.0,4084.0,37.0,121.0,3978.0,25264.0,4132.0,675.0,416.0,684.0,439.0,617.0,347.0,152.0,255.0,4219,4029,190,56,1,963600,5508.322663,172371.35799999998,100
45,53354,53798,WY,56001963000,1.39,41.333679,-105.58790400000001,Colorado,Lutheran Medical Center,Comprehensive Stroke Center,-105.08892,39.76783,178.94224599999998,49,2018,"Census Tract 9630, Albany County, Wyoming",963000,56,1,56001963000,2351,1256,1095,26.9,184,2289.0,3.0,73.0,58.0,0.0,44.0,2111.0,14.0,291.0,1864.0,17239.0,2239.0,637.0,232.0,406.0,269.0,179.0,106.0,34.0,38.0,2351,1937,414,56,1,963000,1691.366906,174308.58999999997,95
46,53355,53799,WY,56001963400,0.512,41.3136646,-105.58838829999999,Colorado,Lutheran Medical Center,Comprehensive Stroke Center,-105.08892,39.76783,176.79444740000002,41,2018,"Census Tract 9634, Albany County, Wyoming",963400,56,1,56001963400,3402,1860,1542,24.0,217,3306.0,13.0,256.0,11.0,0.0,118.0,2908.0,96.0,256.0,2778.0,15871.0,3337.0,994.0,385.0,553.0,277.0,388.0,126.0,28.0,161.0,3345,3120,225,56,1,963400,6644.53125,172377.80699999997,104
47,53358,53802,WY,56001962900,2.747,41.322848799999996,-105.6036888,Colorado,Lutheran Medical Center,Comprehensive Stroke Center,-105.08892,39.76783,178.09711950000002,47,2018,"Census Tract 9629, Albany County, Wyoming",962900,56,1,56001962900,1836,921,915,32.6,206,1675.0,0.0,8.0,0.0,0.0,13.0,1654.0,130.0,541.0,1223.0,25442.0,1781.0,279.0,131.0,271.0,350.0,226.0,90.0,42.0,20.0,1836,1497,339,56,1,962900,668.3654896,173239.29599999997,93
48,53363,53807,WY,56001962800,2.734,41.3181164,-105.62805130000001,Colorado,Lutheran Medical Center,Comprehensive Stroke Center,-105.08892,39.76783,178.1058849,43,2018,"Census Tract 9628, Albany County, Wyoming",962800,56,1,56001962800,3285,1706,1579,31.0,298,3201.0,175.0,0.0,1.0,2.0,96.0,2927.0,61.0,373.0,2672.0,30017.0,3096.0,521.0,209.0,396.0,457.0,366.0,262.0,130.0,170.0,3285,2812,473,56,1,962800,1201.5362109999999,174421.87099999996,99
49,53365,53809,WY,56001962700,245.38099999999997,41.3019835,-105.6315415,Colorado,Lutheran Medical Center,Comprehensive Stroke Center,-105.08892,39.76783,176.4529019,48,2018,"Census Tract 9627, Albany County, Wyoming",962700,56,1,56001962700,3800,1978,1822,43.3,635,3753.0,0.0,29.0,2.0,0.0,10.0,3712.0,47.0,188.0,3547.0,31095.0,3752.0,449.0,249.0,414.0,467.0,346.0,485.0,80.0,387.0,3728,3436,292,56,1,962700,15.48612158,174069.06299999997,99
50,53372,53816,WY,56001963900,4004.697,41.6655141,-105.72188259999999,Colorado,Lutheran Medical Center,Comprehensive Stroke Center,-105.08892,39.76783,217.4135194,44,2018,"Census Tract 9639, Albany County, Wyoming",963900,56,1,56001963900,2012,1129,883,57.6,636,1973.0,10.0,60.0,5.0,0.0,0.0,1898.0,21.0,87.0,1832.0,31028.0,1990.0,319.0,159.0,231.0,219.0,190.0,285.0,93.0,203.0,2012,1941,71,56,1,963900,0.502410045,206484.2179999999,113
51,53388,53832,WY,56009956700,10.076,42.84420479999999,-105.84320919999999,Colorado,Lutheran Medical Center,Comprehensive Stroke Center,-105.08892,39.76783,347.4474483,15,2018,"Census Tract 9567, Converse County, Wyoming",956700,56,9,56009956700,2855,1509,1346,35.4,439,2791.0,0.0,0.0,0.0,0.0,26.0,2765.0,45.0,174.0,2631.0,30994.0,2836.0,249.0,153.0,314.0,401.0,284.0,184.0,118.0,299.0,2855,2387,468,56,9,956700,283.3465661,373725.109,145
52,53498,53943,WY,56025001602,5.303,42.8462138,-106.26219009999998,Colorado,Lutheran Medical Center,Comprehensive Stroke Center,-105.08892,39.76783,355.71233839999996,89,2018,"Census Tract 16.02, Natrona County, Wyoming",1602,56,25,56025001602,7119,3616,3503,36.7,743,7077.0,0.0,73.0,16.0,0.0,181.0,6807.0,0.0,628.0,6360.0,37470.0,7026.0,551.0,502.0,558.0,712.0,788.0,579.0,149.0,1220.0,7067,6010,1057,56,25,1602,1342.4476710000001,402028.58500000025,152
53,53504,53949,WY,56025000502,0.752,42.845896200000006,-106.27520829999999,Colorado,Lutheran Medical Center,Comprehensive Stroke Center,-105.08892,39.76783,355.98094629999997,127,2018,"Census Tract 5.02, Natrona County, Wyoming",502,56,25,56025000502,2720,1312,1408,39.7,382,2642.0,0.0,41.0,0.0,0.0,23.0,2578.0,78.0,198.0,2421.0,35189.0,2692.0,279.0,162.0,244.0,297.0,303.0,283.0,41.0,360.0,2720,2520,200,56,25,502,3617.0212770000003,401880.0010000003,153
54,53512,53957,WY,56025000501,1.274,42.8320706,-106.2845101,Colorado,Lutheran Medical Center,Comprehensive Stroke Center,-105.08892,39.76783,354.7282802,119,2018,"Census Tract 5.01, Natrona County, Wyoming",501,56,25,56025000501,5148,2475,2673,37.1,970,5066.0,7.0,14.0,1.0,0.0,0.0,5044.0,36.0,430.0,4628.0,32169.0,4977.0,511.0,242.0,616.0,621.0,650.0,450.0,196.0,588.0,5074,4369,705,56,25,501,4040.8163270000005,400244.3050000003,162
55,53517,53962,WY,56025000400,1.0590000000000002,42.8485572,-106.28931909999999,Colorado,Lutheran Medical Center,Comprehensive Stroke Center,-105.08892,39.76783,356.5952797,116,2018,"Census Tract 4, Natrona County, Wyoming",400,56,25,56025000400,4716,2224,2492,29.9,548,4652.0,76.0,35.0,120.0,0.0,0.0,4421.0,16.0,443.0,4008.0,26626.0,4668.0,435.0,398.0,665.0,519.0,436.0,333.0,164.0,297.0,4716,3935,781,56,25,400,4453.25779,400905.3000000003,161
56,53536,53981,WY,56025000600,4.002,42.8213627,-106.3095568,Colorado,Lutheran Medical Center,Comprehensive Stroke Center,-105.08892,39.76783,354.1890224,120,2018,"Census Tract 6, Natrona County, Wyoming",600,56,25,56025000600,8008,3724,4284,31.7,828,7826.0,380.0,44.0,39.0,0.0,0.0,7363.0,134.0,329.0,7108.0,33860.0,7946.0,772.0,438.0,848.0,963.0,1085.0,958.0,242.0,570.0,8008,7275,733,56,25,600,2000.9995,397184.1700000003,165
57,53537,53982,WY,56025000300,1.1079999999999999,42.8449484,-106.30984140000001,Colorado,Lutheran Medical Center,Comprehensive Stroke Center,-105.08892,39.76783,356.6998709,130,2018,"Census Tract 3, Natrona County, Wyoming",300,56,25,56025000300,4332,2241,2091,35.7,720,4287.0,132.0,73.0,130.0,0.0,38.0,3914.0,15.0,627.0,3359.0,28820.0,4171.0,534.0,402.0,562.0,593.0,519.0,309.0,115.0,314.0,4260,3635,625,56,25,300,3909.747292,399075.0180000003,164
58,53546,53991,WY,56025000200,1.8880000000000001,42.8560464,-106.31945359999999,Colorado,Lutheran Medical Center,Comprehensive Stroke Center,-105.08892,39.76783,358.1092431,115,2018,"Census Tract 2, Natrona County, Wyoming",200,56,25,56025000200,3946,2444,1502,41.3,556,3856.0,36.0,0.0,422.0,0.0,85.0,3313.0,69.0,475.0,2958.0,25532.0,3847.0,692.0,290.0,516.0,658.0,537.0,285.0,20.0,58.0,3940,3085,855,56,25,200,2090.042373,400588.42800000025,152
59,53555,54000,WY,56025000700,0.64,42.836432200000004,-106.3312587,Colorado,Lutheran Medical Center,Comprehensive Stroke Center,-105.08892,39.76783,356.31475739999996,122,2018,"Census Tract 7, Natrona County, Wyoming",700,56,25,56025000700,2259,1254,1005,38.8,339,2178.0,0.0,6.0,28.0,0.0,0.0,2144.0,49.0,110.0,2039.0,31781.0,2206.0,253.0,110.0,283.0,295.0,158.0,305.0,170.0,176.0,2259,1968,291,56,25,700,3529.6875,397819.2780000003,165
60,53558,54003,WY,56025001401,1116.558,43.208380299999995,-106.3349847,Colorado,Lutheran Medical Center,Comprehensive Stroke Center,-105.08892,39.76783,396.0209793,118,2018,"Census Tract 14.01, Natrona County, Wyoming",1401,56,25,56025001401,6158,3235,2923,32.3,610,5811.0,14.0,34.0,0.0,39.0,17.0,5707.0,229.0,195.0,5550.0,32164.0,6019.0,662.0,357.0,668.0,680.0,646.0,406.0,162.0,643.0,6155,5301,854,56,25,1401,5.515163565,439958.8880000003,155
61,53560,54005,WY,56025000902,1.465,42.816333,-106.33873259999999,Colorado,Lutheran Medical Center,Comprehensive Stroke Center,-105.08892,39.76783,354.3689219,128,2018,"Census Tract 9.02, Natrona County, Wyoming",902,56,25,56025000902,3833,1976,1857,41.3,780,3785.0,7.0,23.0,32.0,4.0,2.0,3717.0,33.0,266.0,3457.0,37184.0,3230.0,514.0,367.0,320.0,236.0,440.0,342.0,139.0,668.0,3612,3152,460,56,25,902,2616.382253,395597.93400000024,167
62,53571,54016,WY,56025000800,1.48,42.8364157,-106.35249509999998,Colorado,Lutheran Medical Center,Comprehensive Stroke Center,-105.08892,39.76783,356.8359756,117,2018,"Census Tract 8, Natrona County, Wyoming",800,56,25,56025000800,3993,1816,2177,36.9,603,3827.0,0.0,29.0,0.0,0.0,10.0,3788.0,147.0,386.0,3412.0,28198.0,3960.0,469.0,342.0,566.0,368.0,462.0,333.0,154.0,235.0,3993,3291,702,56,25,800,2697.972973,398613.30800000025,162
63,53575,54020,WY,56025000901,2.1590000000000003,42.8188206,-106.3591987,Colorado,Lutheran Medical Center,Comprehensive Stroke Center,-105.08892,39.76783,355.1417467,121,2018,"Census Tract 9.01, Natrona County, Wyoming",901,56,25,56025000901,5257,2763,2494,32.7,604,4951.0,33.0,0.0,110.0,0.0,13.0,4795.0,169.0,584.0,4269.0,32439.0,5120.0,607.0,249.0,552.0,357.0,388.0,414.0,243.0,592.0,5244,4690,554,56,25,901,2434.923576,397035.94800000027,160
64,53578,54023,WY,56025001603,18.912,42.7887668,-106.3603534,Colorado,Lutheran Medical Center,Comprehensive Stroke Center,-105.08892,39.76783,351.99462850000003,90,2018,"Census Tract 16.03, Natrona County, Wyoming",1603,56,25,56025001603,3753,1935,1818,40.1,527,3534.0,43.0,50.0,0.0,0.0,74.0,3367.0,184.0,338.0,3131.0,51891.0,3718.0,295.0,157.0,246.0,301.0,318.0,458.0,88.0,830.0,3753,3409,344,56,25,1603,198.44543149999998,394610.3850000003,164
65,53579,54025,WY,56025001200,5.0,42.855612799999996,-106.36243529999999,Colorado,Lutheran Medical Center,Comprehensive Stroke Center,-105.08892,39.76783,359.11463010000006,126,2018,"Census Tract 12, Natrona County, Wyoming",1200,56,25,56025001200,2296,1223,1073,37.2,344,2217.0,39.0,30.0,23.0,0.0,6.0,2119.0,67.0,215.0,1924.0,22333.0,1997.0,293.0,280.0,357.0,213.0,266.0,132.0,43.0,84.0,2033,1581,452,56,25,1200,459.2,400486.2620000003,145
66,53592,54038,WY,56025001100,3.173,42.8329883,-106.392007,Colorado,Lutheran Medical Center,Comprehensive Stroke Center,-105.08892,39.76783,357.4687631,124,2018,"Census Tract 11, Natrona County, Wyoming",1100,56,25,56025001100,2720,1435,1285,38.0,436,2714.0,0.0,1.0,0.0,0.0,0.0,2713.0,0.0,353.0,2360.0,25651.0,2650.0,269.0,211.0,425.0,294.0,216.0,127.0,42.0,277.0,2671,1977,694,56,25,1100,857.2329026000001,401660.6050000003,153
67,53595,54041,WY,56025001000,1.964,42.821971500000004,-106.39706979999998,Colorado,Lutheran Medical Center,Comprehensive Stroke Center,-105.08892,39.76783,356.4364221,123,2018,"Census Tract 10, Natrona County, Wyoming",1000,56,25,56025001000,4970,2313,2657,37.3,772,4793.0,5.0,21.0,57.0,0.0,15.0,4695.0,50.0,626.0,4084.0,34202.0,4658.0,534.0,309.0,542.0,311.0,635.0,312.0,247.0,472.0,4796,4092,704,56,25,1000,2530.549898,395028.0980000003,154
68,53627,54073,WY,56025001700,10.57,42.8391061,-106.4394488,Colorado,Lutheran Medical Center,Comprehensive Stroke Center,-105.08892,39.76783,359.3440918,129,2018,"Census Tract 17, Natrona County, Wyoming",1700,56,25,56025001700,5047,2462,2585,37.0,557,4789.0,64.0,54.0,110.0,0.0,14.0,4547.0,237.0,253.0,4359.0,37029.0,4999.0,534.0,288.0,419.0,469.0,426.0,442.0,250.0,704.0,5028,4671,357,56,25,1700,477.4834437,401526.78000000026,142
69,53640,54086,WY,56007968100,2666.784,41.9723619,-106.46096740000002,Colorado,Lutheran Medical Center,Comprehensive Stroke Center,-105.08892,39.76783,270.75365930000004,54,2018,"Census Tract 9681, Carbon County, Wyoming",968100,56,7,56007968100,1628,771,857,45.3,401,1579.0,2.0,0.0,10.0,0.0,0.0,1567.0,33.0,26.0,1541.0,27500.0,1612.0,182.0,126.0,158.0,142.0,208.0,101.0,12.0,111.0,1625,1496,129,56,7,968100,0.610473139,286221.413,108
70,53701,54147,WY,56033000500,1561.7120000000002,44.768865999999996,-106.534807,Colorado,Lutheran Medical Center,Comprehensive Stroke Center,-105.08892,39.76783,568.1433879,36,2018,"Census Tract 5, Sheridan County, Wyoming",500,56,33,56033000500,7508,3653,3855,48.7,1661,7319.0,108.0,88.0,39.0,0.0,0.0,7084.0,171.0,93.0,7020.0,39284.0,7490.0,548.0,585.0,731.0,634.0,1037.0,694.0,408.0,1103.0,7508,7031,477,56,33,500,4.807544541,638852.5280000002,214
71,53755,54201,WY,56019955100,4128.807,44.0440477,-106.5885406,Colorado,Lutheran Medical Center,Comprehensive Stroke Center,-105.08892,39.76783,490.9683359,113,2018,"Census Tract 9551, Johnson County, Wyoming",955100,56,19,56019955100,2573,1320,1253,47.5,509,2507.0,42.0,0.0,0.0,0.0,59.0,2406.0,61.0,103.0,2362.0,31470.0,2559.0,358.0,176.0,131.0,457.0,198.0,222.0,148.0,324.0,2573,2371,202,56,19,955100,0.623182435,545620.2650000002,182
72,53880,54326,WY,56019955200,25.345,44.3492947,-106.73677260000001,Colorado,Lutheran Medical Center,Comprehensive Stroke Center,-105.08892,39.76783,526.8141227,114,2018,"Census Tract 9552, Johnson County, Wyoming",955200,56,19,56019955200,5942,3157,2785,44.9,1345,5797.0,334.0,0.0,45.0,0.0,54.0,5364.0,64.0,85.0,5357.0,29940.0,5753.0,612.0,601.0,652.0,656.0,610.0,342.0,328.0,601.0,5855,4896,959,56,19,955200,234.44466359999998,579081.5950000003,205
73,53916,54362,WY,56007968000,1873.233,41.2916791,-106.7979919,Colorado,Lutheran Medical Center,Comprehensive Stroke Center,-105.08892,39.76783,222.7089811,53,2018,"Census Tract 9680, Carbon County, Wyoming",968000,56,7,56007968000,3301,1740,1561,51.6,851,3268.0,0.0,13.0,0.0,0.0,22.0,3233.0,31.0,107.0,3148.0,28530.0,3271.0,361.0,326.0,413.0,358.0,270.0,232.0,93.0,478.0,3279,2964,315,56,7,968000,1.762194025,292581.16,116
74,53938,54384,WY,56033000100,5.013999999999999,44.765504799999995,-106.94797709999999,Colorado,Lutheran Medical Center,Comprehensive Stroke Center,-105.08892,39.76783,575.8876462000001,34,2018,"Census Tract 1, Sheridan County, Wyoming",100,56,33,56033000100,5105,2394,2711,39.8,1067,4993.0,98.0,28.0,53.0,0.0,163.0,4651.0,46.0,318.0,4544.0,33495.0,4541.0,539.0,234.0,691.0,622.0,867.0,325.0,241.0,393.0,5008,4586,422,56,33,100,1018.149182,628541.7570000003,208
75,53939,54385,WY,56025001800,4163.234,42.8993523,-106.95069869999999,Colorado,Lutheran Medical Center,Comprehensive Stroke Center,-105.08892,39.76783,381.0831105,125,2018,"Census Tract 18, Natrona County, Wyoming",1800,56,25,56025001800,4335,2368,1967,50.9,768,4242.0,30.0,2.0,11.0,0.0,36.0,4163.0,63.0,190.0,3996.0,37218.0,4027.0,441.0,271.0,531.0,399.0,706.0,303.0,113.0,756.0,4057,3741,316,56,25,1800,1.04125783,426975.82500000024,145
76,53941,54387,WY,56033000400,2.392,44.814637,-106.9617626,Colorado,Lutheran Medical Center,Comprehensive Stroke Center,-105.08892,39.76783,581.4363079,33,2018,"Census Tract 4, Sheridan County, Wyoming",400,56,33,56033000400,5385,2588,2797,37.3,788,5199.0,10.0,8.0,3.0,0.0,14.0,5164.0,169.0,295.0,4883.0,32684.0,5289.0,600.0,334.0,421.0,752.0,851.0,253.0,164.0,613.0,5306,4482,824,56,33,400,2251.254181,633157.5500000004,218
77,53942,54388,WY,56033000300,1.7080000000000002,44.80137379999999,-106.9642058,Colorado,Lutheran Medical Center,Comprehensive Stroke Center,-105.08892,39.76783,580.0735002,37,2018,"Census Tract 3, Sheridan County, Wyoming",300,56,33,56033000300,3682,1744,1938,37.5,714,3599.0,20.0,24.0,38.0,0.0,6.0,3511.0,77.0,158.0,3359.0,31528.0,3659.0,307.0,336.0,354.0,497.0,399.0,245.0,153.0,422.0,3676,3280,396,56,33,300,2155.737705,632213.7720000003,219
78,53943,54389,WY,56033000200,1.355,44.7895266,-106.964983,Colorado,Lutheran Medical Center,Comprehensive Stroke Center,-105.08892,39.76783,578.8258016,35,2018,"Census Tract 2, Sheridan County, Wyoming",200,56,33,56033000200,3188,1614,1574,38.3,607,3137.0,72.0,14.0,0.0,0.0,0.0,3051.0,31.0,135.0,2916.0,30707.0,3168.0,224.0,319.0,402.0,382.0,366.0,311.0,41.0,310.0,3171,2875,296,56,33,200,2352.7675280000003,631011.0210000004,214
79,53963,54409,WY,56007967700,9.885,41.813863399999995,-107.19699650000001,Colorado,Lutheran Medical Center,Comprehensive Stroke Center,-105.08892,39.76783,288.56424649999997,51,2018,"Census Tract 9677, Carbon County, Wyoming",967700,56,7,56007967700,4098,2165,1933,30.0,314,3871.0,151.0,104.0,34.0,0.0,101.0,3481.0,87.0,807.0,2841.0,40287.0,3898.0,341.0,154.0,281.0,380.0,570.0,364.0,170.0,466.0,4038,3675,363,56,7,967700,414.5675266,330807.4500000002,135
80,53969,54415,WY,56007967800,10.796,41.80575770000001,-107.25160590000002,Colorado,Lutheran Medical Center,Comprehensive Stroke Center,-105.08892,39.76783,290.7331868,52,2018,"Census Tract 9678, Carbon County, Wyoming",967800,56,7,56007967800,4346,2258,2088,39.2,611,4235.0,24.0,0.0,71.0,9.0,83.0,4048.0,69.0,1499.0,2699.0,35007.0,4253.0,399.0,232.0,446.0,388.0,487.0,403.0,153.0,423.0,4296,3763,533,56,7,967800,402.5565024,331898.76400000014,139
81,53981,54427,WY,56007967600,3337.105,41.7068338,-107.3673125,Colorado,Lutheran Medical Center,Comprehensive Stroke Center,-105.08892,39.76783,288.7710955,55,2018,"Census Tract 9676, Carbon County, Wyoming",967600,56,7,56007967600,2104,1398,706,37.8,212,2021.0,45.0,33.0,50.0,0.0,0.0,1893.0,49.0,322.0,1616.0,27647.0,1435.0,264.0,159.0,197.0,207.0,161.0,178.0,65.0,181.0,1471,1292,179,56,7,967600,0.630486604,336688.47400000016,122
82,53983,54429,WY,56033000600,951.18,44.83422879999999,-107.43799820000001,Utah,University of Utah Hospitals and Clinics,Comprehensive Stroke Center,-111.837,40.77304,576.8880995000001,38,2018,"Census Tract 6, Sheridan County, Wyoming",600,56,33,56033000600,5144,2859,2285,43.4,1057,5035.0,37.0,49.0,20.0,0.0,0.0,4929.0,69.0,238.0,4692.0,30916.0,4842.0,502.0,242.0,717.0,565.0,490.0,443.0,105.0,545.0,4903,4454,449,56,33,600,5.408019512999999,754819.4120000004,184
83,53998,54444,WY,56043000200,2231.947,43.8788305,-107.66905200000001,Utah,University of Utah Hospitals and Clinics,Comprehensive Stroke Center,-111.837,40.77304,486.74438399999997,63,2018,"Census Tract 2, Washakie County, Wyoming",200,56,43,56043000200,3098,1602,1496,48.1,662,2944.0,2.0,0.0,1.0,0.0,143.0,2798.0,127.0,278.0,2701.0,28125.0,3005.0,486.0,192.0,419.0,333.0,199.0,309.0,99.0,326.0,3025,2580,445,56,43,200,1.388025791,634849.9810000003,151
84,54013,54459,WY,56003962600,1521.4,44.3363742,-107.8097899,Utah,University of Utah Hospitals and Clinics,Comprehensive Stroke Center,-111.837,40.77304,515.6816230000001,76,2018,"Census Tract 9626, Big Horn County, Wyoming",962600,56,3,56003962600,3142,1604,1538,46.8,732,3045.0,85.0,4.0,2.0,0.0,33.0,2921.0,26.0,109.0,2856.0,24063.0,2911.0,599.0,169.0,459.0,476.0,251.0,168.0,26.0,225.0,2995,2435,560,56,3,962600,2.065203102,671550.4420000002,180
85,54036,54482,WY,56043000302,5.957000000000001,44.0287706,-107.9507483,Utah,University of Utah Hospitals and Clinics,Comprehensive Stroke Center,-111.837,40.77304,482.7466818,65,2018,"Census Tract 3.02, Washakie County, Wyoming",302,56,43,56043000302,2584,1317,1267,40.8,604,2495.0,27.0,0.0,0.0,0.0,183.0,2285.0,73.0,367.0,2101.0,27699.0,2501.0,349.0,173.0,306.0,274.0,246.0,266.0,83.0,122.0,2523,2153,370,56,43,302,433.77539029999997,619182.4200000004,169
86,54037,54483,WY,56043000301,0.77,44.014369099999996,-107.9563794,Utah,University of Utah Hospitals and Clinics,Comprehensive Stroke Center,-111.837,40.77304,481.2667117,64,2018,"Census Tract 3.01, Washakie County, Wyoming",301,56,43,56043000301,2447,1218,1229,39.6,420,2281.0,23.0,0.0,0.0,0.0,100.0,2158.0,138.0,489.0,1812.0,27466.0,2372.0,211.0,188.0,275.0,383.0,379.0,215.0,53.0,78.0,2413,2005,408,56,43,301,3177.922078,617751.0180000003,172
87,54058,54504,WY,56003962700,894.564,44.5870958,-108.0885308,Utah,University of Utah Hospitals and Clinics,Comprehensive Stroke Center,-111.837,40.77304,523.2276906999999,77,2018,"Census Tract 9627, Big Horn County, Wyoming",962700,56,3,56003962700,3387,1732,1655,39.2,614,3296.0,16.0,7.0,15.0,18.0,81.0,3159.0,51.0,446.0,2815.0,27475.0,3347.0,422.0,295.0,363.0,312.0,386.0,386.0,58.0,138.0,3384,2881,503,56,3,962700,3.786201993,697888.303,181
88,54064,54510,WY,56013000300,4752.654,42.7248755,-108.1739166,Utah,University of Utah Hospitals and Clinics,Comprehensive Stroke Center,-111.837,40.77304,373.87382260000004,71,2018,"Census Tract 3, Fremont County, Wyoming",300,56,13,56013000300,4459,2098,2361,52.1,1021,4174.0,85.0,5.0,0.0,0.0,27.0,4057.0,262.0,133.0,3981.0,31218.0,4333.0,506.0,478.0,580.0,511.0,548.0,358.0,108.0,589.0,4406,3849,557,56,13,300,0.9382126279999999,504768.9420000001,119
89,54073,54519,WY,56017967800,2.042,43.6453643,-108.2198241,Utah,University of Utah Hospitals and Clinics,Comprehensive Stroke Center,-111.837,40.77304,436.96424119999995,81,2018,"Census Tract 9678, Hot Springs County, Wyoming",967800,56,17,56017967800,2877,1513,1364,42.1,741,2837.0,67.0,0.0,0.0,0.0,0.0,2770.0,1.0,69.0,2702.0,28767.0,2732.0,415.0,191.0,297.0,379.0,259.0,181.0,140.0,336.0,2795,2519,276,56,17,967800,1408.912831,564578.1700000002,167
90,54081,54527,WY,56003962800,720.993,44.8408228,-108.2675027,Utah,University of Utah Hospitals and Clinics,Comprehensive Stroke Center,-111.837,40.77304,537.8721352000001,78,2018,"Census Tract 9628, Big Horn County, Wyoming",962800,56,3,56003962800,5372,2697,2675,40.8,1111,5254.0,54.0,37.0,36.0,0.0,109.0,5018.0,78.0,502.0,4646.0,26010.0,5189.0,888.0,422.0,464.0,405.0,432.0,469.0,170.0,382.0,5289,4509,780,56,3,962800,7.450835167999999,737456.2180000002,197
91,54087,54533,WY,56013940300,15.216,43.0642073,-108.34384850000001,Utah,University of Utah Hospitals and Clinics,Comprehensive Stroke Center,-111.837,40.77304,385.5954183,70,2018,"Census Tract 9403, Fremont County, Wyoming",940300,56,13,56013940300,5316,2862,2454,32.7,717,5119.0,773.0,23.0,60.0,0.0,182.0,4081.0,140.0,546.0,3832.0,24614.0,4870.0,921.0,404.0,607.0,573.0,514.0,444.0,172.0,200.0,4969,3960,1009,56,13,940300,349.3690852,482921.06600000005,154
92,54091,54537,WY,56013940500,0.875,43.0273515,-108.38955459999998,Utah,University of Utah Hospitals and Clinics,Comprehensive Stroke Center,-111.837,40.77304,380.1097592,67,2018,"Census Tract 9405, Fremont County, Wyoming",940500,56,13,56013940500,2592,1355,1237,34.9,376,2413.0,344.0,0.0,67.0,0.0,146.0,1856.0,166.0,482.0,1689.0,25707.0,2560.0,349.0,178.0,388.0,270.0,293.0,118.0,96.0,177.0,2592,2112,480,56,13,940500,2962.285714,477939.75999999995,143
93,54097,54543,WY,56013940400,12.982000000000001,43.0434263,-108.4183717,Utah,University of Utah Hospitals and Clinics,Comprehensive Stroke Center,-111.837,40.77304,379.4717026,73,2018,"Census Tract 9404, Fremont County, Wyoming",940400,56,13,56013940400,5940,2947,2993,40.6,1169,5683.0,279.0,2.0,10.0,0.0,81.0,5311.0,170.0,504.0,5038.0,31330.0,5706.0,798.0,435.0,563.0,656.0,634.0,468.0,255.0,621.0,5933,5455,478,56,13,940400,457.5566169,481779.658,151
94,54100,54546,WY,56017967900,2002.3870000000002,43.7202092,-108.4350765,Utah,University of Utah Hospitals and Clinics,Comprehensive Stroke Center,-111.837,40.77304,431.1893433,82,2018,"Census Tract 9679, Hot Springs County, Wyoming",967900,56,17,56017967900,1803,874,929,53.9,424,1766.0,46.0,0.0,0.0,0.0,30.0,1690.0,32.0,78.0,1642.0,30660.0,1758.0,304.0,103.0,202.0,147.0,235.0,81.0,92.0,279.0,1784,1554,230,56,17,967900,0.900425342,584743.7949999999,172
95,54102,54548,WY,56013940201,673.051,43.302606899999994,-108.43630559999998,Utah,University of Utah Hospitals and Clinics,Comprehensive Stroke Center,-111.837,40.77304,397.7159835,79,2018,"Census Tract 9402.01, Fremont County, Wyoming",940201,56,13,56013940201,3891,2074,1817,40.1,604,3729.0,303.0,0.0,0.0,0.0,25.0,3401.0,124.0,160.0,3315.0,30905.0,3841.0,557.0,182.0,369.0,415.0,396.0,263.0,89.0,461.0,3891,3328,563,56,13,940201,5.781136942000001,517894.33100000006,143
96,54111,54557,WY,56013940202,460.04699999999997,43.0152199,-108.4720443,Utah,University of Utah Hospitals and Clinics,Comprehensive Stroke Center,-111.837,40.77304,374.11060449999997,80,2018,"Census Tract 9402.02, Fremont County, Wyoming",940202,56,13,56013940202,4988,2442,2546,29.6,509,4713.0,2971.0,0.0,15.0,0.0,24.0,1703.0,174.0,328.0,1613.0,18401.0,4866.0,996.0,428.0,506.0,414.0,350.0,238.0,104.0,202.0,4988,3414,1574,56,13,940202,10.84237045,472937.156,138
97,54164,54610,WY,56037971600,8177.029,41.6989973,-108.6548533,Utah,University of Utah Hospitals and Clinics,Comprehensive Stroke Center,-111.837,40.77304,285.8845502,28,2018,"Census Tract 9716, Sweetwater County, Wyoming",971600,56,37,56037971600,1260,652,608,40.2,178,1244.0,0.0,9.0,0.0,0.0,0.0,1235.0,8.0,121.0,1114.0,31981.0,1252.0,159.0,52.0,111.0,155.0,151.0,89.0,21.0,189.0,1260,1143,117,56,37,971600,0.15409019599999998,334365.37499999994,111
98,54178,54624,WY,56013000100,13.154000000000002,42.856215399999996,-108.7367953,Utah,University of Utah Hospitals and Clinics,Comprehensive Stroke Center,-111.837,40.77304,346.2087322,66,2018,"Census Tract 1, Fremont County, Wyoming",100,56,13,56013000100,3748,1802,1946,35.3,597,3443.0,297.0,0.0,15.0,0.0,9.0,3122.0,207.0,147.0,3031.0,29605.0,3442.0,468.0,274.0,419.0,511.0,424.0,360.0,66.0,208.0,3561,2801,760,56,13,100,284.93234,443180.13999999996,154
99,54185,54631,WY,56029965200,3.9789999999999996,44.753662,-108.7598348,Utah,University of Utah Hospitals and Clinics,Comprehensive Stroke Center,-111.837,40.77304,508.8065152,92,2018,"Census Tract 9652, Park County, Wyoming",965200,56,29,56029965200,6253,3126,3127,34.4,1142,6093.0,65.0,85.0,16.0,3.0,215.0,5709.0,100.0,455.0,5460.0,25702.0,5744.0,1335.0,355.0,671.0,647.0,607.0,363.0,364.0,494.0,6200,4652,1548,56,29,965200,1571.5003769999998,724761.9739999998,227
100,54189,54635,WY,56013000200,7.165,42.830456899999994,-108.78516699999999,Utah,University of Utah Hospitals and Clinics,Comprehensive Stroke Center,-111.837,40.77304,341.346633,69,2018,"Census Tract 2, Fremont County, Wyoming",200,56,13,56013000200,3710,1947,1763,41.5,783,3570.0,161.0,11.0,0.0,8.0,48.0,3342.0,103.0,142.0,3278.0,33669.0,3667.0,394.0,183.0,485.0,320.0,407.0,469.0,107.0,333.0,3699,3455,244,56,13,200,517.794836,443626.192,143
101,54191,54637,WY,56029965100,667.585,44.747875,-108.7873203,Utah,University of Utah Hospitals and Clinics,Comprehensive Stroke Center,-111.837,40.77304,507.1443585,91,2018,"Census Tract 9651, Park County, Wyoming",965100,56,29,56029965100,5296,2313,2983,47.0,1143,5199.0,0.0,14.0,0.0,0.0,43.0,5142.0,65.0,296.0,4889.0,31407.0,5264.0,753.0,384.0,479.0,658.0,709.0,361.0,113.0,616.0,5296,4959,337,56,29,965100,7.933072192999999,723047.9459999999,222
102,54203,54649,WY,56029965400,6.603,44.5300619,-109.0292297,Utah,University of Utah Hospitals and Clinics,Comprehensive Stroke Center,-111.837,40.77304,476.57128489999997,94,2018,"Census Tract 9654, Park County, Wyoming",965400,56,29,56029965400,5759,2986,2773,44.1,1260,5536.0,164.0,64.0,21.0,0.0,104.0,5183.0,89.0,486.0,4986.0,29961.0,5573.0,573.0,370.0,824.0,743.0,753.0,360.0,111.0,717.0,5707,5315,392,56,29,965400,872.1793124,689392.3439999992,204
103,54204,54650,WY,56013940100,1890.3570000000002,43.269208,-109.0894098,Utah,University of Utah Hospitals and Clinics,Comprehensive Stroke Center,-111.837,40.77304,358.6438163,68,2018,"Census Tract 9401, Fremont County, Wyoming",940100,56,13,56013940100,3903,1844,2059,30.1,525,3706.0,3081.0,10.0,10.0,0.0,8.0,597.0,106.0,186.0,592.0,18872.0,3734.0,886.0,238.0,394.0,341.0,329.0,177.0,69.0,155.0,3866,2527,1339,56,13,940100,2.0646893680000002,521075.9050000001,167
104,54205,54651,WY,56029965500,5.434,44.521214,-109.0899351,Utah,University of Utah Hospitals and Clinics,Comprehensive Stroke Center,-111.837,40.77304,473.3327232,95,2018,"Census Tract 9655, Park County, Wyoming",965500,56,29,56029965500,4465,1948,2517,43.0,861,4153.0,0.0,0.0,10.0,0.0,2.0,4141.0,302.0,102.0,4041.0,29650.0,4348.0,530.0,232.0,771.0,519.0,447.0,443.0,121.0,359.0,4382,3802,580,56,29,965500,821.6783217,683410.6709999993,213
105,54209,54655,WY,56037971200,13.475999999999999,41.572525799999994,-109.1487821,Utah,University of Utah Hospitals and Clinics,Comprehensive Stroke Center,-111.837,40.77304,242.41270600000001,27,2018,"Census Tract 9712, Sweetwater County, Wyoming",971200,56,37,56037971200,2484,1172,1312,38.9,450,2409.0,7.0,6.0,0.0,0.0,0.0,2396.0,12.0,288.0,2108.0,47911.0,2421.0,197.0,80.0,174.0,180.0,317.0,240.0,97.0,479.0,2484,2411,73,56,37,971200,184.3276937,290971.0069999999,109
106,54210,54656,WY,56037970800,53.13,41.66197929999999,-109.169394,Utah,University of Utah Hospitals and Clinics,Comprehensive Stroke Center,-111.837,40.77304,244.5013133,19,2018,"Census Tract 9708, Sweetwater County, Wyoming",970800,56,37,56037970800,3996,2257,1739,34.3,374,3897.0,0.0,15.0,26.0,175.0,7.0,3674.0,99.0,797.0,2933.0,31995.0,3996.0,707.0,136.0,377.0,352.0,440.0,360.0,45.0,510.0,3996,3391,605,56,37,970800,75.21174478,293606.60099999985,118
107,54213,54659,WY,56037971100,4.627,41.5625401,-109.1928666,Utah,University of Utah Hospitals and Clinics,Comprehensive Stroke Center,-111.837,40.77304,238.580729,22,2018,"Census Tract 9711, Sweetwater County, Wyoming",971100,56,37,56037971100,3847,1869,1978,35.2,482,3619.0,0.0,33.0,50.0,0.0,57.0,3479.0,126.0,481.0,3044.0,32208.0,3692.0,464.0,302.0,295.0,510.0,374.0,267.0,147.0,503.0,3794,3268,526,56,37,971100,831.424249,283954.18199999986,115
108,54215,54661,WY,56037971000,48.656000000000006,41.510313200000006,-109.2282904,Utah,University of Utah Hospitals and Clinics,Comprehensive Stroke Center,-111.837,40.77304,233.80628819999998,30,2018,"Census Tract 9710, Sweetwater County, Wyoming",971000,56,37,56037971000,2003,1064,939,39.2,238,1921.0,0.0,26.0,8.0,0.0,37.0,1850.0,52.0,244.0,1663.0,31518.0,1970.0,239.0,113.0,151.0,235.0,183.0,113.0,128.0,239.0,2003,1655,348,56,37,971000,41.16655705,286249.6629999999,119
109,54218,54664,WY,56037970902,2.8369999999999997,41.60440870000001,-109.24734009999999,Utah,University of Utah Hospitals and Clinics,Comprehensive Stroke Center,-111.837,40.77304,236.0507933,25,2018,"Census Tract 9709.02, Sweetwater County, Wyoming",970902,56,37,56037970902,5109,2559,2550,30.4,303,4715.0,56.0,15.0,194.0,0.0,46.0,4404.0,262.0,604.0,3937.0,40125.0,4948.0,603.0,177.0,423.0,377.0,381.0,502.0,243.0,714.0,5074,4650,424,56,37,970902,1800.845964,281911.06199999986,106
110,54221,54667,WY,56037970903,4.7410000000000005,41.574706899999995,-109.2595689,Utah,University of Utah Hospitals and Clinics,Comprehensive Stroke Center,-111.837,40.77304,233.87683859999999,29,2018,"Census Tract 9709.03, Sweetwater County, Wyoming",970903,56,37,56037970903,3074,1583,1491,29.4,239,2946.0,132.0,47.0,55.0,0.0,25.0,2687.0,51.0,571.0,2147.0,30668.0,2728.0,439.0,62.0,336.0,205.0,232.0,214.0,75.0,378.0,3074,2613,461,56,37,970903,648.3864164,279180.9269999999,106
111,54225,54671,WY,56037970901,43.037,41.669073700000006,-109.2879318,Utah,University of Utah Hospitals and Clinics,Comprehensive Stroke Center,-111.837,40.77304,235.76375359999997,21,2018,"Census Tract 9709.01, Sweetwater County, Wyoming",970901,56,37,56037970901,7872,4490,3382,32.3,590,7745.0,34.0,0.0,14.0,0.0,15.0,7682.0,66.0,956.0,6789.0,36926.0,7811.0,797.0,448.0,652.0,438.0,616.0,475.0,244.0,1305.0,7872,7107,765,56,37,970901,182.91237769999998,291443.33599999984,109
112,54234,54680,WY,56037970601,34.328,41.4995831,-109.386847,Utah,University of Utah Hospitals and Clinics,Comprehensive Stroke Center,-111.837,40.77304,220.9660919,20,2018,"Census Tract 9706.01, Sweetwater County, Wyoming",970601,56,37,56037970601,4110,2000,2110,31.5,351,4015.0,22.0,3.0,7.0,19.0,110.0,3854.0,23.0,1246.0,2718.0,25517.0,3907.0,580.0,332.0,435.0,241.0,385.0,233.0,129.0,390.0,3987,3074,913,56,37,970601,119.72733629999999,285378.4359999998,108
113,54242,54688,WY,56037970602,0.578,41.497367100000005,-109.4560495,Utah,University of Utah Hospitals and Clinics,Comprehensive Stroke Center,-111.837,40.77304,215.47919100000001,24,2018,"Census Tract 9706.02, Sweetwater County, Wyoming",970602,56,37,56037970602,3359,1661,1698,35.9,367,3192.0,255.0,24.0,0.0,0.0,199.0,2714.0,112.0,356.0,2585.0,42125.0,3304.0,318.0,145.0,307.0,211.0,334.0,355.0,89.0,538.0,3359,3185,174,56,37,970602,5811.418685000001,264691.39,107
114,54258,54704,WY,56035000102,2385.631,42.9571465,-109.6510146,Utah,University of Utah Hospitals and Clinics,Comprehensive Stroke Center,-111.837,40.77304,302.9425085,97,2018,"Census Tract 1.02, Sublette County, Wyoming",102,56,35,56035000102,6549,3351,3198,40.9,924,6533.0,43.0,7.0,0.0,0.0,0.0,6483.0,16.0,583.0,5900.0,32007.0,6527.0,937.0,181.0,1046.0,457.0,621.0,635.0,207.0,861.0,6527,5580,947,56,35,102,2.745185655,385628.08399999986,136
115,54260,54706,WY,56029965300,6255.439,44.49391,-109.6675783,Utah,University of Utah Hospitals and Clinics,Comprehensive Stroke Center,-111.837,40.77304,449.9655841,93,2018,"Census Tract 9653, Park County, Wyoming",965300,56,29,56029965300,7348,3903,3445,50.9,1830,7154.0,99.0,4.0,0.0,0.0,8.0,7043.0,113.0,169.0,6882.0,35657.0,7255.0,615.0,449.0,949.0,841.0,1030.0,774.0,239.0,893.0,7319,6703,616,56,29,965300,1.174657766,631874.1429999997,260
116,54261,54707,WY,56013000400,1358.089,43.617643799999996,-109.6728876,Utah,University of Utah Hospitals and Clinics,Comprehensive Stroke Center,-111.837,40.77304,362.9930413,72,2018,"Census Tract 4, Fremont County, Wyoming",400,56,13,56013000400,1529,764,765,60.7,591,1520.0,12.0,4.0,59.0,0.0,16.0,1429.0,9.0,48.0,1397.0,31719.0,1511.0,160.0,134.0,239.0,261.0,202.0,165.0,67.0,104.0,1529,1417,112,56,13,400,1.125846686,499454.79399999994,196
117,54264,54710,WY,56037970500,1021.073,41.7330689,-109.6934385,Utah,University of Utah Hospitals and Clinics,Comprehensive Stroke Center,-111.837,40.77304,208.9028448,23,2018,"Census Tract 9705, Sweetwater County, Wyoming",970500,56,37,56037970500,2768,1416,1352,47.7,504,2661.0,14.0,52.0,0.0,0.0,55.0,2540.0,39.0,461.0,2173.0,34776.0,2700.0,249.0,277.0,223.0,250.0,274.0,130.0,237.0,351.0,2768,2364,404,56,37,970500,2.710873757,258394.20899999997,85
118,54272,54718,WY,56037970700,1023.467,41.278395399999994,-109.7622413,Utah,University of Utah Hospitals and Clinics,Comprehensive Stroke Center,-111.837,40.77304,183.289849,26,2018,"Census Tract 9707, Sweetwater County, Wyoming",970700,56,37,56037970700,4235,2159,2076,36.9,645,4152.0,222.0,49.0,0.0,10.0,12.0,3859.0,10.0,758.0,3345.0,31509.0,4078.0,615.0,169.0,433.0,248.0,281.0,299.0,103.0,620.0,4176,3746,430,56,37,970700,4.137895995,279510.95399999997,87
119,54306,54752,WY,56035000101,2500.851,42.6372058,-110.1603831,Utah,University of Utah Hospitals and Clinics,Comprehensive Stroke Center,-111.837,40.77304,249.6725133,96,2018,"Census Tract 1.01, Sublette County, Wyoming",101,56,35,56035000101,3402,2016,1386,36.6,740,3100.0,0.0,5.0,0.0,0.0,0.0,3095.0,302.0,148.0,2983.0,34848.0,3374.0,267.0,263.0,423.0,240.0,314.0,236.0,139.0,500.0,3402,3019,383,56,35,101,1.360336941,327261.12700000004,117
120,54331,54777,WY,56041975200,1140.392,41.295517,-110.32334399999999,Utah,University of Utah Hospitals and Clinics,Comprehensive Stroke Center,-111.837,40.77304,139.8842517,61,2018,"Census Tract 9752, Uinta County, Wyoming",975200,56,41,56041975200,6420,3319,3101,34.5,745,6061.0,0.0,4.0,5.0,0.0,6.0,6046.0,231.0,153.0,5899.0,32329.0,6257.0,888.0,371.0,543.0,420.0,533.0,399.0,172.0,926.0,6420,5861,559,56,41,975200,5.62964314,180984.85200000013,83
121,54341,54787,WY,56039967600,3858.555,44.048662,-110.42608700000001,Utah,University of Utah Hospitals and Clinics,Comprehensive Stroke Center,-111.837,40.77304,381.9289284,98,2018,"Census Tract 9676, Teton County, Wyoming",967600,56,39,56039967600,5350,2509,2841,43.5,943,5286.0,47.0,246.0,23.0,0.0,134.0,4836.0,44.0,318.0,4646.0,40946.0,5304.0,641.0,354.0,533.0,403.0,802.0,584.0,230.0,1036.0,5336,5003,333,56,39,967600,1.386529413,460497.4779999999,198
122,54351,54797,WY,56023978200,2407.344,41.95989779999999,-110.5505605,Utah,University of Utah Hospitals and Clinics,Comprehensive Stroke Center,-111.837,40.77304,170.1708706,109,2018,"Census Tract 9782, Lincoln County, Wyoming",978200,56,23,56023978200,1843,916,927,39.5,306,1759.0,26.0,15.0,0.0,0.0,5.0,1713.0,73.0,88.0,1647.0,24805.0,1832.0,338.0,99.0,173.0,122.0,166.0,96.0,41.0,175.0,1840,1612,228,56,23,978200,0.76557401,212336.55800000008,87
123,54353,54799,WY,56023978400,46.766000000000005,41.8197691,-110.55620890000002,Utah,University of Utah Hospitals and Clinics,Comprehensive Stroke Center,-111.837,40.77304,158.17918840000002,110,2018,"Census Tract 9784, Lincoln County, Wyoming",978400,56,23,56023978400,3646,1873,1773,37.7,559,3439.0,20.0,9.0,15.0,4.0,13.0,3378.0,144.0,243.0,3186.0,34560.0,3539.0,349.0,218.0,359.0,386.0,375.0,284.0,128.0,488.0,3602,3360,242,56,23,978400,77.96262242,210495.32400000005,91
124,54366,54813,WY,56039967701,23.552,43.4731181,-110.6886424,Utah,University of Utah Hospitals and Clinics,Comprehensive Stroke Center,-111.837,40.77304,314.5776458,99,2018,"Census Tract 9677.01, Teton County, Wyoming",967701,56,39,56039967701,2932,1502,1430,30.5,281,2816.0,0.0,0.0,7.0,0.0,206.0,2603.0,0.0,463.0,2341.0,35817.0,2771.0,233.0,166.0,241.0,455.0,393.0,204.0,53.0,494.0,2887,2497,390,56,39,967701,124.49048909999998,405949.23100000015,210
125,54373,54820,WY,56039967800,30.046,43.4286916,-110.7408967,Utah,University of Utah Hospitals and Clinics,Comprehensive Stroke Center,-111.837,40.77304,308.5892086,101,2018,"Census Tract 9678, Teton County, Wyoming",967800,56,39,56039967800,8924,4570,4354,37.9,759,8755.0,30.0,10.0,170.0,35.0,978.0,7532.0,90.0,2036.0,6524.0,42605.0,8840.0,451.0,385.0,690.0,1106.0,1192.0,900.0,360.0,1522.0,8919,7816,1103,56,39,967800,297.0112494,394819.49700000015,172
126,54392,54839,WY,56041975300,890.3739999999999,41.273162899999996,-110.7970869,Utah,University of Utah Hospitals and Clinics,Comprehensive Stroke Center,-111.837,40.77304,103.6062844,62,2018,"Census Tract 9753, Uinta County, Wyoming",975300,56,41,56041975300,7720,4021,3699,36.1,917,7306.0,111.0,18.0,15.0,0.0,239.0,6923.0,253.0,903.0,6453.0,28351.0,7467.0,1004.0,602.0,643.0,549.0,618.0,482.0,230.0,873.0,7612,6968,644,56,41,975300,8.670513739,151016.5850000001,65
127,54395,54842,WY,56023978000,1508.755,42.764051,-110.799282,Utah,University of Utah Hospitals and Clinics,Comprehensive Stroke Center,-111.837,40.77304,237.3716262,111,2018,"Census Tract 9780, Lincoln County, Wyoming",978000,56,23,56023978000,6575,3447,3128,45.2,1069,6402.0,21.0,8.0,3.0,0.0,8.0,6362.0,94.0,204.0,6198.0,36250.0,6475.0,730.0,382.0,642.0,759.0,778.0,579.0,310.0,882.0,6542,5567,975,56,23,978000,4.357897737,303404.55500000005,147
128,54445,54892,WY,56039967702,84.693,43.482414,-110.8750739,Utah,University of Utah Hospitals and Clinics,Comprehensive Stroke Center,-111.837,40.77304,311.27214960000003,100,2018,"Census Tract 9677.02, Teton County, Wyoming",967702,56,39,56039967702,5853,3330,2523,41.9,1152,5719.0,0.0,26.0,74.0,0.0,57.0,5562.0,50.0,547.0,5072.0,46866.0,5748.0,521.0,450.0,555.0,436.0,714.0,868.0,101.0,1301.0,5853,5374,479,56,39,967702,69.10842691,401573.2550000002,184
129,54526,54973,WY,56023978100,112.47200000000001,42.7155021,-110.97074690000001,Utah,University of Utah Hospitals and Clinics,Comprehensive Stroke Center,-111.837,40.77304,227.45711,112,2018,"Census Tract 9781, Lincoln County, Wyoming",978100,56,23,56023978100,6947,3459,3488,34.5,1092,6739.0,33.0,24.0,0.0,0.0,87.0,6595.0,143.0,324.0,6367.0,25707.0,6803.0,1238.0,486.0,517.0,533.0,547.0,731.0,117.0,469.0,6902,5984,918,56,23,978100,61.7664841,294150.7390000001,134
130,54575,55022,WY,56041975400,50.955,41.3532973,-111.0075603,Utah,University of Utah Hospitals and Clinics,Comprehensive Stroke Center,-111.837,40.77304,94.93716909,60,2018,"Census Tract 9754, Uinta County, Wyoming",975400,56,41,56041975400,6469,3165,3304,35.7,836,6173.0,49.0,0.0,0.0,0.0,192.0,5932.0,226.0,767.0,5400.0,24849.0,6314.0,982.0,339.0,914.0,659.0,595.0,395.0,73.0,503.0,6384,5088,1296,56,41,975400,126.9551565,133321.71999999997,73
