,index,Unnamed: 0,USPS,GEOID,ALAND_SQMI,ORIG_LAT,ORIG_LONG,Hospital,DEST_LAT,DEST_LONG,AERIAL_2,Unnamed: 0.1,Year,Name Returned,Tract,State,County,Geographical ID,Total Population,Pop. Male,Pop. Female,Median Age All,Pop. Over 65 Years,Pop. Race,Pop. AmInd or Alaska Alone,Pop. Asian Alone,Pop. Black or AfrAm Alone,Pop. Hawaiian or PacIsl Alone,Pop. Other Race Alone,Pop. White Alone,Two or more races,Pop. Hispanic or Latino,Pop. Not Hispanic or Latino,Median Income Last 12 Months,Pop. w Poverty Status,"Income Less than $10,000","Income $10,000-14,999","Income $15,000-24,999","Income $25,000-34,999","Income $35,000-49,999","Income $50,000-64,999","Income $65,000-74,999","Income Over $75,000",Insurance Surveyed,Insured,Noninsured,state,county,tract,POPDENSITY,DISTANCE_ROAD,DISTANCE_TIME
0,1947,1975,VT,50009950100,363.26599999999996,44.879150200000005,-71.70941859999999,Lahey Hospital & Medical Center,42.48512,-71.20485,269.08306160000006,151,2018,"Census Tract 9501, Essex County, Vermont",950100,50,9,50009950100,1764,943,821,53.6,472,1731.0,0.0,19.0,52.0,0.0,0.0,1660.0,31.0,30.0,1639.0,23453.0,1762.0,195.0,142.0,381.0,167.0,190.0,91.0,56.0,115.0,1764,1659,105,50,9,950100,4.855945781,302431.62799999974,192
1,1981,2009,VT,50009950500,248.476,44.533403,-71.77098790000001,Lahey Hospital & Medical Center,42.48512,-71.20485,232.1270759,173,2018,"Census Tract 9505, Essex County, Vermont",950500,50,9,50009950500,3321,1640,1681,47.9,800,3263.0,20.0,5.0,0.0,0.0,15.0,3223.0,28.0,49.0,3185.0,23248.0,3283.0,440.0,415.0,519.0,406.0,436.0,215.0,50.0,96.0,3321,3184,137,50,9,950500,13.36547594,274867.4209999997,173
2,2074,2102,VT,50009950200,51.857,44.8024831,-71.87539559999999,Lahey Hospital & Medical Center,42.48512,-71.20485,263.0913657,150,2018,"Census Tract 9502, Essex County, Vermont",950200,50,9,50009950200,1123,552,571,50.5,254,1084.0,0.0,11.0,10.0,0.0,0.0,1063.0,30.0,4.0,1059.0,20594.0,1111.0,198.0,160.0,218.0,86.0,129.0,96.0,31.0,49.0,1123,1081,42,50,9,950200,21.65570704,301363.19399999967,192
3,2093,2121,VT,50005957100,58.265,44.577513700000004,-71.9186093,Lahey Hospital & Medical Center,42.48512,-71.20485,239.5213431,81,2018,"Census Tract 9571, Caledonia County, Vermont",957100,50,5,50005957100,2132,1105,1027,45.3,383,2066.0,8.0,8.0,12.0,0.0,1.0,2037.0,52.0,22.0,2015.0,28521.0,2116.0,303.0,158.0,280.0,203.0,282.0,209.0,44.0,161.0,2132,2030,102,50,5,957100,36.59143568,270248.70699999976,171
4,2109,2137,VT,50005957200,17.026,44.529534600000005,-71.97475290000001,Lahey Hospital & Medical Center,42.48512,-71.20485,235.5148024,84,2018,"Census Tract 9572, Caledonia County, Vermont",957200,50,5,50005957200,2499,1236,1263,42.1,512,2460.0,0.0,0.0,0.0,0.0,0.0,2460.0,4.0,0.0,2460.0,25148.0,2399.0,308.0,216.0,462.0,266.0,379.0,154.0,45.0,151.0,2440,2382,58,50,5,957200,146.7755198,264273.2119999997,163
5,2112,2140,VT,50005957500,18.048,44.444655700000006,-71.9816114,Lahey Hospital & Medical Center,42.48512,-71.20485,226.5975777,82,2018,"Census Tract 9575, Caledonia County, Vermont",957500,50,5,50005957500,3743,1781,1962,46.5,806,3725.0,12.0,22.0,0.0,0.0,9.0,3682.0,0.0,21.0,3661.0,24946.0,3562.0,326.0,398.0,703.0,534.0,378.0,222.0,98.0,189.0,3670,3433,237,50,5,957500,207.3914007,253785.36899999972,151
6,2119,2147,VT,50019951100,105.64399999999999,44.9057393,-71.9914449,Lahey Hospital & Medical Center,42.48512,-71.20485,276.3163972,123,2018,"Census Tract 9511, Orleans County, Vermont",951100,50,19,50019951100,2164,1140,1024,49.7,548,2117.0,14.0,0.0,0.0,0.0,3.0,2100.0,37.0,58.0,2042.0,25027.0,2150.0,301.0,217.0,344.0,309.0,237.0,165.0,27.0,126.0,2164,2061,103,50,19,951100,20.48388929,315691.0889999996,188
7,2134,2162,VT,50005957900,80.553,44.3392874,-72.02086429999999,Lahey Hospital & Medical Center,42.48512,-71.20485,216.3388313,80,2018,"Census Tract 9579, Caledonia County, Vermont",957900,50,5,50005957900,2893,1465,1428,47.4,598,2823.0,0.0,7.0,53.0,0.0,0.0,2763.0,54.0,60.0,2734.0,29198.0,2858.0,342.0,206.0,452.0,272.0,345.0,296.0,94.0,280.0,2893,2764,129,50,5,957900,35.9142428,245856.64999999962,154
8,2142,2170,VT,50005957300,22.439,44.5510261,-72.0349205,Lahey Hospital & Medical Center,42.48512,-71.20485,239.1348391,85,2018,"Census Tract 9573, Caledonia County, Vermont",957300,50,5,50005957300,3346,1848,1498,31.2,423,3120.0,0.0,21.0,128.0,0.0,0.0,2971.0,143.0,32.0,2945.0,20405.0,2767.0,754.0,319.0,375.0,214.0,466.0,169.0,96.0,125.0,3346,3175,171,50,5,957300,149.1153795,267973.5909999999,154
9,2144,2172,VT,50005957400,18.342,44.460558299999995,-72.0392927,Lahey Hospital & Medical Center,42.48512,-71.20485,229.62179280000004,79,2018,"Census Tract 9574, Caledonia County, Vermont",957400,50,5,50005957400,3556,1873,1683,45.4,617,3496.0,0.0,66.0,16.0,0.0,0.0,3414.0,53.0,124.0,3290.0,22862.0,3247.0,500.0,368.0,590.0,386.0,448.0,124.0,101.0,216.0,3318,3110,208,50,5,957400,193.8719878,258787.93199999962,152
10,2178,2206,VT,50019951200,29.345,44.9411035,-72.100421,Lahey Hospital & Medical Center,42.48512,-71.20485,282.2545595,132,2018,"Census Tract 9512, Orleans County, Vermont",951200,50,19,50019951200,2562,1236,1326,46.5,571,2503.0,0.0,20.0,2.0,0.0,47.0,2434.0,59.0,26.0,2434.0,27726.0,2536.0,339.0,191.0,361.0,398.0,230.0,197.0,54.0,183.0,2536,2429,107,50,19,951200,87.30618504,316577.8999999996,178
11,2179,2207,VT,50019951900,89.42399999999999,44.8157392,-72.1014813,Lahey Hospital & Medical Center,42.48512,-71.20485,268.8531456,126,2018,"Census Tract 9519, Orleans County, Vermont",951900,50,19,50019951900,2388,1199,1189,44.1,419,2316.0,26.0,0.0,5.0,0.0,0.0,2285.0,49.0,0.0,2285.0,26585.0,2358.0,304.0,194.0,347.0,252.0,332.0,181.0,31.0,139.0,2388,2284,104,50,19,951900,26.70424047,306210.15799999976,174
12,2181,2209,VT,50005957000,197.96200000000002,44.604351799999996,-72.10443740000001,Lahey Hospital & Medical Center,42.48512,-71.20485,246.4178548,83,2018,"Census Tract 9570, Caledonia County, Vermont",957000,50,5,50005957000,4419,2156,2263,45.6,813,4293.0,22.0,14.0,49.0,0.0,16.0,4192.0,91.0,130.0,4112.0,27699.0,4339.0,512.0,380.0,617.0,582.0,556.0,351.0,109.0,269.0,4380,4148,232,50,5,957000,22.32246593,277851.0759999996,163
13,2192,2220,VT,50017959000,64.032,44.1193206,-72.117434,Lahey Hospital & Medical Center,42.48512,-71.20485,196.07315569999997,18,2018,"Census Tract 9590, Orange County, Vermont",959000,50,17,50017959000,2182,981,1201,44.8,515,2139.0,26.0,21.0,8.0,16.0,18.0,2050.0,18.0,20.0,2030.0,23500.0,2157.0,311.0,196.0,353.0,153.0,300.0,164.0,47.0,130.0,2182,2102,80,50,17,959000,34.07671164,221561.06099999975,152
14,2197,2225,VT,50005957600,60.732,44.437503899999996,-72.12482179999999,Lahey Hospital & Medical Center,42.48512,-71.20485,229.33027830000003,86,2018,"Census Tract 9576, Caledonia County, Vermont",957600,50,5,50005957600,2276,1061,1215,51.3,534,2256.0,7.0,18.0,31.0,0.0,0.0,2200.0,20.0,25.0,2175.0,29462.0,2276.0,342.0,189.0,270.0,285.0,229.0,236.0,109.0,235.0,2276,2215,61,50,5,957600,37.47612461,257123.26699999959,153
15,2204,2232,VT,50019951800,43.254,44.7702278,-72.149733,Lahey Hospital & Medical Center,42.48512,-71.20485,265.086494,125,2018,"Census Tract 9518, Orleans County, Vermont",951800,50,19,50019951800,2594,1255,1339,49.8,662,2482.0,15.0,4.0,12.0,0.0,5.0,2446.0,66.0,6.0,2445.0,24530.0,2425.0,344.0,263.0,417.0,321.0,292.0,228.0,42.0,103.0,2481,2398,83,50,19,951800,59.97133213,298834.5419999996,164
16,2209,2237,VT,50017959800,29.604,44.012176399999994,-72.1582963,Lahey Hospital & Medical Center,42.48512,-71.20485,186.48336799999998,138,2018,"Census Tract 9598, Orange County, Vermont",959800,50,17,50017959800,2719,1422,1297,40.0,496,2672.0,0.0,3.0,3.0,0.0,0.0,2666.0,16.0,76.0,2590.0,33990.0,2633.0,301.0,166.0,307.0,254.0,490.0,252.0,85.0,159.0,2703,2545,158,50,17,959800,91.84569653,210577.37799999965,140
17,2214,2242,VT,50019951300,19.652,44.959725399999996,-72.1774312,Lahey Hospital & Medical Center,42.48512,-71.20485,285.89025730000003,130,2018,"Census Tract 9513, Orleans County, Vermont",951300,50,19,50019951300,1795,831,964,47.4,449,1764.0,0.0,18.0,0.0,0.0,0.0,1746.0,8.0,70.0,1676.0,29963.0,1764.0,227.0,123.0,192.0,206.0,213.0,199.0,56.0,148.0,1795,1694,101,50,19,951300,91.33930389,322759.4499999996,175
18,2220,2249,VT,50017959700,42.808,43.936597,-72.19619329999999,Lahey Hospital & Medical Center,42.48512,-71.20485,180.2534019,135,2018,"Census Tract 9597, Orange County, Vermont",959700,50,17,50017959700,1853,906,947,44.5,385,1792.0,0.0,17.0,0.0,0.0,0.0,1775.0,41.0,0.0,1775.0,32537.0,1827.0,234.0,127.0,237.0,211.0,318.0,126.0,76.0,157.0,1853,1751,102,50,17,959700,43.28630163,203802.69999999963,149
19,2222,2251,VT,50019951400,2.6830000000000003,44.9341623,-72.19793409999998,Albany Medical Center,42.65295,-73.77582,283.4814338,127,2018,"Census Tract 9514, Orleans County, Vermont",951400,50,19,50019951400,1826,1063,763,39.0,298,1791.0,10.0,0.0,24.0,0.0,0.0,1757.0,35.0,4.0,1753.0,29393.0,1467.0,228.0,152.0,164.0,249.0,150.0,200.0,37.0,113.0,1477,1455,22,50,19,951400,680.5814387,324413.2460000006,165
20,2230,2259,VT,50005957800,137.037,44.2599285,-72.20476459999999,Lahey Hospital & Medical Center,42.48512,-71.20485,213.18034390000003,87,2018,"Census Tract 9578, Caledonia County, Vermont",957800,50,5,50005957800,2663,1295,1368,45.4,594,2632.0,20.0,26.0,17.0,0.0,4.0,2565.0,31.0,67.0,2528.0,28105.0,2624.0,346.0,209.0,349.0,290.0,372.0,211.0,84.0,191.0,2663,2553,110,50,5,957800,19.43270795,239092.02999999962,159
21,2238,2267,VT,50019951500,3.1439999999999997,44.9415975,-72.2194775,Albany Medical Center,42.65295,-73.77582,283.4468724,128,2018,"Census Tract 9515, Orleans County, Vermont",951500,50,19,50019951500,2505,1269,1236,42.1,530,2400.0,0.0,0.0,8.0,0.0,0.0,2392.0,97.0,0.0,2392.0,17666.0,2362.0,481.0,307.0,381.0,150.0,211.0,136.0,65.0,176.0,2404,2314,90,50,19,951500,796.7557252,323502.3190000006,181
22,2248,2278,VT,50019952000,75.28,44.627266299999995,-72.2494245,Albany Medical Center,42.65295,-73.77582,251.55667290000002,129,2018,"Census Tract 9520, Orleans County, Vermont",952000,50,19,50019952000,1851,841,1010,53.2,522,1802.0,2.0,0.0,3.0,0.0,0.0,1797.0,37.0,42.0,1768.0,26104.0,1755.0,283.0,123.0,271.0,212.0,226.0,133.0,30.0,144.0,1765,1722,43,50,19,952000,24.58820404,294177.0380000004,168
23,2249,2279,VT,50017959600,43.321000000000005,43.8367087,-72.24949620000001,Lahey Hospital & Medical Center,42.48512,-71.20485,172.5209971,137,2018,"Census Tract 9596, Orange County, Vermont",959600,50,17,50017959600,2571,1196,1375,46.8,475,2489.0,0.0,0.0,0.0,0.0,0.0,2489.0,63.0,31.0,2458.0,41712.0,2537.0,247.0,149.0,301.0,197.0,305.0,230.0,167.0,442.0,2571,2517,54,50,17,959600,59.34766049,194429.42699999976,144
24,2256,2286,VT,50017959102,97.34700000000001,44.084211700000004,-72.27023790000001,Lahey Hospital & Medical Center,42.48512,-71.20485,197.5780107,175,2018,"Census Tract 9591.02, Orange County, Vermont",959102,50,17,50017959102,2533,1243,1290,43.6,432,2456.0,13.0,8.0,22.0,0.0,3.0,2410.0,57.0,20.0,2393.0,28727.0,2490.0,346.0,217.0,339.0,230.0,329.0,269.0,61.0,165.0,2533,2393,140,50,17,959102,26.02031906,223568.76799999975,157
25,2280,2310,VT,50027965000,44.585,43.7776111,-72.3239806,Lahey Hospital & Medical Center,42.48512,-71.20485,170.0252385,60,2018,"Census Tract 9650, Windsor County, Vermont",965000,50,27,50027965000,3335,1621,1714,45.0,587,3281.0,0.0,48.0,4.0,37.0,71.0,3121.0,34.0,58.0,3101.0,47313.0,3243.0,254.0,173.0,205.0,255.0,401.0,292.0,115.0,797.0,3310,3195,115,50,27,965000,74.80094202,192086.5239999999,148
26,2283,2313,VT,50027965600,4.758,43.6405229,-72.32981090000001,UMass Memorial Medical Center √¢‚Ç¨‚Äú University Campus,42.27625,-71.76208000000001,158.48008080000002,67,2018,"Census Tract 9656, Windsor County, Vermont",965600,50,27,50027965600,3932,1925,2007,41.6,794,3771.0,0.0,171.0,56.0,0.0,9.0,3535.0,101.0,81.0,3468.0,31223.0,3851.0,371.0,381.0,578.0,499.0,428.0,294.0,269.0,370.0,3932,3829,103,50,27,965600,826.3976461,182997.38200000004,140
27,2289,2319,VT,50023954000,101.103,44.3325772,-72.3474396,Albany Medical Center,42.65295,-73.77582,219.472756,159,2018,"Census Tract 9540, Washington County, Vermont",954000,50,23,50023954000,4394,2066,2328,44.7,792,4198.0,0.0,59.0,0.0,11.0,7.0,4121.0,166.0,30.0,4091.0,29477.0,4299.0,511.0,371.0,511.0,498.0,557.0,338.0,152.0,352.0,4394,4226,168,50,23,954000,43.46062926,260737.65000000008,177
28,2290,2320,VT,50005957700,38.616,44.518713700000006,-72.348965,Albany Medical Center,42.65295,-73.77582,237.16116680000002,88,2018,"Census Tract 9577, Caledonia County, Vermont",957700,50,5,50005957700,2898,1398,1500,44.3,586,2815.0,0.0,19.0,29.0,0.0,0.0,2767.0,83.0,0.0,2767.0,25687.0,2898.0,432.0,247.0,380.0,437.0,380.0,103.0,33.0,195.0,2898,2656,242,50,5,957700,75.0466128,277581.1530000005,176
29,2291,2321,VT,50027965502,13.485,43.6869514,-72.35633680000001,Lahey Hospital & Medical Center,42.48512,-71.20485,163.1464783,177,2018,"Census Tract 9655.02, Windsor County, Vermont",965502,50,27,50027965502,2863,1196,1667,46.9,779,2719.0,0.0,26.0,87.0,0.0,0.0,2606.0,90.0,0.0,2606.0,40608.0,2749.0,258.0,139.0,351.0,178.0,587.0,282.0,110.0,406.0,2803,2662,141,50,27,965502,212.309974,185404.20999999985,138
30,2302,2332,VT,50019951700,173.745,44.763124100000006,-72.3752439,Albany Medical Center,42.65295,-73.77582,260.2035988,124,2018,"Census Tract 9517, Orleans County, Vermont",951700,50,19,50019951700,4182,2220,1962,42.6,783,4020.0,0.0,0.0,36.0,0.0,13.0,3971.0,112.0,160.0,3822.0,25041.0,4034.0,648.0,352.0,590.0,521.0,573.0,234.0,67.0,201.0,4178,3976,202,50,19,951700,24.0697574,298085.36200000055,171
31,2309,2339,VT,50017959101,77.545,44.1174435,-72.3903411,Albany Medical Center,42.65295,-73.77582,197.6707462,174,2018,"Census Tract 9591.01, Orange County, Vermont",959101,50,17,50017959101,2109,1080,1029,50.5,386,2067.0,32.0,8.0,9.0,0.0,22.0,1996.0,36.0,84.0,1934.0,30120.0,2089.0,254.0,127.0,384.0,255.0,350.0,136.0,92.0,129.0,2109,2038,71,50,17,959101,27.19711135,240423.14000000013,160
32,2315,2345,VT,50019951600,151.40200000000002,44.9343652,-72.4058557,Albany Medical Center,42.65295,-73.77582,276.4145648,131,2018,"Census Tract 9516, Orleans County, Vermont",951600,50,19,50019951600,5044,2471,2573,44.3,1056,4922.0,77.0,22.0,30.0,0.0,5.0,4788.0,62.0,21.0,4788.0,25707.0,4978.0,666.0,557.0,674.0,527.0,609.0,413.0,129.0,323.0,5038,4802,236,50,19,951600,33.31527985,313105.3110000006,192
33,2317,2347,VT,50017959500,164.99400000000003,43.9272625,-72.4072068,Albany Medical Center,42.65295,-73.77582,179.93880080000002,139,2018,"Census Tract 9595, Orange County, Vermont",959500,50,17,50017959500,4338,2104,2234,49.3,892,4177.0,24.0,11.0,94.0,0.0,16.0,4032.0,125.0,44.0,3997.0,31602.0,4268.0,495.0,293.0,584.0,503.0,619.0,425.0,112.0,430.0,4304,4023,281,50,17,959500,26.29186516,218873.49700000018,150
34,2319,2349,VT,50027965501,26.805999999999997,43.653032399999994,-72.41036899999999,UMass Memorial Medical Center √¢‚Ç¨‚Äú University Campus,42.27625,-71.76208000000001,161.83535569999998,176,2018,"Census Tract 9655.01, Windsor County, Vermont",965501,50,27,50027965501,2883,1396,1487,55.0,862,2785.0,10.0,5.0,9.0,0.0,0.0,2761.0,72.0,60.0,2761.0,40782.0,2857.0,182.0,176.0,296.0,263.0,543.0,284.0,142.0,428.0,2883,2817,66,50,27,965501,107.55054840000001,181377.3300000001,135
35,2324,2354,VT,50027966000,19.531,43.4753573,-72.4210442,UMass Memorial Medical Center √¢‚Ç¨‚Äú University Campus,42.27625,-71.76208000000001,143.6771311,68,2018,"Census Tract 9660, Windsor County, Vermont",966000,50,27,50027966000,3415,1601,1814,41.4,663,3300.0,0.0,43.0,14.0,0.0,83.0,3160.0,79.0,108.0,3108.0,27257.0,3215.0,458.0,211.0,598.0,532.0,535.0,220.0,141.0,90.0,3251,3014,237,50,27,966000,174.8502381,160238.44799999997,137
36,2330,2360,VT,50023954100,75.455,44.4045224,-72.4336313,Albany Medical Center,42.65295,-73.77582,222.7998389,164,2018,"Census Tract 9541, Washington County, Vermont",954100,50,23,50023954100,2490,1206,1284,49.6,475,2421.0,9.0,8.0,0.0,3.0,5.0,2396.0,44.0,52.0,2349.0,32283.0,2465.0,302.0,176.0,255.0,318.0,362.0,256.0,88.0,239.0,2490,2395,95,50,23,954100,32.99980121,262406.88800000015,171
37,2334,2365,VT,50027965700,44.854,43.58051079999999,-72.43891090000001,UMass Memorial Medical Center √¢‚Ç¨‚Äú University Campus,42.27625,-71.76208000000001,155.06829150000002,57,2018,"Census Tract 9657, Windsor County, Vermont",965700,50,27,50027965700,3443,1780,1663,47.1,648,3308.0,0.0,50.0,29.0,0.0,0.0,3229.0,135.0,0.0,3229.0,31508.0,3443.0,395.0,243.0,433.0,419.0,480.0,343.0,145.0,368.0,3443,3260,183,50,27,965700,76.76015517,172727.891,136
38,2338,2369,VT,50027966700,22.011999999999997,43.3070262,-72.4490728,Albany Medical Center,42.65295,-73.77582,130.3480619,59,2018,"Census Tract 9667, Windsor County, Vermont",966700,50,27,50027966700,4361,2394,1967,44.1,782,4284.0,2.0,77.0,75.0,0.0,10.0,4120.0,69.0,81.0,4049.0,28402.0,4021.0,614.0,264.0,629.0,491.0,466.0,456.0,37.0,280.0,4029,3758,271,50,27,966700,198.11920769999998,154852.772,117
39,2344,2375,VT,50025967000,3.404,43.1450555,-72.4629403,Albany Medical Center,42.65295,-73.77582,120.35833390000002,90,2018,"Census Tract 9670, Windham County, Vermont",967000,50,25,50025967000,2993,1379,1614,43.3,480,2895.0,7.0,18.0,105.0,0.0,0.0,2765.0,98.0,54.0,2717.0,23733.0,2953.0,498.0,304.0,368.0,478.0,281.0,122.0,47.0,166.0,2953,2847,106,50,25,967000,879.2596945,158859.55399999997,120
40,2345,2376,VT,50023955300,16.146,44.2038516,-72.46535490000001,Albany Medical Center,42.65295,-73.77582,202.3523514,153,2018,"Census Tract 9553, Washington County, Vermont",955300,50,23,50023955300,3952,1987,1965,47.5,797,3863.0,0.0,10.0,17.0,0.0,0.0,3836.0,54.0,34.0,3802.0,34767.0,3917.0,307.0,259.0,491.0,516.0,494.0,339.0,200.0,505.0,3937,3917,20,50,23,955300,244.7665056,238364.67300000016,161
41,2350,2381,VT,50027966100,43.70399999999999,43.392109399999995,-72.47678359999999,UMass Memorial Medical Center √¢‚Ç¨‚Äú University Campus,42.27625,-71.76208000000001,137.0411805,64,2018,"Census Tract 9661, Windsor County, Vermont",966100,50,27,50027966100,2771,1326,1445,47.6,691,2734.0,9.0,0.0,8.0,0.0,0.0,2717.0,33.0,19.0,2698.0,26137.0,2739.0,301.0,240.0,511.0,334.0,234.0,216.0,136.0,243.0,2771,2705,66,50,27,966100,63.40380743,155282.18400000007,133
42,2353,2384,VT,50015953400,77.895,44.5157271,-72.4800743,Albany Medical Center,42.65295,-73.77582,231.90752110000003,46,2018,"Census Tract 9534, Lamoille County, Vermont",953400,50,15,50015953400,2705,1360,1345,40.9,374,2665.0,0.0,0.0,10.0,0.0,26.0,2629.0,11.0,54.0,2601.0,31552.0,2674.0,339.0,150.0,332.0,275.0,289.0,191.0,88.0,352.0,2705,2497,208,50,15,953400,34.72623403,275521.8550000007,171
43,2371,2402,VT,50023955400,14.417,44.1659673,-72.49953990000002,Albany Medical Center,42.65295,-73.77582,197.3339346,169,2018,"Census Tract 9554, Washington County, Vermont",955400,50,23,50023955400,3798,1793,2005,44.4,663,3664.0,0.0,0.0,79.0,0.0,0.0,3585.0,102.0,85.0,3500.0,31681.0,3713.0,469.0,196.0,492.0,507.0,469.0,428.0,282.0,232.0,3798,3686,112,50,23,955400,263.4389956,233863.78500000018,141
44,2372,2403,VT,50023955100,1.401,44.203821600000005,-72.49959009999999,Albany Medical Center,42.65295,-73.77582,200.9100991,157,2018,"Census Tract 9551, Washington County, Vermont",955100,50,23,50023955100,4373,2204,2169,39.2,639,4202.0,0.0,0.0,46.0,0.0,0.0,4156.0,116.0,106.0,4050.0,29228.0,4250.0,392.0,350.0,676.0,511.0,698.0,331.0,191.0,148.0,4373,4239,134,50,23,955100,3121.341899,236560.1810000002,157
45,2377,2408,VT,50027966600,26.976,43.2829033,-72.5026385,UMass Memorial Medical Center √¢‚Ç¨‚Äú University Campus,42.27625,-71.76208000000001,127.1910088,55,2018,"Census Tract 9666, Windsor County, Vermont",966600,50,27,50027966600,4688,2114,2574,47.7,1174,4392.0,8.0,0.0,11.0,0.0,0.0,4373.0,171.0,0.0,4373.0,24967.0,4488.0,652.0,426.0,744.0,656.0,482.0,417.0,68.0,195.0,4613,4481,132,50,27,966600,173.7841044,143726.02900000016,139
46,2382,2413,VT,50025967100,38.043,43.1704749,-72.5065934,Albany Medical Center,42.65295,-73.77582,118.5182442,101,2018,"Census Tract 9671, Windham County, Vermont",967100,50,25,50025967100,2075,1047,1028,42.8,406,1997.0,0.0,0.0,1.0,19.0,0.0,1977.0,35.0,48.0,1929.0,28924.0,2002.0,271.0,179.0,283.0,218.0,261.0,163.0,72.0,144.0,2075,1936,139,50,25,967100,54.54354283,154402.77899999998,111
47,2383,2414,VT,50023955000,31.866,44.296123,-72.5069208,Albany Medical Center,42.65295,-73.77582,209.44165900000002,156,2018,"Census Tract 9550, Washington County, Vermont",955000,50,23,50023955000,2586,1235,1351,49.5,547,2464.0,0.0,16.0,24.0,0.0,0.0,2424.0,90.0,29.0,2408.0,37958.0,2554.0,273.0,165.0,244.0,245.0,340.0,248.0,187.0,284.0,2580,2508,72,50,23,955000,81.15232536,248438.54200000013,164
48,2385,2416,VT,50025967600,45.917,43.0746825,-72.50805679999999,Albany Medical Center,42.65295,-73.77582,113.7017248,97,2018,"Census Tract 9676, Windham County, Vermont",967600,50,25,50025967600,3046,1503,1543,50.2,683,3008.0,0.0,9.0,116.0,0.0,73.0,2810.0,14.0,153.0,2733.0,36024.0,2881.0,447.0,169.0,340.0,212.0,380.0,411.0,145.0,300.0,2908,2745,163,50,25,967600,66.33708648,150719.81299999988,113
49,2390,2421,VT,50023955200,2.546,44.1988057,-72.5125058,Albany Medical Center,42.65295,-73.77582,199.8974632,163,2018,"Census Tract 9552, Washington County, Vermont",955200,50,23,50023955200,4338,2029,2309,43.0,948,4336.0,1.0,24.0,51.0,0.0,0.0,4260.0,2.0,88.0,4172.0,26974.0,4210.0,681.0,272.0,443.0,547.0,663.0,386.0,67.0,123.0,4236,4138,98,50,23,955200,1703.849175,237105.8160000002,151
50,2410,2441,VT,50025967700,26.802,42.995191600000005,-72.5298301,Albany Medical Center,42.65295,-73.77582,108.7495385,98,2018,"Census Tract 9677, Windham County, Vermont",967700,50,25,50025967700,2637,1368,1269,37.4,462,2578.0,20.0,13.0,75.0,0.0,9.0,2461.0,36.0,54.0,2431.0,21918.0,2119.0,535.0,237.0,365.0,269.0,255.0,139.0,67.0,162.0,2637,2471,166,50,25,967700,98.38817999,139726.59900000002,105
51,2424,2455,VT,50017959200,40.253,44.11090479999999,-72.5415256,Albany Medical Center,42.65295,-73.77582,190.3655156,16,2018,"Census Tract 9592, Orange County, Vermont",959200,50,17,50017959200,3464,1711,1753,44.5,618,3372.0,0.0,0.0,0.0,0.0,0.0,3372.0,18.0,11.0,3361.0,32446.0,3390.0,343.0,317.0,388.0,471.0,507.0,401.0,73.0,257.0,3464,3343,121,50,17,959200,86.05569771,227148.61200000014,153
52,2432,2463,VT,50027965800,44.356,43.5943771,-72.5482791,UMass Memorial Medical Center √¢‚Ç¨‚Äú University Campus,42.27625,-71.76208000000001,159.87568100000001,63,2018,"Census Tract 9658, Windsor County, Vermont",965800,50,27,50027965800,2956,1296,1660,51.7,851,2887.0,0.0,0.0,1.0,0.0,23.0,2863.0,59.0,40.0,2846.0,30379.0,2883.0,328.0,161.0,583.0,322.0,303.0,248.0,129.0,432.0,2925,2821,104,50,27,965800,66.64261881,181696.9580000001,148
53,2436,2467,VT,50023954700,3.903,44.263509,-72.55166820000001,Albany Medical Center,42.65295,-73.77582,204.5263372,165,2018,"Census Tract 9547, Washington County, Vermont",954700,50,23,50023954700,1580,779,801,47.5,365,1543.0,0.0,32.0,0.0,0.0,0.0,1511.0,37.0,19.0,1492.0,46544.0,1580.0,145.0,63.0,112.0,109.0,189.0,149.0,153.0,266.0,1580,1561,19,50,23,954700,404.81680760000006,243415.8380000001,166
54,2441,2472,VT,50027965100,40.358000000000004,43.8284169,-72.55836090000001,UMass Memorial Medical Center √¢‚Ç¨‚Äú University Campus,42.27625,-71.76208000000001,184.2333181,56,2018,"Census Tract 9651, Windsor County, Vermont",965100,50,27,50027965100,2819,1314,1505,46.1,442,2694.0,0.0,5.0,29.0,0.0,33.0,2627.0,0.0,59.0,2575.0,26263.0,2694.0,347.0,257.0,442.0,395.0,284.0,298.0,84.0,80.0,2819,2648,171,50,27,965100,69.8498439,208652.02199999994,139
55,2454,2485,VT,50027965400,173.59900000000002,43.7405403,-72.56842490000001,UMass Memorial Medical Center √¢‚Ç¨‚Äú University Campus,42.27625,-71.76208000000001,175.4516611,62,2018,"Census Tract 9654, Windsor County, Vermont",965400,50,27,50027965400,3924,2052,1872,51.5,863,3861.0,7.0,17.0,34.0,0.0,6.0,3797.0,27.0,58.0,3751.0,38262.0,3872.0,469.0,222.0,444.0,362.0,501.0,419.0,149.0,602.0,3924,3853,71,50,27,965400,22.60381684,200117.27899999995,156
56,2455,2486,VT,50025968500,3.359,42.840377200000006,-72.5685454,Albany Medical Center,42.65295,-73.77582,101.01388349999999,100,2018,"Census Tract 9685, Windham County, Vermont",968500,50,25,50025968500,5381,2610,2771,43.2,921,5068.0,5.0,128.0,23.0,0.0,9.0,4903.0,275.0,288.0,4748.0,24041.0,5227.0,948.0,537.0,683.0,446.0,706.0,264.0,145.0,449.0,5265,4976,289,50,25,968500,1601.96487,124700.47300000001,95
57,2458,2489,VT,50023954800,0.369,44.2580266,-72.5689008,Albany Medical Center,42.65295,-73.77582,203.32223359999998,170,2018,"Census Tract 9548, Washington County, Vermont",954800,50,23,50023954800,2093,898,1195,43.7,374,2016.0,0.0,23.0,60.0,0.0,0.0,1933.0,67.0,12.0,1921.0,36114.0,2083.0,176.0,232.0,250.0,198.0,303.0,192.0,121.0,289.0,2093,2030,63,50,23,954800,5672.086721,242160.1230000002,153
58,2459,2490,VT,50015953300,37.592,44.6242619,-72.5704166,Albany Medical Center,42.65295,-73.77582,239.6414841,48,2018,"Census Tract 9533, Lamoille County, Vermont",953300,50,15,50015953300,2997,1479,1518,44.7,551,2949.0,16.0,21.0,0.0,0.0,0.0,2912.0,42.0,18.0,2894.0,31321.0,2973.0,257.0,230.0,345.0,375.0,545.0,213.0,84.0,178.0,2979,2813,166,50,15,953300,79.72440945,271371.25000000047,197
59,2465,2496,VT,50025968600,6.053999999999999,42.8839935,-72.5736107,Albany Medical Center,42.65295,-73.77582,101.6879027,93,2018,"Census Tract 9686, Windham County, Vermont",968600,50,25,50025968600,2375,1103,1272,47.7,547,2340.0,0.0,78.0,27.0,0.0,6.0,2229.0,25.0,21.0,2214.0,24101.0,2092.0,372.0,253.0,351.0,201.0,259.0,217.0,90.0,122.0,2300,2247,53,50,25,968600,392.3026098,128445.686,103
60,2470,2501,VT,50023954900,2.285,44.246936100000006,-72.5779445,Albany Medical Center,42.65295,-73.77582,201.8941635,152,2018,"Census Tract 9549, Washington County, Vermont",954900,50,23,50023954900,1732,743,989,46.9,430,1686.0,0.0,26.0,39.0,0.0,0.0,1621.0,27.0,76.0,1545.0,40038.0,1692.0,93.0,93.0,188.0,208.0,285.0,226.0,110.0,214.0,1723,1696,27,50,23,954900,757.9868709,240916.38500000024,147
61,2479,2510,VT,50023954600,3.4989999999999997,44.2782901,-72.58439200000001,Albany Medical Center,42.65295,-73.77582,204.69874950000002,168,2018,"Census Tract 9546, Washington County, Vermont",954600,50,23,50023954600,2142,985,1157,42.8,302,2058.0,0.0,82.0,47.0,0.0,0.0,1929.0,71.0,40.0,1894.0,35592.0,2123.0,283.0,166.0,194.0,205.0,239.0,157.0,79.0,382.0,2142,2070,72,50,23,954600,612.1749071,243433.73100000015,155
62,2486,2517,VT,50025968700,59.303999999999995,42.7676593,-72.58729720000001,Albany Medical Center,42.65295,-73.77582,98.19679213,104,2018,"Census Tract 9687, Windham County, Vermont",968700,50,25,50025968700,4300,2047,2253,47.8,912,4209.0,0.0,73.0,11.0,0.0,0.0,4125.0,72.0,110.0,4025.0,31656.0,4211.0,466.0,317.0,619.0,473.0,508.0,411.0,203.0,501.0,4236,4073,163,50,25,968700,72.50775664,138843.35400000002,97
63,2498,2529,VT,50023954200,78.155,44.3592122,-72.5922104,Albany Medical Center,42.65295,-73.77582,212.3579387,162,2018,"Census Tract 9542, Washington County, Vermont",954200,50,23,50023954200,2616,1337,1279,47.9,506,2560.0,31.0,18.0,14.0,0.0,6.0,2491.0,42.0,30.0,2463.0,37720.0,2593.0,308.0,153.0,269.0,251.0,330.0,310.0,114.0,346.0,2616,2466,150,50,23,954200,33.47194677,244843.61300000024,150
64,2506,2537,VT,50027966200,44.123999999999995,43.40327,-72.5959912,UMass Memorial Medical Center √¢‚Ç¨‚Äú University Campus,42.27625,-71.76208000000001,142.55617619999998,53,2018,"Census Tract 9662, Windsor County, Vermont",966200,50,27,50027966200,1620,857,763,48.5,304,1601.0,0.0,0.0,10.0,0.0,4.0,1587.0,2.0,18.0,1573.0,28684.0,1599.0,220.0,155.0,165.0,178.0,225.0,164.0,42.0,101.0,1620,1519,101,50,27,966200,36.71471308,159738.38699999996,143
65,2510,2541,VT,50025968300,30.614,42.9225376,-72.59942690000001,Albany Medical Center,42.65295,-73.77582,100.8040843,103,2018,"Census Tract 9683, Windham County, Vermont",968300,50,25,50025968300,1932,929,1003,50.4,484,1902.0,0.0,0.0,0.0,0.0,0.0,1902.0,21.0,5.0,1897.0,36120.0,1923.0,210.0,136.0,193.0,214.0,191.0,284.0,73.0,248.0,1932,1901,31,50,25,968300,63.10838179,127547.79199999997,106
66,2521,2552,VT,50023954500,36.274,44.204483200000006,-72.6075913,Albany Medical Center,42.65295,-73.77582,196.6204862,155,2018,"Census Tract 9545, Washington County, Vermont",954500,50,23,50023954500,2816,1353,1463,50.7,738,2778.0,10.0,7.0,7.0,7.0,0.0,2747.0,11.0,53.0,2694.0,25413.0,2525.0,398.0,250.0,481.0,281.0,297.0,241.0,104.0,241.0,2537,2495,42,50,23,954500,77.63136131,234653.84100000016,141
67,2525,2556,VT,50017959400,48.04,43.9216848,-72.6109151,Maine Medical Center,43.653352000000005,-70.276635,190.2344978,17,2018,"Census Tract 9594, Orange County, Vermont",959400,50,17,50017959400,4711,2452,2259,42.1,897,4644.0,3.0,3.0,10.0,0.0,12.0,4616.0,47.0,60.0,4568.0,26658.0,4267.0,805.0,444.0,529.0,520.0,678.0,441.0,76.0,376.0,4678,4498,180,50,17,959400,98.06411324,227314.06199999992,199
68,2526,2557,VT,50015953000,111.73700000000001,44.723752600000005,-72.61096459999999,Albany Medical Center,42.65295,-73.77582,248.50119280000004,50,2018,"Census Tract 9530, Lamoille County, Vermont",953000,50,15,50015953000,2297,1186,1111,44.1,348,2201.0,2.0,5.0,24.0,0.0,0.0,2170.0,73.0,24.0,2157.0,29069.0,2263.0,279.0,176.0,353.0,278.0,358.0,197.0,47.0,122.0,2297,2166,131,50,15,953000,20.55720129,284721.8050000007,200
69,2542,2573,VT,50011010300,99.63799999999999,44.9024375,-72.6218473,Albany Medical Center,42.65295,-73.77582,266.6348654,72,2018,"Census Tract 103, Franklin County, Vermont",10300,50,11,50011010300,3491,1712,1779,42.5,487,3433.0,55.0,0.0,0.0,0.0,19.0,3359.0,48.0,99.0,3306.0,23072.0,3452.0,514.0,360.0,463.0,333.0,374.0,231.0,66.0,168.0,3491,3279,212,50,11,10300,35.03683334,297856.8030000006,204
70,2556,2587,VT,50025968400,22.432,42.860186999999996,-72.6330776,UMass Memorial Medical Center √¢‚Ç¨‚Äú University Campus,42.27625,-71.76208000000001,96.5512709,95,2018,"Census Tract 9684, Windham County, Vermont",968400,50,25,50025968400,3852,1732,2120,42.8,807,3617.0,0.0,87.0,56.0,0.0,7.0,3467.0,175.0,44.0,3454.0,26421.0,3784.0,449.0,394.0,538.0,406.0,351.0,245.0,105.0,407.0,3852,3693,159,50,25,968400,171.7189729,110923.89400000003,120
71,2569,2600,VT,50015953500,51.152,44.546964200000005,-72.6422,Albany Medical Center,42.65295,-73.77582,229.47189269999996,47,2018,"Census Tract 9535, Lamoille County, Vermont",953500,50,15,50015953500,5420,2507,2913,40.2,954,5203.0,71.0,0.0,153.0,0.0,0.0,4979.0,167.0,134.0,4940.0,31589.0,5275.0,607.0,320.0,721.0,788.0,749.0,408.0,109.0,505.0,5374,5091,283,50,15,953500,105.95871129999999,260620.59500000026,193
72,2570,2601,VT,50027965900,163.631,43.5464008,-72.64277129999999,UMass Memorial Medical Center √¢‚Ç¨‚Äú University Campus,42.27625,-71.76208000000001,158.3695505,58,2018,"Census Tract 9659, Windsor County, Vermont",965900,50,27,50027965900,3119,1553,1566,49.6,661,3088.0,17.0,5.0,0.0,0.0,0.0,3066.0,7.0,17.0,3049.0,31169.0,3076.0,366.0,191.0,424.0,320.0,391.0,253.0,140.0,337.0,3119,2966,153,50,27,965900,19.06118034,192081.37299999993,167
73,2588,2619,VT,50017959300,79.086,44.0013895,-72.65747879999999,Maine Medical Center,43.653352000000005,-70.276635,195.36879150000001,136,2018,"Census Tract 9593, Orange County, Vermont",959300,50,17,50017959300,2457,1262,1195,51.4,581,2379.0,13.0,0.0,35.0,0.0,13.0,2318.0,64.0,46.0,2272.0,30918.0,2443.0,297.0,199.0,369.0,267.0,343.0,241.0,117.0,207.0,2457,2323,134,50,17,959300,31.06744557,227258.72599999997,218
74,2591,2622,VT,50025967200,132.366,43.126829799999996,-72.6580666,UMass Memorial Medical Center √¢‚Ç¨‚Äú University Campus,42.27625,-71.76208000000001,119.6536294,89,2018,"Census Tract 9672, Windham County, Vermont",967200,50,25,50025967200,3090,1522,1568,52.2,788,3029.0,0.0,12.0,0.0,1.0,5.0,3011.0,44.0,23.0,2993.0,31032.0,3047.0,380.0,262.0,378.0,362.0,432.0,280.0,104.0,293.0,3069,2888,181,50,25,967200,23.34436336,142796.88099999996,140
75,2637,2669,VT,50015953200,44.706,44.6481239,-72.6888397,Albany Medical Center,42.65295,-73.77582,238.3833786,51,2018,"Census Tract 9532, Lamoille County, Vermont",953200,50,15,50015953200,3587,1813,1774,26.4,418,3543.0,24.0,17.0,39.0,0.0,18.0,3445.0,22.0,63.0,3400.0,19060.0,3111.0,983.0,224.0,422.0,426.0,246.0,274.0,72.0,189.0,3582,3367,215,50,15,953200,80.23531517,274740.6130000006,212
76,2646,2678,VT,50027966500,119.369,43.28893970000001,-72.69291190000001,UMass Memorial Medical Center √¢‚Ç¨‚Äú University Campus,42.27625,-71.76208000000001,135.85582240000002,54,2018,"Census Tract 9665, Windsor County, Vermont",966500,50,27,50027966500,4145,2060,2085,51.4,975,4049.0,0.0,2.0,6.0,11.0,1.0,4029.0,66.0,171.0,3900.0,29435.0,4096.0,437.0,421.0,584.0,457.0,472.0,307.0,172.0,426.0,4145,3782,363,50,27,966500,34.72425839,152521.29,160
77,2659,2691,VT,50027966300,35.179,43.3953158,-72.7038222,UMass Memorial Medical Center √¢‚Ç¨‚Äú University Campus,42.27625,-71.76208000000001,146.2260186,66,2018,"Census Tract 9663, Windsor County, Vermont",966300,50,27,50027966300,1955,965,990,51.3,482,1890.0,0.0,16.0,7.0,0.0,1.0,1866.0,62.0,52.0,1826.0,28649.0,1902.0,244.0,165.0,238.0,248.0,236.0,198.0,43.0,187.0,1905,1774,131,50,27,966300,55.57292703,162329.30199999988,168
78,2661,2693,VT,50025967800,40.226,42.972753499999996,-72.70403909999999,UMass Memorial Medical Center √¢‚Ç¨‚Äú University Campus,42.27625,-71.76208000000001,109.3495719,99,2018,"Census Tract 9678, Windham County, Vermont",967800,50,25,50025967800,1806,820,986,51.4,442,1766.0,3.0,0.0,0.0,0.0,0.0,1763.0,33.0,20.0,1743.0,29694.0,1797.0,248.0,143.0,254.0,177.0,200.0,133.0,103.0,178.0,1806,1731,75,50,25,967800,44.8963357,127708.36800000006,136
79,2675,2707,VT,50015953600,72.59899999999999,44.4918064,-72.7126105,Albany Medical Center,42.65295,-73.77582,221.617087,52,2018,"Census Tract 9536, Lamoille County, Vermont",953600,50,15,50015953600,4436,2272,2164,50.7,1015,4360.0,64.0,106.0,30.0,0.0,0.0,4160.0,27.0,41.0,4119.0,37599.0,4387.0,453.0,350.0,543.0,343.0,580.0,176.0,201.0,779.0,4436,4205,231,50,15,953600,61.10277001,253574.43200000026,189
80,2680,2712,VT,50023955500,85.48299999999999,44.101125399999994,-72.7155884,Maine Medical Center,43.653352000000005,-70.276635,202.22854819999998,154,2018,"Census Tract 9555, Washington County, Vermont",955500,50,23,50023955500,6805,3786,3019,30.7,1066,6649.0,54.0,29.0,85.0,0.0,22.0,6459.0,94.0,219.0,6319.0,25498.0,5175.0,1633.0,474.0,571.0,652.0,793.0,486.0,432.0,407.0,6717,6542,175,50,23,955500,79.60647146,229955.739,233
81,2699,2731,VT,50025968200,80.013,42.8330172,-72.7374671,UMass Memorial Medical Center √¢‚Ç¨‚Äú University Campus,42.27625,-71.76208000000001,101.2022524,92,2018,"Census Tract 9682, Windham County, Vermont",968200,50,25,50025968200,1875,1027,848,43.3,407,1866.0,0.0,22.0,52.0,0.0,4.0,1788.0,3.0,37.0,1775.0,25932.0,1471.0,365.0,122.0,218.0,164.0,215.0,111.0,29.0,230.0,1875,1767,108,50,25,968200,23.43369203,122668.11400000005,128
82,2713,2745,VT,50023954300,48.236000000000004,44.368280600000006,-72.7524504,Maine Medical Center,43.653352000000005,-70.276635,213.8302987,160,2018,"Census Tract 9543, Washington County, Vermont",954300,50,23,50023954300,5141,2613,2528,37.4,666,5045.0,0.0,64.0,0.0,0.0,32.0,4949.0,58.0,86.0,4888.0,35266.0,5066.0,485.0,473.0,499.0,504.0,631.0,518.0,182.0,664.0,5120,4871,249,50,23,954300,106.5801476,244212.00799999974,229
83,2714,2746,VT,50027965200,101.618,43.8709896,-72.7530036,UMass Memorial Medical Center √¢‚Ç¨‚Äú University Campus,42.27625,-71.76208000000001,194.6778874,65,2018,"Census Tract 9652, Windsor County, Vermont",965200,50,27,50027965200,2890,1462,1428,44.1,520,2810.0,5.0,0.0,10.0,0.0,0.0,2795.0,63.0,37.0,2758.0,29333.0,2870.0,335.0,221.0,389.0,393.0,339.0,266.0,68.0,217.0,2890,2746,144,50,27,965200,28.43984333,225714.86800000025,164
84,2715,2747,VT,50011010200,90.238,44.9226629,-72.7536183,Albany Medical Center,42.65295,-73.77582,265.25998680000004,69,2018,"Census Tract 102, Franklin County, Vermont",10200,50,11,50011010200,4414,2168,2246,39.2,718,4303.0,28.0,0.0,106.0,0.0,5.0,4164.0,72.0,85.0,4079.0,29685.0,4279.0,632.0,365.0,440.0,533.0,602.0,366.0,110.0,250.0,4359,4137,222,50,11,10200,48.9150912,290600.79400000075,203
85,2733,2765,VT,50023954400,82.818,44.2976667,-72.7665027,Maine Medical Center,43.653352000000005,-70.276635,212.2137078,167,2018,"Census Tract 9544, Washington County, Vermont",954400,50,23,50023954400,3051,1492,1559,44.4,456,2993.0,77.0,30.0,0.0,6.0,4.0,2876.0,39.0,42.0,2850.0,39485.0,3013.0,326.0,200.0,230.0,247.0,555.0,332.0,159.0,358.0,3051,2955,96,50,23,954400,36.83981743,241855.1009999998,237
86,2765,2797,VT,50023955700,26.72,44.180573700000004,-72.7937244,Maine Medical Center,43.653352000000005,-70.276635,210.4734096,158,2018,"Census Tract 9557, Washington County, Vermont",955700,50,23,50023955700,1713,872,841,47.1,371,1659.0,17.0,12.0,5.0,0.0,12.0,1613.0,44.0,72.0,1558.0,40039.0,1701.0,136.0,100.0,225.0,183.0,246.0,136.0,63.0,313.0,1713,1596,117,50,23,955700,64.10928144,248299.2729999997,245
87,2772,2804,VT,50025967300,35.388000000000005,43.2103545,-72.7989245,UMass Memorial Medical Center √¢‚Ç¨‚Äú University Campus,42.27625,-71.76208000000001,134.06880479999998,96,2018,"Census Tract 9673, Windham County, Vermont",967300,50,25,50025967300,1600,822,778,54.1,407,1585.0,0.0,0.0,0.0,13.0,0.0,1572.0,13.0,0.0,1572.0,30572.0,1598.0,133.0,244.0,170.0,178.0,143.0,113.0,44.0,244.0,1600,1542,58,50,25,967300,45.21306658,162596.98599999995,174
88,2780,2812,VT,50027965300,0.634,43.870387,-72.80359250000001,UMass Memorial Medical Center √¢‚Ç¨‚Äú University Campus,42.27625,-71.76208000000001,196.36103799999998,61,2018,"Census Tract 9653, Windsor County, Vermont",965300,50,27,50027965300,308,140,168,51.9,106,303.0,0.0,0.0,0.0,0.0,0.0,303.0,5.0,3.0,300.0,20588.0,308.0,43.0,25.0,100.0,16.0,46.0,9.0,3.0,20.0,308,285,23,50,27,965300,485.8044164,221729.33900000012,173
89,2794,2827,VT,50015953100,63.19,44.6265471,-72.8153714,Albany Medical Center,42.65295,-73.77582,232.5641991,49,2018,"Census Tract 9531, Lamoille County, Vermont",953100,50,15,50015953100,3826,1974,1852,38.3,417,3736.0,19.0,9.0,6.0,0.0,0.0,3702.0,49.0,87.0,3622.0,32421.0,3765.0,313.0,339.0,545.0,403.0,625.0,283.0,113.0,349.0,3824,3589,235,50,15,953100,60.54755499,262267.70000000036,199
90,2797,2830,VT,50025967400,48.931999999999995,43.10266370000001,-72.8200136,UMass Memorial Medical Center √¢‚Ç¨‚Äú University Campus,42.27625,-71.76208000000001,126.2691216,102,2018,"Census Tract 9674, Windham County, Vermont",967400,50,25,50025967400,850,446,404,48.4,163,833.0,24.0,0.0,11.0,0.0,0.0,798.0,0.0,0.0,798.0,31921.0,822.0,104.0,49.0,91.0,133.0,120.0,66.0,43.0,73.0,850,808,42,50,25,967400,17.37104553,149879.88099999988,160
91,2827,2860,VT,50025967900,35.251,42.9654896,-72.8471074,UMass Memorial Medical Center √¢‚Ç¨‚Äú University Campus,42.27625,-71.76208000000001,117.41187430000001,105,2018,"Census Tract 9679, Windham County, Vermont",967900,50,25,50025967900,1252,579,673,48.8,300,1189.0,0.0,17.0,0.0,0.0,0.0,1172.0,52.0,18.0,1164.0,28051.0,1241.0,156.0,78.0,198.0,151.0,172.0,125.0,48.0,77.0,1252,1188,64,50,25,967900,35.51672293,138865.64,152
92,2828,2861,VT,50021962800,134.602,43.5930913,-72.84804840000001,UMass Memorial Medical Center √¢‚Ç¨‚Äú University Campus,42.27625,-71.76208000000001,171.0474715,10,2018,"Census Tract 9628, Rutland County, Vermont",962800,50,21,50021962800,2874,1450,1424,52.4,636,2815.0,2.0,76.0,0.0,0.0,3.0,2734.0,49.0,27.0,2707.0,38307.0,2828.0,239.0,148.0,326.0,368.0,436.0,308.0,104.0,400.0,2865,2749,116,50,21,962800,21.35183727,192456.2449999999,200
93,2840,2873,VT,50025968000,39.663000000000004,42.8810199,-72.86558079999999,UMass Memorial Medical Center √¢‚Ç¨‚Äú University Campus,42.27625,-71.76208000000001,112.7826413,94,2018,"Census Tract 9680, Windham County, Vermont",968000,50,25,50025968000,1517,762,755,50.9,333,1468.0,0.0,5.0,0.0,0.0,0.0,1463.0,40.0,60.0,1403.0,26820.0,1508.0,185.0,119.0,277.0,197.0,253.0,123.0,25.0,98.0,1517,1396,121,50,25,968000,38.24723294,135407.02300000016,146
94,2844,2877,VT,50025968100,36.544000000000004,42.7805148,-72.8694433,UMass Memorial Medical Center √¢‚Ç¨‚Äú University Campus,42.27625,-71.76208000000001,106.8425828,91,2018,"Census Tract 9681, Windham County, Vermont",968100,50,25,50025968100,1622,763,859,50.2,326,1554.0,0.0,21.0,8.0,0.0,2.0,1523.0,66.0,10.0,1515.0,27944.0,1620.0,240.0,122.0,220.0,167.0,221.0,140.0,36.0,148.0,1622,1520,102,50,25,968100,44.38485114,130201.22099999989,132
95,2845,2878,VT,50021964000,92.09299999999999,43.4371018,-72.8700055,UMass Memorial Medical Center √¢‚Ç¨‚Äú University Campus,42.27625,-71.76208000000001,157.5714945,13,2018,"Census Tract 9640, Rutland County, Vermont",964000,50,21,50021964000,3262,1617,1645,49.9,742,3228.0,0.0,11.0,0.0,0.0,0.0,3217.0,0.0,27.0,3190.0,31956.0,3211.0,326.0,242.0,396.0,484.0,422.0,413.0,139.0,242.0,3262,3076,186,50,21,964000,35.42071602,180729.90600000005,182
96,2846,2879,VT,50011010400,111.96,44.8127231,-72.8733041,Albany Medical Center,42.65295,-73.77582,250.73535479999998,74,2018,"Census Tract 104, Franklin County, Vermont",10400,50,11,50011010400,3119,1581,1538,43.8,497,2996.0,23.0,7.0,6.0,0.0,18.0,2942.0,91.0,85.0,2875.0,36567.0,3084.0,330.0,192.0,300.0,348.0,417.0,309.0,111.0,412.0,3110,2962,148,50,11,10400,27.85816363,274358.9270000006,194
97,2850,2883,VT,50023955600,39.927,44.1125264,-72.8740304,Maine Medical Center,43.653352000000005,-70.276635,214.8704798,161,2018,"Census Tract 9556, Washington County, Vermont",955600,50,23,50023955600,1613,802,811,43.3,379,1569.0,0.0,6.0,12.0,0.0,0.0,1551.0,16.0,26.0,1525.0,38971.0,1585.0,130.0,91.0,191.0,98.0,226.0,142.0,45.0,243.0,1613,1552,61,50,23,955600,40.39872768,247384.2749999998,258
98,2872,2905,VT,50023955800,36.442,44.226284299999996,-72.8921122,Maine Medical Center,43.653352000000005,-70.276635,219.4150176,166,2018,"Census Tract 9558, Washington County, Vermont",955800,50,23,50023955800,1244,636,608,47.4,288,1221.0,0.0,16.0,7.0,0.0,0.0,1198.0,20.0,12.0,1186.0,41368.0,1224.0,146.0,43.0,104.0,140.0,135.0,111.0,62.0,265.0,1244,1198,46,50,23,955800,34.13643598,252919.51699999982,247
99,2884,2917,VT,50021962100,92.97,43.773182,-72.9058602,UMass Memorial Medical Center √¢‚Ç¨‚Äú University Campus,42.27625,-71.76208000000001,190.64314950000002,12,2018,"Census Tract 9621, Rutland County, Vermont",962100,50,21,50021962100,1709,845,864,46.4,368,1649.0,0.0,5.0,0.0,0.0,9.0,1635.0,32.0,28.0,1616.0,33350.0,1675.0,152.0,106.0,181.0,225.0,251.0,123.0,60.0,197.0,1704,1635,69,50,21,962100,18.38227385,215559.37299999996,182
100,2889,2922,VT,50025967500,101.197,43.020419399999994,-72.90821740000001,UMass Memorial Medical Center √¢‚Ç¨‚Äú University Campus,42.27625,-71.76208000000001,125.1679767,106,2018,"Census Tract 9675, Windham County, Vermont",967500,50,25,50025967500,947,478,469,48.1,197,906.0,10.0,0.0,0.0,0.0,0.0,896.0,31.0,17.0,879.0,34938.0,937.0,91.0,48.0,121.0,118.0,158.0,90.0,35.0,94.0,947,875,72,50,25,967500,9.357984921,149236.04199999987,162
101,2894,2927,VT,50003970500,89.88600000000001,43.2134273,-72.9114454,UMass Memorial Medical Center √¢‚Ç¨‚Äú University Campus,42.27625,-71.76208000000001,140.3353195,107,2018,"Census Tract 9705, Bennington County, Vermont",970500,50,3,50003970500,1037,512,525,57.8,352,1019.0,0.0,13.0,2.0,0.0,0.0,1004.0,11.0,25.0,979.0,34514.0,1021.0,98.0,88.0,119.0,139.0,171.0,74.0,51.0,134.0,1037,990,47,50,3,970500,11.53683555,166396.3059999999,186
102,2902,2935,VT,50007002900,132.665,44.5071219,-72.9170851,Maine Medical Center,43.653352000000005,-70.276635,231.7812758,29,2018,"Census Tract 29, Chittenden County, Vermont",2900,50,7,50007002900,6539,3415,3124,44.6,912,6312.0,15.0,80.0,11.0,0.0,29.0,6177.0,178.0,70.0,6133.0,42528.0,6481.0,592.0,361.0,473.0,649.0,901.0,637.0,336.0,1160.0,6513,6294,219,50,7,2900,49.28956394,279472.8209999999,259
103,2914,2947,VT,50007003503,42.902,44.283509,-72.9269629,Maine Medical Center,43.653352000000005,-70.276635,223.9016406,35,2018,"Census Tract 35.03, Chittenden County, Vermont",3503,50,7,50007003503,1900,985,915,42.5,205,1859.0,0.0,12.0,9.0,0.0,16.0,1822.0,28.0,26.0,1804.0,38789.0,1872.0,193.0,86.0,201.0,211.0,263.0,190.0,93.0,256.0,1890,1775,115,50,7,3503,44.28697963,273060.1069999998,249
104,2933,2966,VT,50001960600,204.179,43.99875,-72.9398701,UMass Memorial Medical Center √¢‚Ç¨‚Äú University Campus,42.27625,-71.76208000000001,214.0067273,147,2018,"Census Tract 9606, Addison County, Vermont",960600,50,1,50001960600,2732,1386,1346,46.8,509,2646.0,24.0,18.0,0.0,0.0,15.0,2589.0,66.0,35.0,2556.0,30183.0,2693.0,445.0,200.0,292.0,323.0,382.0,233.0,74.0,266.0,2722,2579,143,50,1,960600,13.380416199999999,249806.24400000038,187
105,2951,2984,VT,50021962700,19.180999999999997,43.6446502,-72.95304190000002,UMass Memorial Medical Center √¢‚Ç¨‚Äú University Campus,42.27625,-71.76208000000001,180.4179923,6,2018,"Census Tract 9627, Rutland County, Vermont",962700,50,21,50021962700,4066,2094,1972,50.8,1003,3924.0,24.0,52.0,77.0,0.0,0.0,3771.0,99.0,69.0,3702.0,36613.0,4023.0,383.0,209.0,434.0,435.0,550.0,339.0,179.0,553.0,4066,4047,19,50,21,962700,211.9806058,203007.79199999996,215
106,2955,2988,VT,50011011000,77.598,44.707946,-72.9574754,Maine Medical Center,43.653352000000005,-70.276635,244.2858574,70,2018,"Census Tract 110, Franklin County, Vermont",11000,50,11,50011011000,6046,2939,3107,35.7,666,5855.0,0.0,0.0,0.0,0.0,0.0,5855.0,40.0,0.0,5855.0,39174.0,5873.0,470.0,473.0,440.0,627.0,797.0,616.0,366.0,621.0,6038,5973,65,50,11,11000,77.91437924,281153.2150000002,268
107,2960,2993,VT,50021963000,1.766,43.615416700000004,-72.9627522,UMass Memorial Medical Center √¢‚Ç¨‚Äú University Campus,42.27625,-71.76208000000001,178.13726540000002,4,2018,"Census Tract 9630, Rutland County, Vermont",963000,50,21,50021963000,4316,2043,2273,48.8,981,4245.0,0.0,267.0,7.0,0.0,0.0,3971.0,31.0,0.0,3971.0,33550.0,4264.0,432.0,220.0,639.0,423.0,770.0,366.0,166.0,354.0,4293,4198,95,50,21,963000,2443.94111,199008.36199999994,226
108,2962,2995,VT,50007002800,35.396,44.4644544,-72.9631555,Maine Medical Center,43.653352000000005,-70.276635,233.35207769999997,21,2018,"Census Tract 28, Chittenden County, Vermont",2800,50,7,50007002800,5055,2558,2497,41.4,697,4911.0,22.0,9.0,27.0,0.0,0.0,4853.0,38.0,53.0,4800.0,48456.0,4934.0,429.0,237.0,361.0,334.0,635.0,549.0,347.0,953.0,5052,4965,87,50,7,2800,142.8127472,268846.0549999998,235
109,2969,3002,VT,50011010100,128.18200000000002,44.9507744,-72.9705047,Albany Medical Center,42.65295,-73.77582,263.4000553,77,2018,"Census Tract 101, Franklin County, Vermont",10100,50,11,50011010100,7476,3771,3705,42.5,1241,7064.0,82.0,15.0,0.0,0.0,0.0,6967.0,362.0,70.0,6906.0,31406.0,7421.0,863.0,498.0,865.0,792.0,983.0,799.0,187.0,641.0,7448,7191,257,50,11,10100,58.32332153,284867.43400000065,194
110,2979,3012,VT,50021963300,2.944,43.5978333,-72.9756345,UMass Memorial Medical Center √¢‚Ç¨‚Äú University Campus,42.27625,-71.76208000000001,177.1027129,1,2018,"Census Tract 9633, Rutland County, Vermont",963300,50,21,50021963300,4995,2533,2462,47.4,1193,4896.0,0.0,0.0,36.0,0.0,4.0,4856.0,23.0,125.0,4745.0,22252.0,4564.0,936.0,547.0,713.0,476.0,577.0,385.0,102.0,229.0,4726,4533,193,50,21,963300,1696.671196,198366.48599999992,216
111,2985,3018,VT,50021963100,0.524,43.6131446,-72.9793887,UMass Memorial Medical Center √¢‚Ç¨‚Äú University Campus,42.27625,-71.76208000000001,178.6787272,0,2018,"Census Tract 9631, Rutland County, Vermont",963100,50,21,50021963100,3416,1634,1782,45.6,670,3390.0,5.0,0.0,167.0,0.0,8.0,3210.0,23.0,13.0,3197.0,22480.0,3242.0,310.0,542.0,669.0,425.0,366.0,271.0,90.0,137.0,3299,3155,144,50,21,963100,6519.083968999999,199379.85299999994,222
112,2986,3019,VT,50007003000,32.226,44.3821727,-72.9798316,Maine Medical Center,43.653352000000005,-70.276635,231.3681114,30,2018,"Census Tract 30, Chittenden County, Vermont",3000,50,7,50007003000,4137,2194,1943,36.7,448,4007.0,1.0,40.0,1.0,0.0,12.0,3953.0,117.0,25.0,3946.0,45110.0,4124.0,342.0,275.0,285.0,398.0,376.0,665.0,149.0,663.0,4118,4047,71,50,7,3000,128.3746044,265113.2809999998,237
113,2993,3026,VT,50021963400,31.308000000000003,43.5311614,-72.9891642,UMass Memorial Medical Center √¢‚Ç¨‚Äú University Campus,42.27625,-71.76208000000001,171.6860352,120,2018,"Census Tract 9634, Rutland County, Vermont",963400,50,21,50021963400,2497,1258,1239,49.4,559,2479.0,0.0,27.0,15.0,0.0,10.0,2427.0,18.0,73.0,2364.0,30138.0,2497.0,315.0,166.0,339.0,357.0,285.0,190.0,77.0,267.0,2497,2347,150,50,21,963400,79.75597291,192904.11599999992,209
114,2994,3027,VT,50021964200,85.09,43.354740299999996,-72.9911238,UMass Memorial Medical Center √¢‚Ç¨‚Äú University Campus,42.27625,-71.76208000000001,156.3856264,8,2018,"Census Tract 9642, Rutland County, Vermont",964200,50,21,50021964200,1540,732,808,45.9,346,1536.0,7.0,2.0,0.0,0.0,2.0,1525.0,2.0,32.0,1495.0,26827.0,1534.0,201.0,124.0,187.0,162.0,153.0,138.0,42.0,112.0,1540,1436,104,50,21,964200,18.09848396,190393.896,185
115,2995,3028,VT,50021963200,2.309,43.6202311,-72.99324969999999,UMass Memorial Medical Center √¢‚Ç¨‚Äú University Campus,42.27625,-71.76208000000001,179.9594801,119,2018,"Census Tract 9632, Rutland County, Vermont",963200,50,21,50021963200,2850,1455,1395,40.5,430,2798.0,4.0,0.0,4.0,0.0,0.0,2790.0,7.0,73.0,2717.0,29825.0,2657.0,292.0,220.0,415.0,355.0,370.0,180.0,132.0,287.0,2714,2535,179,50,21,963200,1234.300563,200577.88899999994,224
116,3026,3059,VT,50007002702,18.564,44.520625200000005,-73.02167829999999,Maine Medical Center,43.653352000000005,-70.276635,240.0236912,44,2018,"Census Tract 27.02, Chittenden County, Vermont",2702,50,7,50007002702,4861,2451,2410,45.8,699,4719.0,0.0,64.0,59.0,0.0,0.0,4596.0,102.0,106.0,4490.0,49240.0,4817.0,380.0,263.0,406.0,416.0,397.0,598.0,250.0,969.0,4828,4743,85,50,7,2702,261.85089419999997,277766.3759999998,248
117,3041,3074,VT,50003970600,234.47,42.9064665,-73.0308372,UMass Memorial Medical Center √¢‚Ç¨‚Äú University Campus,42.27625,-71.76208000000001,125.4803148,109,2018,"Census Tract 9706, Bennington County, Vermont",970600,50,3,50003970600,2966,1425,1541,49.9,627,2892.0,2.0,3.0,0.0,0.0,0.0,2887.0,54.0,10.0,2877.0,30048.0,2940.0,308.0,226.0,414.0,352.0,325.0,294.0,98.0,266.0,2966,2835,131,50,3,970600,12.64980595,149599.7049999999,162
118,3048,3081,VT,50021962500,7.432,43.646108,-73.036066,UMass Memorial Medical Center √¢‚Ç¨‚Äú University Campus,42.27625,-71.76208000000001,184.28735859999998,121,2018,"Census Tract 9625, Rutland County, Vermont",962500,50,21,50021962500,1696,871,825,45.4,306,1657.0,0.0,0.0,9.0,0.0,0.0,1648.0,21.0,0.0,1648.0,32011.0,1674.0,119.0,158.0,209.0,257.0,269.0,153.0,53.0,132.0,1696,1642,54,50,21,962500,228.20236809999997,206911.91399999993,214
119,3065,3098,VT,50021962400,43.331,43.7099607,-73.04845859999999,UMass Memorial Medical Center √¢‚Ç¨‚Äú University Campus,42.27625,-71.76208000000001,190.711918,5,2018,"Census Tract 9624, Rutland County, Vermont",962400,50,21,50021962400,2846,1264,1582,47.9,568,2837.0,37.0,25.0,19.0,0.0,0.0,2756.0,0.0,0.0,2756.0,30305.0,2797.0,395.0,248.0,283.0,463.0,317.0,239.0,68.0,225.0,2846,2815,31,50,21,962400,65.68045972,213328.13099999994,210
120,3066,3099,VT,50001960500,41.516000000000005,44.0978095,-73.0485314,Maine Medical Center,43.653352000000005,-70.276635,228.1826898,148,2018,"Census Tract 9605, Addison County, Vermont",960500,50,1,50001960500,3914,1905,2009,45.9,690,3906.0,13.0,77.0,88.0,0.0,0.0,3728.0,0.0,36.0,3711.0,30179.0,3860.0,475.0,294.0,632.0,361.0,542.0,291.0,148.0,378.0,3885,3689,196,50,1,960500,94.27690529,268413.7739999998,271
121,3083,3116,VT,50021962600,17.929000000000002,43.6221222,-73.06272879999999,UMass Memorial Medical Center √¢‚Ç¨‚Äú University Campus,42.27625,-71.76208000000001,183.3553326,15,2018,"Census Tract 9626, Rutland County, Vermont",962600,50,21,50021962600,2398,1202,1196,43.3,459,2362.0,0.0,0.0,0.0,0.0,34.0,2328.0,24.0,79.0,2249.0,27881.0,2386.0,202.0,159.0,417.0,346.0,301.0,158.0,107.0,94.0,2398,2216,182,50,21,962600,133.7497908,206964.6499999999,211
122,3087,3120,VT,50003970400,42.129,43.165222899999996,-73.06305309999999,UMass Memorial Medical Center √¢‚Ç¨‚Äú University Campus,42.27625,-71.76208000000001,145.28126730000002,116,2018,"Census Tract 9704, Bennington County, Vermont",970400,50,3,50003970400,4273,2019,2254,51.6,1124,4239.0,35.0,47.0,23.0,0.0,0.0,4134.0,34.0,8.0,4126.0,29090.0,4203.0,523.0,290.0,732.0,357.0,510.0,264.0,83.0,609.0,4273,4142,131,50,3,970400,101.4265708,179884.77899999992,196
123,3094,3127,VT,50001960100,81.54899999999999,44.229994500000004,-73.06665290000001,Maine Medical Center,43.653352000000005,-70.276635,232.9654249,142,2018,"Census Tract 9601, Addison County, Vermont",960100,50,1,50001960100,3928,2069,1859,42.3,498,3804.0,4.0,34.0,8.0,0.0,29.0,3729.0,83.0,50.0,3691.0,36969.0,3861.0,357.0,199.0,411.0,456.0,545.0,407.0,164.0,474.0,3915,3701,214,50,1,960100,48.167359499999996,274709.30999999976,258
124,3108,3141,VT,50021962200,39.915,43.805347600000005,-73.07532059999998,UMass Memorial Medical Center √¢‚Ç¨‚Äú University Campus,42.27625,-71.76208000000001,200.7627159,9,2018,"Census Tract 9622, Rutland County, Vermont",962200,50,21,50021962200,3796,1731,2065,46.5,793,3763.0,98.0,42.0,0.0,0.0,0.0,3623.0,8.0,39.0,3584.0,28544.0,3771.0,521.0,345.0,457.0,505.0,535.0,255.0,198.0,233.0,3796,3565,231,50,21,962200,95.10209195,223052.18100000016,196
125,3113,3146,VT,50011010800,0.987,44.810980900000004,-73.0781351,Maine Medical Center,43.653352000000005,-70.276635,258.1278551,76,2018,"Census Tract 108, Franklin County, Vermont",10800,50,11,50011010800,3293,1586,1707,35.4,526,3130.0,0.0,9.0,108.0,0.0,0.0,3013.0,114.0,0.0,3013.0,33935.0,3202.0,243.0,268.0,404.0,353.0,421.0,294.0,89.0,372.0,3262,3205,57,50,11,10800,3336.372847,298487.946,255
126,3127,3160,VT,50007003502,43.03,44.3327011,-73.08740859999999,Maine Medical Center,43.653352000000005,-70.276635,237.7527918,33,2018,"Census Tract 35.02, Chittenden County, Vermont",3502,50,7,50007003502,5181,2678,2503,40.0,622,5144.0,35.0,0.0,15.0,11.0,0.0,5083.0,11.0,35.0,5069.0,38418.0,5116.0,519.0,307.0,358.0,530.0,621.0,534.0,160.0,715.0,5181,5019,162,50,7,3502,120.40436899999999,277780.8239999998,257
127,3130,3163,VT,50021963500,73.632,43.4888551,-73.0889123,UMass Memorial Medical Center √¢‚Ç¨‚Äú University Campus,42.27625,-71.76208000000001,172.9004633,11,2018,"Census Tract 9635, Rutland County, Vermont",963500,50,21,50021963500,1799,883,916,48.9,379,1754.0,14.0,8.0,0.0,0.0,9.0,1723.0,20.0,12.0,1720.0,29518.0,1762.0,171.0,150.0,221.0,222.0,253.0,162.0,52.0,144.0,1799,1745,54,50,21,963500,24.43231204,205371.48999999993,215
128,3134,3167,VT,50011010700,1.038,44.8120192,-73.0910421,Maine Medical Center,43.653352000000005,-70.276635,259.0777754,71,2018,"Census Tract 107, Franklin County, Vermont",10700,50,11,50011010700,3531,1702,1829,34.8,334,3261.0,2.0,44.0,64.0,0.0,209.0,2942.0,241.0,130.0,2823.0,27218.0,3472.0,445.0,392.0,255.0,347.0,530.0,224.0,68.0,214.0,3509,3301,208,50,11,10700,3401.734104,299582.67199999996,256
129,3140,3173,VT,50007002701,15.56,44.541357700000006,-73.0957383,Maine Medical Center,43.653352000000005,-70.276635,246.3436758,34,2018,"Census Tract 27.01, Chittenden County, Vermont",2701,50,7,50007002701,5969,2778,3191,42.1,1006,5838.0,20.0,220.0,208.0,0.0,77.0,5313.0,93.0,235.0,5155.0,36846.0,5884.0,696.0,335.0,545.0,592.0,874.0,410.0,180.0,961.0,5950,5609,341,50,7,2701,383.6118252,284822.3909999999,257
130,3141,3174,VT,50007003100,30.076,44.4291659,-73.0963101,Maine Medical Center,43.653352000000005,-70.276635,241.8643985,43,2018,"Census Tract 31, Chittenden County, Vermont",3100,50,7,50007003100,9526,4528,4998,40.2,1479,9256.0,0.0,156.0,173.0,0.0,99.0,8828.0,188.0,148.0,8743.0,43464.0,9427.0,1123.0,369.0,861.0,634.0,990.0,1029.0,481.0,1680.0,9492,9157,335,50,7,3100,316.7309483,274767.59799999977,234
131,3144,3177,VT,50007002602,1.715,44.4868297,-73.0978698,Maine Medical Center,43.653352000000005,-70.276635,244.2347576,39,2018,"Census Tract 26.02, Chittenden County, Vermont",2602,50,7,50007002602,4504,2237,2267,35.5,532,4345.0,0.0,376.0,136.0,0.0,46.0,3787.0,110.0,153.0,3667.0,38447.0,4428.0,557.0,266.0,368.0,451.0,538.0,448.0,151.0,649.0,4504,4381,123,50,7,2602,2626.239067,276235.4529999998,250
132,3154,3187,VT,50001961000,49.722,43.9008582,-73.1035817,UMass Memorial Medical Center √¢‚Ç¨‚Äú University Campus,42.27625,-71.76208000000001,210.95708709999997,149,2018,"Census Tract 9610, Addison County, Vermont",961000,50,1,50001961000,2284,1179,1105,50.2,535,2246.0,14.0,10.0,9.0,0.0,0.0,2213.0,23.0,27.0,2186.0,31332.0,2224.0,314.0,179.0,255.0,233.0,383.0,196.0,72.0,185.0,2255,2161,94,50,1,961000,45.93540083,234759.73600000032,203
133,3160,3193,VT,50001960700,27.123,44.01525770000001,-73.1061457,UMass Memorial Medical Center √¢‚Ç¨‚Äú University Campus,42.27625,-71.76208000000001,221.9813199,145,2018,"Census Tract 9607, Addison County, Vermont",960700,50,1,50001960700,3750,1743,2007,47.2,835,3623.0,0.0,113.0,132.0,0.0,57.0,3321.0,79.0,107.0,3271.0,31415.0,3682.0,380.0,191.0,528.0,520.0,490.0,216.0,147.0,446.0,3730,3644,86,50,1,960700,138.2590421,250259.31200000038,200
134,3165,3198,VT,50003970200,47.748000000000005,43.283854999999996,-73.11165600000001,UMass Memorial Medical Center √¢‚Ç¨‚Äú University Campus,42.27625,-71.76208000000001,157.2390015,108,2018,"Census Tract 9702, Bennington County, Vermont",970200,50,3,50003970200,1918,894,1024,51.1,475,1915.0,0.0,21.0,0.0,0.0,0.0,1894.0,3.0,31.0,1863.0,33246.0,1918.0,237.0,184.0,138.0,214.0,206.0,140.0,55.0,285.0,1918,1809,109,50,3,970200,40.16922175,189006.15299999996,205
135,3167,3200,VT,50007002102,26.517,44.6227769,-73.1129248,Maine Medical Center,43.653352000000005,-70.276635,251.20515240000003,24,2018,"Census Tract 21.02, Chittenden County, Vermont",2102,50,7,50007002102,8075,3871,4204,42.6,1204,7749.0,0.0,107.0,49.0,19.0,0.0,7574.0,130.0,0.0,7574.0,36574.0,7817.0,619.0,545.0,992.0,781.0,1258.0,1031.0,294.0,670.0,8030,7755,275,50,7,2102,304.5216276,290214.56299999997,263
136,3184,3217,VT,50011010500,48.121,44.9096192,-73.123862,Maine Medical Center,43.653352000000005,-70.276635,266.70333569999997,78,2018,"Census Tract 105, Franklin County, Vermont",10500,50,11,50011010500,6530,3269,3261,44.2,974,6207.0,96.0,4.0,0.0,0.0,8.0,6099.0,254.0,75.0,6032.0,30528.0,6442.0,861.0,448.0,862.0,686.0,792.0,421.0,178.0,816.0,6480,6353,127,50,11,10500,135.6995906,312108.1779999999,255
137,3188,3221,VT,50007002601,2.985,44.494353499999995,-73.1254501,Maine Medical Center,43.653352000000005,-70.276635,246.58240759999998,20,2018,"Census Tract 26.01, Chittenden County, Vermont",2601,50,7,50007002601,5891,2771,3120,39.6,865,5770.0,0.0,461.0,115.0,0.0,22.0,5172.0,110.0,105.0,5139.0,37193.0,5880.0,557.0,259.0,636.0,644.0,862.0,700.0,233.0,687.0,5871,5612,259,50,7,2601,1973.534338,278318.1459999998,259
138,3194,3227,VT,50011010900,39.339,44.7224385,-73.1284519,Maine Medical Center,43.653352000000005,-70.276635,257.0784835,73,2018,"Census Tract 109, Franklin County, Vermont",10900,50,11,50011010900,4716,2533,2183,39.4,548,4623.0,14.0,36.0,0.0,0.0,138.0,4435.0,61.0,155.0,4418.0,36964.0,4684.0,500.0,250.0,432.0,440.0,762.0,470.0,159.0,539.0,4716,4564,152,50,11,10900,119.88103410000001,296845.45300000004,248
139,3215,3248,VT,50011010600,37.022,44.8113612,-73.14589570000001,Maine Medical Center,43.653352000000005,-70.276635,262.8542392,75,2018,"Census Tract 106, Franklin County, Vermont",10600,50,11,50011010600,6409,3096,3313,43.1,1326,6322.0,0.0,59.0,8.0,0.0,0.0,6255.0,17.0,43.0,6212.0,33891.0,6111.0,914.0,357.0,616.0,578.0,705.0,651.0,258.0,796.0,6181,5982,199,50,11,10600,173.11328400000002,304173.16000000003,260
140,3221,3254,VT,50007004002,3.4960000000000004,44.485097100000004,-73.1486771,Maine Medical Center,43.653352000000005,-70.276635,247.9364756,171,2018,"Census Tract 40.02, Chittenden County, Vermont",4002,50,7,50007004002,4502,1974,2528,45.6,948,4317.0,61.0,179.0,157.0,0.0,212.0,3708.0,57.0,378.0,3542.0,39782.0,4366.0,285.0,330.0,431.0,504.0,741.0,512.0,276.0,532.0,4470,4348,122,50,7,4002,1287.757437,279063.6819999999,253
141,3225,3259,VT,50001960800,11.704,43.9874385,-73.1523607,UMass Memorial Medical Center √¢‚Ç¨‚Äú University Campus,42.27625,-71.76208000000001,221.20755699999998,146,2018,"Census Tract 9608, Addison County, Vermont",960800,50,1,50001960800,4850,2243,2607,21.3,642,4662.0,8.0,382.0,170.0,0.0,57.0,4045.0,188.0,307.0,3891.0,7215.0,2131.0,2313.0,342.0,249.0,261.0,299.0,211.0,60.0,404.0,4730,4593,137,50,1,960800,414.3882433,249635.19600000037,217
142,3228,3262,VT,50007002200,19.539,44.545589299999996,-73.1577417,Maine Medical Center,43.653352000000005,-70.276635,251.07761319999997,25,2018,"Census Tract 22, Chittenden County, Vermont",2200,50,7,50007002200,8309,3973,4336,28.8,700,8111.0,0.0,321.0,185.0,3.0,62.0,7540.0,130.0,177.0,7390.0,21598.0,6351.0,2457.0,414.0,822.0,606.0,818.0,875.0,234.0,570.0,8219,8088,131,50,7,2200,425.25206,284868.0089999999,248
143,3232,3266,VT,50021963600,38.897,43.6527184,-73.16120500000001,UMass Memorial Medical Center √¢‚Ç¨‚Äú University Campus,42.27625,-71.76208000000001,190.816537,122,2018,"Census Tract 9636, Rutland County, Vermont",963600,50,21,50021963600,4570,2142,2428,35.0,706,4537.0,0.0,26.0,73.0,0.0,4.0,4434.0,12.0,42.0,4419.0,20735.0,3734.0,1037.0,573.0,453.0,536.0,449.0,353.0,98.0,209.0,4567,4249,318,50,21,963600,117.4897807,220257.24200000006,205
144,3235,3269,VT,50003970900,9.584,42.909155,-73.1631035,Hartford Hospital,41.75437,-72.67905,134.33336090000003,112,2018,"Census Tract 9709, Bennington County, Vermont",970900,50,3,50003970900,2114,1047,1067,40.5,273,2096.0,5.0,0.0,35.0,0.0,46.0,2010.0,18.0,71.0,2010.0,26185.0,2114.0,254.0,191.0,268.0,260.0,238.0,139.0,44.0,105.0,2114,2074,40,50,3,970900,220.5759599,155467.3130000002,192
145,3236,3270,VT,50007003301,6.135,44.419944799999996,-73.163572,Maine Medical Center,43.653352000000005,-70.276635,246.5691387,180,2018,"Census Tract 33.01, Chittenden County, Vermont",3301,50,7,50007003301,3964,1867,2097,46.6,769,3932.0,0.0,338.0,59.0,0.0,0.0,3535.0,9.0,35.0,3509.0,57011.0,3931.0,328.0,126.0,259.0,317.0,292.0,308.0,153.0,1155.0,3952,3851,101,50,7,3301,646.1287694,283229.97399999993,248
146,3254,3288,VT,50007002500,0.848,44.49396420000001,-73.1798212,Maine Medical Center,43.653352000000005,-70.276635,250.60228569999998,38,2018,"Census Tract 25, Chittenden County, Vermont",2500,50,7,50007002500,3908,2149,1759,31.8,447,3870.0,2.0,398.0,69.0,0.0,20.0,3381.0,19.0,74.0,3311.0,24375.0,3688.0,877.0,465.0,429.0,330.0,523.0,263.0,173.0,407.0,3900,3777,123,50,7,2500,4608.4905659999995,282041.7089999999,238
147,3258,3292,VT,50007003600,2.441,44.4618433,-73.1816822,Maine Medical Center,43.653352000000005,-70.276635,249.49225730000003,182,2018,"Census Tract 36, Chittenden County, Vermont",3600,50,7,50007003600,4283,2242,2041,37.7,721,4163.0,0.0,35.0,20.0,0.0,0.0,4108.0,103.0,255.0,3853.0,35253.0,4266.0,519.0,208.0,568.0,469.0,649.0,629.0,123.0,381.0,4283,4137,146,50,7,3600,1754.6087670000002,279603.48499999987,241
148,3259,3293,VT,50003971100,8.942,42.8522516,-73.1817054,Hartford Hospital,41.75437,-72.67905,128.80181059999998,118,2018,"Census Tract 9711, Bennington County, Vermont",971100,50,3,50003971100,4993,2491,2502,43.7,1079,4893.0,11.0,151.0,76.0,0.0,13.0,4642.0,17.0,184.0,4540.0,28276.0,4603.0,623.0,426.0,643.0,710.0,553.0,254.0,126.0,374.0,4703,4389,314,50,3,971100,558.3762022000001,147352.40300000017,182
149,3264,3298,VT,50007002101,24.866,44.673248,-73.184401,Maine Medical Center,43.653352000000005,-70.276635,258.6991825,42,2018,"Census Tract 21.01, Chittenden County, Vermont",2101,50,7,50007002101,2770,1341,1429,41.1,354,2643.0,10.0,17.0,0.0,0.0,0.0,2616.0,50.0,0.0,2616.0,42951.0,2693.0,239.0,130.0,178.0,257.0,476.0,388.0,123.0,403.0,2755,2670,85,50,7,2101,111.3970884,300775.548,260
150,3267,3301,VT,50021964300,42.68899999999999,43.360669200000004,-73.186323,UMass Memorial Medical Center √¢‚Ç¨‚Äú University Campus,42.27625,-71.76208000000001,167.5622977,3,2018,"Census Tract 9643, Rutland County, Vermont",964300,50,21,50021964300,1287,638,649,46.3,255,1274.0,51.0,0.0,27.0,0.0,0.0,1196.0,6.0,24.0,1191.0,29395.0,1280.0,114.0,105.0,186.0,158.0,170.0,100.0,6.0,106.0,1287,1239,48,50,21,964300,30.14828176,199876.71299999996,197
151,3273,3307,VT,50007002400,0.586,44.498103,-73.1911298,Maine Medical Center,43.653352000000005,-70.276635,251.60655809999997,28,2018,"Census Tract 24, Chittenden County, Vermont",2400,50,7,50007002400,3324,1580,1744,32.3,353,3154.0,17.0,654.0,151.0,0.0,97.0,2235.0,90.0,104.0,2165.0,22049.0,3193.0,540.0,276.0,336.0,295.0,313.0,206.0,54.0,146.0,3266,3062,204,50,7,2400,5672.3549490000005,282497.55899999995,245
152,3274,3308,VT,50021963800,65.017,43.502217,-73.19225209999999,UMass Memorial Medical Center √¢‚Ç¨‚Äú University Campus,42.27625,-71.76208000000001,179.42953559999998,7,2018,"Census Tract 9638, Rutland County, Vermont",963800,50,21,50021963800,4311,2162,2149,42.6,867,4196.0,27.0,24.0,88.0,0.0,16.0,4041.0,87.0,47.0,4037.0,25664.0,3854.0,689.0,327.0,657.0,544.0,483.0,359.0,71.0,309.0,4311,3873,438,50,21,963800,66.30573542,218237.81099999996,204
153,3276,3310,VT,50007000600,0.865,44.483394,-73.19362170000001,Maine Medical Center,43.653352000000005,-70.276635,251.21418500000001,23,2018,"Census Tract 6, Chittenden County, Vermont",600,50,7,50007000600,5274,2656,2618,23.5,548,5156.0,3.0,240.0,276.0,0.0,26.0,4611.0,82.0,161.0,4470.0,15348.0,4413.0,1638.0,586.0,566.0,517.0,426.0,373.0,117.0,286.0,5251,4997,254,50,7,600,6097.109827,280702.0119999999,239
154,3281,3315,VT,50003971200,1.6769999999999998,42.8854297,-73.1952797,Hartford Hospital,41.75437,-72.67905,132.64811540000002,115,2018,"Census Tract 9712, Bennington County, Vermont",971200,50,3,50003971200,4504,2150,2354,49.1,951,4310.0,9.0,0.0,9.0,15.0,0.0,4277.0,148.0,40.0,4237.0,22872.0,4316.0,744.0,571.0,763.0,671.0,548.0,202.0,24.0,255.0,4362,4190,172,50,3,971200,2685.74836,151928.4800000002,186
155,3286,3320,VT,50003970300,86.704,43.224819700000005,-73.1989665,UMass Memorial Medical Center √¢‚Ç¨‚Äú University Campus,42.27625,-71.76208000000001,157.92733059999998,113,2018,"Census Tract 9703, Bennington County, Vermont",970300,50,3,50003970300,1085,534,551,49.6,256,1057.0,0.0,13.0,2.0,0.0,0.0,1042.0,20.0,64.0,978.0,27893.0,1068.0,127.0,115.0,139.0,142.0,122.0,105.0,25.0,90.0,1085,1024,61,50,3,970300,12.51384019,201684.4719999999,193
156,3287,3321,VT,50007003900,1.087,44.4680807,-73.19896990000001,Maine Medical Center,43.653352000000005,-70.276635,251.02237680000002,183,2018,"Census Tract 39, Chittenden County, Vermont",3900,50,7,50007003900,6048,2805,3243,19.7,190,5916.0,5.0,293.0,100.0,4.0,29.0,5485.0,129.0,228.0,5311.0,3966.0,1321.0,4134.0,256.0,108.0,142.0,111.0,70.0,53.0,238.0,6048,5936,112,50,7,3900,5563.937443,281193.26899999985,233
157,3306,3340,VT,50007000500,0.21,44.4817554,-73.2083301,Maine Medical Center,43.653352000000005,-70.276635,252.2469537,19,2018,"Census Tract 5, Chittenden County, Vermont",500,50,7,50007000500,4618,2222,2396,22.7,246,4539.0,0.0,82.0,345.0,8.0,0.0,4104.0,79.0,126.0,4028.0,11970.0,4469.0,1839.0,557.0,565.0,432.0,418.0,153.0,69.0,143.0,4481,4238,243,50,7,500,21990.47619,281624.18799999985,244
158,3307,3341,VT,50007000800,0.521,44.4609464,-73.2086195,Maine Medical Center,43.653352000000005,-70.276635,251.47284019999998,37,2018,"Census Tract 8, Chittenden County, Vermont",800,50,7,50007000800,2524,1131,1393,34.1,256,2470.0,11.0,242.0,72.0,0.0,10.0,2135.0,27.0,39.0,2106.0,34425.0,2482.0,252.0,182.0,292.0,236.0,286.0,163.0,136.0,348.0,2524,2361,163,50,7,800,4844.52975,282034.1279999999,244
159,3308,3342,VT,50007000900,0.233,44.4714041,-73.208831,Maine Medical Center,43.653352000000005,-70.276635,251.886185,45,2018,"Census Tract 9, Chittenden County, Vermont",900,50,7,50007000900,2785,1337,1448,26.5,385,2623.0,0.0,119.0,32.0,0.0,3.0,2469.0,124.0,38.0,2444.0,19061.0,2275.0,739.0,192.0,570.0,142.0,228.0,192.0,42.0,271.0,2770,2666,104,50,7,900,11952.7897,281649.92099999986,242
160,3312,3346,VT,50003971300,46.489,42.78568,-73.2102684,Hartford Hospital,41.75437,-72.67905,122.65251,114,2018,"Census Tract 9713, Bennington County, Vermont",971300,50,3,50003971300,3431,1772,1659,45.2,573,3175.0,0.0,0.0,0.0,0.0,0.0,3175.0,231.0,0.0,3175.0,24426.0,3406.0,559.0,363.0,426.0,303.0,532.0,260.0,57.0,168.0,3431,3410,21,50,3,971300,73.80240487,143787.48400000023,184
161,3318,3352,VT,50007002301,6.4270000000000005,44.58088239999999,-73.2124218,Maine Medical Center,43.653352000000005,-70.276635,256.59011830000003,178,2018,"Census Tract 23.01, Chittenden County, Vermont",2301,50,7,50007002301,2442,1308,1134,39.8,274,2339.0,0.0,33.0,10.0,0.0,16.0,2280.0,92.0,63.0,2225.0,40824.0,2421.0,224.0,103.0,214.0,298.0,256.0,198.0,148.0,484.0,2436,2374,62,50,7,2301,379.9595457,295101.2319999999,251
162,3320,3354,VT,50007000300,2.187,44.4984489,-73.2130878,Maine Medical Center,43.653352000000005,-70.276635,253.2526476,22,2018,"Census Tract 3, Chittenden County, Vermont",300,50,7,50007000300,3739,1959,1780,30.0,269,3608.0,0.0,549.0,625.0,0.0,0.0,2434.0,101.0,155.0,2308.0,22717.0,3695.0,706.0,335.0,511.0,404.0,363.0,258.0,137.0,222.0,3739,3690,49,50,7,300,1709.6479199999999,283232.4989999999,246
163,3323,3357,VT,50003970800,43.086999999999996,42.9787706,-73.2134765,UMass Memorial Medical Center √¢‚Ç¨‚Äú University Campus,42.27625,-71.76208000000001,142.354063,111,2018,"Census Tract 9708, Bennington County, Vermont",970800,50,3,50003970800,3472,1898,1574,40.0,702,3381.0,0.0,13.0,0.0,0.0,0.0,3368.0,52.0,39.0,3329.0,32282.0,3426.0,412.0,183.0,382.0,326.0,531.0,187.0,123.0,379.0,3472,3395,77,50,3,970800,80.58114977,178070.55099999986,184
164,3328,3362,VT,50007000400,0.17800000000000002,44.483620200000004,-73.2148947,Maine Medical Center,43.653352000000005,-70.276635,252.80866009999997,26,2018,"Census Tract 4, Chittenden County, Vermont",400,50,7,50007000400,3439,1958,1481,28.9,312,3316.0,0.0,463.0,156.0,0.0,7.0,2690.0,114.0,51.0,2665.0,18319.0,3411.0,879.0,361.0,673.0,418.0,418.0,129.0,34.0,30.0,3432,3244,188,50,7,400,19320.22472,282455.96199999994,250
165,3332,3366,VT,50007001000,0.679,44.4660685,-73.2168352,Maine Medical Center,43.653352000000005,-70.276635,252.28140630000001,27,2018,"Census Tract 10, Chittenden County, Vermont",1000,50,7,50007001000,2292,1262,1030,38.2,347,2217.0,34.0,42.0,201.0,0.0,0.0,1940.0,45.0,93.0,1847.0,25542.0,2255.0,342.0,231.0,425.0,342.0,209.0,181.0,72.0,246.0,2285,2214,71,50,7,1000,3375.552283,282564.6869999999,245
166,3338,3372,VT,50007001100,0.67,44.4509355,-73.21977270000001,Maine Medical Center,43.653352000000005,-70.276635,251.933021,36,2018,"Census Tract 11, Chittenden County, Vermont",1100,50,7,50007001100,2151,1072,1079,37.3,335,2051.0,32.0,46.0,74.0,0.0,19.0,1880.0,83.0,45.0,1847.0,45377.0,2126.0,130.0,128.0,170.0,191.0,309.0,217.0,149.0,431.0,2143,2104,39,50,7,1100,3210.447761,281710.18899999995,237
167,3342,3376,VT,50003970700,42.235,43.0625213,-73.22230490000001,UMass Memorial Medical Center √¢‚Ç¨‚Äú University Campus,42.27625,-71.76208000000001,148.17891830000002,110,2018,"Census Tract 9707, Bennington County, Vermont",970700,50,3,50003970700,2559,1253,1306,50.1,644,2512.0,0.0,40.0,0.0,0.0,6.0,2466.0,39.0,43.0,2429.0,31826.0,2544.0,282.0,216.0,266.0,312.0,466.0,185.0,55.0,227.0,2559,2415,144,50,3,970700,60.58955842,181911.74299999993,187
168,3360,3394,VT,50007003501,41.25899999999999,44.3057701,-73.23563659999999,Maine Medical Center,43.653352000000005,-70.276635,248.215562,40,2018,"Census Tract 35.01, Chittenden County, Vermont",3501,50,7,50007003501,3839,1987,1852,49.0,643,3762.0,0.0,0.0,48.0,0.0,4.0,3710.0,31.0,17.0,3693.0,48853.0,3776.0,430.0,186.0,300.0,231.0,333.0,386.0,114.0,902.0,3839,3658,181,50,7,3501,93.04636564,286340.12499999994,251
169,3363,3397,VT,50007000200,2.345,44.491927000000004,-73.2388823,Maine Medical Center,43.653352000000005,-70.276635,254.9188239,41,2018,"Census Tract 2, Chittenden County, Vermont",200,50,7,50007000200,5290,2305,2985,47.5,1379,5037.0,41.0,189.0,49.0,0.0,0.0,4758.0,237.0,118.0,4654.0,33567.0,4966.0,424.0,475.0,657.0,662.0,617.0,516.0,79.0,834.0,4982,4842,140,50,7,200,2255.863539,284956.6359999999,261
170,3372,3406,VT,50007003400,24.266,44.3926737,-73.2434343,Maine Medical Center,43.653352000000005,-70.276635,251.6313457,31,2018,"Census Tract 34, Chittenden County, Vermont",3400,50,7,50007003400,7728,3676,4052,46.5,1758,7508.0,49.0,89.0,72.0,0.0,0.0,7298.0,171.0,228.0,7119.0,48794.0,7564.0,884.0,482.0,478.0,465.0,651.0,758.0,296.0,1769.0,7613,7553,60,50,7,3400,318.4702876,287641.2959999999,261
171,3374,3408,VT,50003971000,22.046,42.8819619,-73.246235,Hartford Hospital,41.75437,-72.67905,133.6940307,117,2018,"Census Tract 9710, Bennington County, Vermont",971000,50,3,50003971000,3568,1616,1952,40.7,850,3468.0,0.0,89.0,83.0,0.0,42.0,3254.0,96.0,160.0,3110.0,21000.0,2685.0,954.0,285.0,401.0,239.0,359.0,251.0,85.0,406.0,3550,3292,258,50,3,971000,161.84341830000002,154599.2780000003,187
172,3379,3413,VT,50001960300,2.476,44.16328729999999,-73.2485362,UMass Memorial Medical Center √¢‚Ç¨‚Äú University Campus,42.27625,-71.76208000000001,241.9336866,141,2018,"Census Tract 9603, Addison County, Vermont",960300,50,1,50001960300,2612,1168,1444,43.8,527,2612.0,0.0,0.0,4.0,0.0,0.0,2608.0,0.0,45.0,2563.0,31437.0,2566.0,324.0,247.0,289.0,339.0,448.0,302.0,99.0,130.0,2587,2528,59,50,1,960300,1054.927302,267620.8120000004,214
173,3391,3425,VT,50007000100,1.3319999999999999,44.5187441,-73.25408279999999,Maine Medical Center,43.653352000000005,-70.276635,257.1013555,32,2018,"Census Tract 1, Chittenden County, Vermont",100,50,7,50007000100,4353,2013,2340,39.6,688,4215.0,0.0,407.0,284.0,0.0,30.0,3494.0,91.0,142.0,3406.0,31329.0,4170.0,435.0,333.0,616.0,410.0,465.0,353.0,152.0,452.0,4353,4170,183,50,7,100,3268.0180179999998,288444.947,265
174,3399,3433,VT,50021963700,17.444000000000003,43.620605299999994,-73.2603553,UMass Memorial Medical Center √¢‚Ç¨‚Äú University Campus,42.27625,-71.76208000000001,193.00844719999998,2,2018,"Census Tract 9637, Rutland County, Vermont",963700,50,21,50021963700,2611,1290,1321,40.1,483,2554.0,14.0,0.0,0.0,0.0,9.0,2531.0,38.0,109.0,2454.0,26096.0,2567.0,300.0,285.0,321.0,408.0,209.0,232.0,53.0,82.0,2611,2450,161,50,21,963700,149.6789727,222559.34000000017,202
175,3404,3438,VT,50021962300,120.745,43.7196658,-73.2628207,UMass Memorial Medical Center √¢‚Ç¨‚Äú University Campus,42.27625,-71.76208000000001,201.7068967,14,2018,"Census Tract 9623, Rutland County, Vermont",962300,50,21,50021962300,2434,1235,1199,48.9,539,2362.0,0.0,16.0,0.0,0.0,4.0,2342.0,41.0,23.0,2329.0,29268.0,2376.0,349.0,157.0,316.0,274.0,267.0,193.0,64.0,226.0,2411,2313,98,50,21,962300,20.158184600000002,233595.70700000034,201
176,3407,3441,VT,50001960400,124.23700000000001,44.0870615,-73.2671642,UMass Memorial Medical Center √¢‚Ç¨‚Äú University Campus,42.27625,-71.76208000000001,235.455123,144,2018,"Census Tract 9604, Addison County, Vermont",960400,50,1,50001960400,5083,2616,2467,46.0,1004,4968.0,21.0,32.0,8.0,0.0,0.0,4907.0,54.0,73.0,4837.0,34433.0,5007.0,497.0,303.0,607.0,657.0,637.0,566.0,202.0,605.0,5083,4900,183,50,1,960400,40.91373745,263207.50500000035,209
177,3408,3442,VT,50007002302,10.36,44.550400399999994,-73.2684247,Maine Medical Center,43.653352000000005,-70.276635,259.437933,179,2018,"Census Tract 23.02, Chittenden County, Vermont",2302,50,7,50007002302,6606,3235,3371,44.0,1142,6369.0,15.0,66.0,112.0,0.0,0.0,6176.0,71.0,56.0,6161.0,36280.0,6397.0,643.0,422.0,854.0,691.0,755.0,665.0,329.0,989.0,6606,6337,269,50,7,2302,637.6447876,292594.54899999994,280
178,3417,3451,VT,50007003304,3.279,44.4502368,-73.276946,Maine Medical Center,43.653352000000005,-70.276635,256.2005623,181,2018,"Census Tract 33.04, Chittenden County, Vermont",3304,50,7,50007003304,6226,3029,3197,40.7,1095,6038.0,59.0,338.0,83.0,0.0,36.0,5522.0,158.0,134.0,5426.0,36148.0,5824.0,862.0,317.0,944.0,442.0,1030.0,475.0,283.0,1037.0,5870,5623,247,50,7,3304,1898.7496190000002,292063.5029999999,271
179,3420,3454,VT,50001960200,47.443999999999996,44.2031331,-73.2791964,UMass Memorial Medical Center √¢‚Ç¨‚Äú University Campus,42.27625,-71.76208000000001,246.9929179,143,2018,"Census Tract 9602, Addison County, Vermont",960200,50,1,50001960200,2736,1420,1316,48.1,496,2683.0,3.0,0.0,0.0,0.0,0.0,2680.0,31.0,35.0,2648.0,39144.0,2714.0,293.0,105.0,305.0,373.0,380.0,387.0,101.0,379.0,2736,2585,151,50,1,960200,57.66798752,273650.07100000035,214
180,3424,3458,VT,50013020200,31.333000000000002,44.6325414,-73.2835528,Maine Medical Center,43.653352000000005,-70.276635,264.0293066,133,2018,"Census Tract 202, Grand Isle County, Vermont",20200,50,13,50013020200,3859,1942,1917,47.5,712,3612.0,25.0,18.0,43.0,0.0,0.0,3526.0,209.0,93.0,3446.0,36528.0,3813.0,482.0,276.0,346.0,357.0,485.0,377.0,138.0,615.0,3855,3760,95,50,13,20200,123.16088470000001,302394.82599999994,256
181,3430,3464,VT,50013020100,50.475,44.8972103,-73.28782779999999,Maine Medical Center,43.653352000000005,-70.276635,277.27002650000003,134,2018,"Census Tract 201, Grand Isle County, Vermont",20100,50,13,50013020100,3106,1534,1572,48.2,637,3059.0,8.0,16.0,12.0,0.0,14.0,3009.0,36.0,40.0,2978.0,33595.0,3062.0,317.0,253.0,384.0,337.0,499.0,251.0,97.0,335.0,3106,2984,122,50,13,20100,61.53541357,337059.42999999993,294
182,3432,3466,VT,50001960900,176.378,43.9055842,-73.2904483,UMass Memorial Medical Center √¢‚Ç¨‚Äú University Campus,42.27625,-71.76208000000001,219.64955919999997,140,2018,"Census Tract 9609, Addison County, Vermont",960900,50,1,50001960900,5050,2543,2507,47.3,1096,4891.0,34.0,48.0,63.0,0.0,52.0,4694.0,102.0,127.0,4625.0,32475.0,4993.0,552.0,366.0,578.0,708.0,627.0,476.0,210.0,570.0,5050,4737,313,50,1,960900,28.63168876,249556.94500000039,215
