,index,Unnamed: 0,USPS,GEOID,ALAND_SQMI,TRACT_LAT,TRACT_LONG,State_x,Hospital,HOSPITAL_LONG,HOSPITAL_LAT,CT_dist,Unnamed: 0.1,Year,Name Returned,Tract,State,County,Geographical ID,Total Population,Pop. Male,Pop. Female,Median Age All,Pop. Over 65 Years,Pop. Race,Pop. AmInd or Alaska Alone,Pop. Asian Alone,Pop. Black or AfrAm Alone,Pop. Hawaiian or PacIsl Alone,Pop. Other Race Alone,Pop. White Alone,Two or more races,Pop. Hispanic or Latino,Pop. Not Hispanic or Latino,Median Income Last 12 Months,Pop. w Poverty Status,"Income Less than $10,000","Income $10,000-14,999","Income $15,000-24,999","Income $25,000-34,999","Income $35,000-49,999","Income $50,000-64,999","Income $65,000-74,999","Income Over $75,000",Insurance Surveyed,Insured,Noninsured,state,county,tract,POPDENSITY,DISTANCE_ROAD,DISTANCE_TIME
0,47116,47524,ND,38077971000,2.498,46.256092200000005,-96.60673919999999,North Dakota,Essentia Health - Fargo,-96.827792,46.831724,66.19642994406735 km,63,2018,"Census Tract 9710, Richland County, North Dakota",971000,38,77,38077971000,3845,1992,1853,34.8,489,3638.0,112.0,19.0,0.0,0.0,6.0,3501.0,178.0,102.0,3405.0,31747.0,3773.0,570.0,167.0,432.0,506.0,571.0,354.0,151.0,197.0,3817,3658,159,38,77,971000,1539.231385,73574.38700000002,47
1,47138,47547,ND,38077970900,5.894,46.3057623,-96.6169617,North Dakota,Essentia Health - Fargo,-96.827792,46.831724,60.66020630146607 km,66,2018,"Census Tract 9709, Richland County, North Dakota",970900,38,77,38077970900,4042,2318,1724,27.8,661,3839.0,85.0,22.0,116.0,0.0,113.0,3503.0,165.0,196.0,3420.0,21487.0,2966.0,1002.0,415.0,516.0,537.0,422.0,313.0,81.0,218.0,3956,3872,84,38,77,970900,685.7821512999999,69065.289,41
2,47379,47788,ND,38077971100,279.798,46.0907757,-96.704712,North Dakota,Essentia Health - Fargo,-96.827792,46.831724,82.90490057646824 km,62,2018,"Census Tract 9711, Richland County, North Dakota",971100,38,77,38077971100,1296,683,613,46.2,251,1266.0,44.0,0.0,0.0,0.0,4.0,1218.0,13.0,33.0,1194.0,35288.0,1274.0,153.0,67.0,123.0,142.0,198.0,117.0,37.0,139.0,1296,1228,68,38,77,971100,4.631913023,87358.63299999996,43
3,47577,47986,ND,38017000100,2.09,46.9136081,-96.77137330000001,North Dakota,Essentia Health - Fargo,-96.827792,46.831724,10.067927709101015 km,53,2018,"Census Tract 1, Cass County, North Dakota",100,38,17,38017000100,5070,2617,2453,44.4,956,4988.0,127.0,0.0,0.0,0.0,0.0,4861.0,18.0,20.0,4841.0,47128.0,4991.0,389.0,144.0,346.0,291.0,758.0,498.0,239.0,963.0,5061,5024,37,38,17,100,2425.837321,12439.899000000003,48
4,47630,48039,ND,38017000501,0.7140000000000001,46.8850054,-96.78174250000001,North Dakota,Essentia Health - Fargo,-96.827792,46.831724,6.885885305140752 km,121,2018,"Census Tract 5.01, Cass County, North Dakota",501,38,17,38017000501,3045,1654,1391,34.0,339,2892.0,48.0,0.0,169.0,0.0,0.0,2675.0,139.0,48.0,2627.0,34212.0,2977.0,330.0,286.0,422.0,271.0,527.0,374.0,165.0,202.0,3024,2777,247,38,17,501,4264.705882,8725.332999999999,47
5,47640,48049,ND,38017000201,0.626,46.9198492,-96.7843688,North Dakota,Essentia Health - Fargo,-96.827792,46.831724,10.340879179646702 km,119,2018,"Census Tract 2.01, Cass County, North Dakota",201,38,17,38017000201,3212,1828,1384,39.9,637,3155.0,75.0,178.0,10.0,0.0,13.0,2879.0,48.0,187.0,2715.0,29040.0,3203.0,495.0,268.0,419.0,457.0,519.0,275.0,78.0,238.0,3193,3024,169,38,17,201,5130.990415,12376.678000000002,45
6,47643,48052,ND,38017000700,0.371,46.8768468,-96.7855931,North Dakota,Essentia Health - Fargo,-96.827792,46.831724,5.9597945443241755 km,48,2018,"Census Tract 7, Cass County, North Dakota",700,38,17,38017000700,1841,1092,749,31.2,172,1678.0,26.0,70.0,319.0,0.0,0.0,1263.0,163.0,10.0,1263.0,18017.0,1841.0,375.0,296.0,339.0,131.0,195.0,139.0,9.0,224.0,1841,1572,269,38,17,700,4962.264150999999,7641.834999999998,42
7,47656,48065,ND,38017000400,0.583,46.89641470000001,-96.79006779999999,North Dakota,Essentia Health - Fargo,-96.827792,46.831724,7.7454600896092085 km,51,2018,"Census Tract 4, Cass County, North Dakota",400,38,17,38017000400,3832,1988,1844,28.7,522,3719.0,27.0,120.0,23.0,0.0,5.0,3544.0,98.0,83.0,3473.0,25022.0,3504.0,871.0,336.0,398.0,422.0,554.0,343.0,68.0,221.0,3682,3323,359,38,17,400,6572.8987990000005,9679.511,38
8,47657,48066,ND,38017000801,0.639,46.867720899999995,-96.79011779999999,North Dakota,Essentia Health - Fargo,-96.827792,46.831724,4.926446478164247 km,55,2018,"Census Tract 8.01, Cass County, North Dakota",801,38,17,38017000801,3051,1494,1557,36.1,441,2966.0,70.0,19.0,40.0,0.0,0.0,2837.0,27.0,33.0,2809.0,30856.0,2983.0,215.0,265.0,584.0,282.0,513.0,255.0,76.0,263.0,3041,2763,278,38,17,801,4774.647887,6301.609999999999,33
9,47659,48068,ND,38017001002,0.95,46.8411276,-96.7910722,North Dakota,Essentia Health - Fargo,-96.827792,46.831724,2.9899734139336434 km,44,2018,"Census Tract 10.02, Cass County, North Dakota",1002,38,17,38017001002,2943,1433,1510,38.5,590,2858.0,20.0,24.0,73.0,0.0,0.0,2741.0,53.0,0.0,2741.0,26490.0,2758.0,401.0,251.0,493.0,395.0,294.0,173.0,104.0,272.0,2754,2533,221,38,17,1002,3097.894737,3332.4660000000003,19
10,47668,48077,ND,38017000202,0.841,46.9171381,-96.79296070000001,North Dakota,Essentia Health - Fargo,-96.827792,46.831724,9.859635109750503 km,120,2018,"Census Tract 2.02, Cass County, North Dakota",202,38,17,38017000202,3456,1748,1708,28.9,362,3170.0,5.0,62.0,62.0,32.0,71.0,2938.0,265.0,182.0,2860.0,25254.0,3435.0,468.0,394.0,482.0,370.0,498.0,210.0,91.0,187.0,3429,3230,199,38,17,202,4109.393579,11680.784,39
11,47672,48081,ND,38017000901,1.288,46.8547291,-96.7940048,North Dakota,Essentia Health - Fargo,-96.827792,46.831724,3.6307742244768213 km,56,2018,"Census Tract 9.01, Cass County, North Dakota",901,38,17,38017000901,5003,2488,2515,35.1,917,4964.0,56.0,25.0,180.0,0.0,54.0,4649.0,4.0,18.0,4631.0,27758.0,4863.0,466.0,374.0,767.0,452.0,797.0,293.0,149.0,267.0,4898,4567,331,38,17,901,3884.3167700000004,4699.2919999999995,23
12,47699,48108,ND,38017000502,0.33399999999999996,46.887285,-96.80123490000001,North Dakota,Essentia Health - Fargo,-96.827792,46.831724,6.500123993852235 km,122,2018,"Census Tract 5.02, Cass County, North Dakota",502,38,17,38017000502,3347,1899,1448,22.0,107,3179.0,16.0,71.0,156.0,0.0,7.0,2929.0,155.0,26.0,2910.0,12367.0,3206.0,1136.0,475.0,571.0,320.0,224.0,104.0,43.0,20.0,3347,3025,322,38,17,502,10020.95808,7748.119,35
13,47704,48113,ND,38017010306,0.9990000000000001,46.82785,-96.8035933,North Dakota,Essentia Health - Fargo,-96.827792,46.831724,1.89585562616338 km,129,2018,"Census Tract 103.06, Cass County, North Dakota",10306,38,17,38017010306,4250,1873,2377,36.9,695,4042.0,1.0,115.0,214.0,0.0,23.0,3689.0,155.0,181.0,3658.0,34330.0,4076.0,464.0,232.0,574.0,371.0,595.0,324.0,112.0,565.0,4108,3942,166,38,17,10306,4254.2542539999995,2242.071,13
14,47714,48123,ND,38017000802,0.687,46.8667398,-96.80787790000001,North Dakota,Essentia Health - Fargo,-96.827792,46.831724,4.178453313968573 km,52,2018,"Census Tract 8.02, Cass County, North Dakota",802,38,17,38017000802,4850,2420,2430,34.5,792,4616.0,27.0,303.0,312.0,0.0,0.0,3974.0,152.0,88.0,3887.0,27413.0,4657.0,732.0,397.0,704.0,607.0,832.0,265.0,108.0,272.0,4739,4265,474,38,17,802,7059.6797670000005,5023.358,31
15,47725,48134,ND,38017010307,1.254,46.8132288,-96.8092503,North Dakota,Essentia Health - Fargo,-96.827792,46.831724,2.495847777207464 km,130,2018,"Census Tract 103.07, Cass County, North Dakota",10307,38,17,38017010307,2185,1070,1115,46.8,306,2132.0,29.0,31.0,13.0,0.0,13.0,2046.0,15.0,10.0,2041.0,51000.0,2140.0,308.0,63.0,162.0,138.0,139.0,158.0,127.0,549.0,2178,2157,21,38,17,10307,1742.4242420000003,2963.4920000000006,16
16,47729,48138,ND,38017001001,0.9309999999999999,46.8400406,-96.8099487,North Dakota,Essentia Health - Fargo,-96.827792,46.831724,1.6455219066886402 km,43,2018,"Census Tract 10.01, Cass County, North Dakota",1001,38,17,38017001001,5448,2511,2937,41.2,957,5257.0,92.0,337.0,211.0,0.0,16.0,4601.0,131.0,543.0,4165.0,35090.0,5371.0,716.0,249.0,636.0,547.0,1180.0,336.0,124.0,518.0,5431,5203,228,38,17,1001,5851.772288,1944.453,10
17,47767,48176,ND,38017000904,0.988,46.8526054,-96.8224448,North Dakota,Essentia Health - Fargo,-96.827792,46.831724,2.3569006735761944 km,124,2018,"Census Tract 9.04, Cass County, North Dakota",904,38,17,38017000904,4163,1915,2248,34.5,649,3994.0,175.0,38.0,277.0,0.0,0.0,3504.0,41.0,103.0,3401.0,33060.0,4028.0,403.0,318.0,531.0,449.0,512.0,491.0,238.0,311.0,4147,3768,379,38,17,904,4213.562753,2906.494,21
18,47769,48178,ND,38017000600,3.4530000000000003,46.8778896,-96.82261650000001,North Dakota,Essentia Health - Fargo,-96.827792,46.831724,5.147292605875788 km,54,2018,"Census Tract 6, Cass County, North Dakota",600,38,17,38017000600,5085,2930,2155,29.5,488,4744.0,95.0,194.0,491.0,0.0,12.0,3952.0,308.0,283.0,3820.0,19001.0,4838.0,1074.0,479.0,720.0,582.0,614.0,388.0,12.0,204.0,4875,4244,631,38,17,600,1472.632493,5608.430000000001,23
19,47771,48180,ND,38017000300,16.410999999999998,46.9307423,-96.8236083,North Dakota,Sanford Medical Center Fargo,-96.8768,46.84551,10.305990605046901 km,46,2018,"Census Tract 3, Cass County, North Dakota",300,38,17,38017000300,4928,2850,2078,19.6,98,4855.0,20.0,431.0,324.0,0.0,60.0,4020.0,52.0,94.0,3972.0,6286.0,1833.0,2763.0,424.0,306.0,111.0,125.0,120.0,41.0,224.0,4926,4651,275,38,17,300,300.28639330000004,15667.911,28
20,47786,48196,ND,38017010303,1.925,46.818198200000005,-96.829444,North Dakota,Essentia Health - Fargo,-96.827792,46.831724,1.5089029043695188 km,47,2018,"Census Tract 103.03, Cass County, North Dakota",10303,38,17,38017010303,5675,2651,3024,35.0,734,5450.0,56.0,218.0,248.0,0.0,107.0,4821.0,180.0,208.0,4803.0,37038.0,5549.0,510.0,244.0,580.0,586.0,709.0,399.0,174.0,894.0,5640,5467,173,38,17,10303,2948.0519480000003,2055.646,11
21,47790,48200,ND,38017000903,0.504,46.857946000000005,-96.83030600000001,North Dakota,Essentia Health - Fargo,-96.827792,46.831724,2.9213427289774 km,123,2018,"Census Tract 9.03, Cass County, North Dakota",903,38,17,38017000903,3697,1877,1820,30.9,466,3426.0,9.0,19.0,0.0,0.0,0.0,3398.0,271.0,344.0,3256.0,27208.0,3697.0,350.0,251.0,656.0,555.0,542.0,344.0,37.0,217.0,3678,3068,610,38,17,903,7335.317459999999,3825.3560000000007,23
22,47817,48227,ND,38017010305,2.025,46.8400134,-96.8409908,North Dakota,Essentia Health - Fargo,-96.827792,46.831724,1.3649431762526365 km,42,2018,"Census Tract 103.05, Cass County, North Dakota",10305,38,17,38017010305,6870,2986,3884,28.8,776,6814.0,7.0,297.0,906.0,0.0,0.0,5604.0,0.0,34.0,5570.0,34028.0,6675.0,676.0,381.0,898.0,733.0,1089.0,545.0,152.0,755.0,6749,6250,499,38,17,10305,3392.592593,3927.6620000000007,15
23,47851,48261,ND,38017010106,1.281,46.8567634,-96.85176750000001,North Dakota,Sanford Medical Center Fargo,-96.8768,46.84551,2.28252278144841 km,125,2018,"Census Tract 101.06, Cass County, North Dakota",10106,38,17,38017010106,5263,2634,2629,26.6,173,4858.0,152.0,902.0,1160.0,0.0,49.0,2595.0,240.0,272.0,2372.0,21165.0,5083.0,956.0,557.0,739.0,785.0,432.0,257.0,128.0,160.0,5263,4592,671,38,17,10106,4108.508977,4448.161,15
24,47865,48275,ND,38017010107,4.157,46.886115600000004,-96.85982270000001,North Dakota,Sanford Medical Center Fargo,-96.8768,46.84551,4.69598572642991 km,126,2018,"Census Tract 101.07, Cass County, North Dakota",10107,38,17,38017010107,3276,1853,1423,30.3,341,3092.0,138.0,360.0,631.0,0.0,113.0,1850.0,157.0,289.0,1738.0,24900.0,3249.0,579.0,295.0,303.0,315.0,427.0,250.0,47.0,128.0,3276,2793,483,38,17,10107,788.0683184999999,6419.154999999999,24
25,47901,48311,ND,38017010109,1.003,46.8691874,-96.8723443,North Dakota,Sanford Medical Center Fargo,-96.8768,46.84551,2.6540110975324316 km,128,2018,"Census Tract 101.09, Cass County, North Dakota",10109,38,17,38017010109,4036,2098,1938,34.1,434,3759.0,61.0,126.0,229.0,0.0,15.0,3328.0,178.0,225.0,3153.0,36178.0,3926.0,382.0,295.0,365.0,468.0,503.0,429.0,226.0,401.0,4036,3625,411,38,17,10109,4023.928215,4131.22,19
26,47902,48312,ND,38017010108,0.9890000000000001,46.8547076,-96.8725747,North Dakota,Sanford Medical Center Fargo,-96.8768,46.84551,1.072059199270069 km,127,2018,"Census Tract 101.08, Cass County, North Dakota",10108,38,17,38017010108,5814,3079,2735,27.8,417,5619.0,12.0,127.0,445.0,0.0,0.0,5035.0,94.0,34.0,5001.0,31066.0,5713.0,565.0,396.0,650.0,1046.0,815.0,563.0,201.0,388.0,5814,5422,392,38,17,10108,5878.665319,2719.985,12
27,47949,48359,ND,38017010203,0.759,46.8735033,-96.8917,North Dakota,Sanford Medical Center Fargo,-96.8768,46.84551,3.3128931700670083 km,41,2018,"Census Tract 102.03, Cass County, North Dakota",10203,38,17,38017010203,2908,1499,1409,38.1,295,2710.0,52.0,0.0,184.0,0.0,0.0,2474.0,155.0,0.0,2474.0,33934.0,2846.0,286.0,159.0,341.0,383.0,533.0,265.0,65.0,155.0,2894,2778,116,38,17,10203,3831.357049,4418.717000000001,21
28,47958,48368,ND,38017010204,1.4380000000000002,46.8573007,-96.8956598,North Dakota,Sanford Medical Center Fargo,-96.8768,46.84551,1.9460155267797852 km,45,2018,"Census Tract 102.04, Cass County, North Dakota",10204,38,17,38017010204,6999,3755,3244,38.8,1105,6602.0,17.0,105.0,455.0,0.0,117.0,5908.0,116.0,117.0,5908.0,39923.0,6696.0,403.0,448.0,468.0,714.0,769.0,616.0,202.0,1108.0,6999,6649,350,38,17,10204,4867.176634,3368.185,15
29,47984,48394,ND,38017040500,80.98100000000001,46.796150299999994,-96.9120554,North Dakota,Sanford Medical Center Fargo,-96.8768,46.84551,6.111229035452831 km,58,2018,"Census Tract 405, Cass County, North Dakota",40500,38,17,38017040500,42926,21503,21423,31.0,3196,41266.0,63.0,985.0,1094.0,0.0,266.0,38858.0,958.0,516.0,38608.0,43102.0,42136.0,2995.0,1600.0,3212.0,5022.0,5917.0,4518.0,1832.0,6925.0,42804,41392,1412,38,17,40500,530.0749559,8748.539,23
30,48010,48421,ND,38017010201,3.6830000000000003,46.8725992,-96.9243617,North Dakota,Sanford Medical Center Fargo,-96.8768,46.84551,4.7141202195636325 km,40,2018,"Census Tract 102.01, Cass County, North Dakota",10201,38,17,38017010201,5908,2959,2949,39.5,719,5552.0,43.0,87.0,28.0,0.0,85.0,5309.0,207.0,208.0,5261.0,39878.0,5759.0,501.0,374.0,445.0,585.0,1081.0,731.0,248.0,514.0,5888,5642,246,38,17,10201,1604.12707,6803.173,16
31,48032,48443,ND,38017040400,94.87,46.949862200000005,-96.9352048,North Dakota,Sanford Medical Center Fargo,-96.8768,46.84551,12.425117764497685 km,60,2018,"Census Tract 404, Cass County, North Dakota",40400,38,17,38017040400,4364,2191,2173,36.6,350,4157.0,7.0,10.0,337.0,0.0,14.0,3789.0,123.0,80.0,3767.0,46162.0,4278.0,315.0,138.0,324.0,293.0,563.0,453.0,225.0,662.0,4355,4248,107,38,17,40400,45.99978919,18331.525999999994,16
32,48094,48506,ND,38077970800,377.285,46.3483366,-96.9761797,North Dakota,Essentia Health - Fargo,-96.827792,46.831724,54.92480725215386 km,65,2018,"Census Tract 9708, Richland County, North Dakota",970800,38,77,38077970800,2280,1131,1149,40.5,359,2232.0,18.0,2.0,0.0,0.0,28.0,2184.0,22.0,69.0,2149.0,41144.0,2253.0,227.0,111.0,160.0,190.0,292.0,282.0,112.0,309.0,2274,2225,49,38,77,970800,6.043176909,63267.68699999999,34
33,48162,48574,ND,38077970700,343.73,46.5360026,-97.00031290000001,North Dakota,Essentia Health - Fargo,-96.827792,46.831724,35.424314413906146 km,64,2018,"Census Tract 9707, Richland County, North Dakota",970700,38,77,38077970700,2049,1075,974,44.1,304,1993.0,4.0,0.0,3.0,0.0,0.0,1986.0,30.0,2.0,1984.0,40357.0,1999.0,241.0,97.0,161.0,169.0,223.0,242.0,130.0,289.0,2049,1951,98,38,77,970700,5.961074099,45490.780000000006,30
34,48209,48622,ND,38035010900,0.6970000000000001,47.9021028,-97.0255125,North Dakota,Altru Health System,-97.06803000000001,47.90943,3.281401932921932 km,99,2018,"Census Tract 109, Grand Forks County, North Dakota",10900,38,35,38035010900,1589,799,790,36.4,194,1541.0,16.0,4.0,0.0,0.0,9.0,1512.0,14.0,32.0,1497.0,38867.0,1555.0,118.0,76.0,128.0,204.0,238.0,166.0,68.0,243.0,1583,1543,40,38,35,10900,2279.770445,3349.3179999999993,24
35,48211,48624,ND,38035011100,2.748,47.8740261,-97.0262277,North Dakota,Altru Health System,-97.06803000000001,47.90943,5.02673709664719 km,93,2018,"Census Tract 111, Grand Forks County, North Dakota",11100,38,35,38035011100,4990,2613,2377,41.2,728,4885.0,0.0,72.0,35.0,0.0,7.0,4771.0,59.0,8.0,4770.0,45342.0,4937.0,428.0,188.0,390.0,313.0,642.0,539.0,213.0,862.0,4990,4945,45,38,35,11100,1815.866084,6598.597,27
36,48216,48629,ND,38035010600,0.46799999999999997,47.9189705,-97.02782420000001,North Dakota,Altru Health System,-97.06803000000001,47.90943,3.1870639885580907 km,91,2018,"Census Tract 106, Grand Forks County, North Dakota",10600,38,35,38035010600,2131,1127,1004,28.1,132,2064.0,46.0,3.0,220.0,0.0,56.0,1739.0,44.0,75.0,1728.0,22041.0,2075.0,271.0,271.0,292.0,216.0,206.0,157.0,33.0,133.0,2126,1917,209,38,35,10600,4553.4188030000005,3844.8179999999998,30
37,48235,48648,ND,38035010100,0.726,47.92930429999999,-97.0412314,North Dakota,Altru Health System,-97.06803000000001,47.90943,2.9824647450635675 km,87,2018,"Census Tract 101, Grand Forks County, North Dakota",10100,38,35,38035010100,2793,1467,1326,31.2,219,2709.0,88.0,36.0,18.0,0.0,74.0,2493.0,74.0,201.0,2365.0,28609.0,2766.0,409.0,278.0,319.0,375.0,292.0,351.0,45.0,220.0,2784,2483,301,38,35,10100,3847.1074380000005,3772.9489999999996,23
38,48237,48650,ND,38077971400,426.469,46.0951712,-97.0422982,North Dakota,Lisbon Area Health Services,-97.68144000000001,46.438375,62.31383612041492 km,149,2018,"Census Tract 9714, Richland County, North Dakota",971400,38,77,38077971400,2776,1329,1447,46.4,667,2704.0,44.0,0.0,0.0,0.0,29.0,2631.0,31.0,74.0,2613.0,30758.0,2697.0,265.0,177.0,381.0,310.0,318.0,261.0,95.0,259.0,2733,2634,99,38,77,971400,6.509265621,85519.012,59
39,48241,48654,ND,38035010700,0.499,47.9151064,-97.0447527,North Dakota,Altru Health System,-97.06803000000001,47.90943,1.8509512860957247 km,96,2018,"Census Tract 107, Grand Forks County, North Dakota",10700,38,35,38035010700,2106,1131,975,28.7,216,2028.0,29.0,0.0,121.0,0.0,24.0,1854.0,31.0,137.0,1743.0,27744.0,2027.0,273.0,199.0,247.0,306.0,295.0,178.0,45.0,101.0,2085,1948,137,38,35,10700,4220.440882,2173.887,16
40,48242,48655,ND,38097970400,4.698,47.4121497,-97.04478929999999,North Dakota,Sanford Mayville Medical Center,-97.31728000000001,47.500659999999996,22.782267967439076 km,198,2018,"Census Tract 9704, Traill County, North Dakota",970400,38,97,38097970400,1631,808,823,43.5,309,1594.0,2.0,0.0,1.0,0.0,78.0,1513.0,26.0,132.0,1459.0,30638.0,1565.0,203.0,123.0,198.0,155.0,227.0,150.0,46.0,147.0,1582,1498,84,38,97,970400,347.16900810000004,30269.768,28
41,48243,48656,ND,38035011000,0.462,47.9082983,-97.04518929999999,North Dakota,Altru Health System,-97.06803000000001,47.90943,1.7121254260443404 km,92,2018,"Census Tract 110, Grand Forks County, North Dakota",11000,38,35,38035011000,2424,1243,1181,37.9,406,2374.0,57.0,60.0,61.0,0.0,20.0,2176.0,50.0,32.0,2164.0,35428.0,2424.0,277.0,101.0,256.0,273.0,370.0,271.0,142.0,149.0,2424,2243,181,38,35,11000,5246.753247,1737.8690000000001,15
42,48260,48673,ND,38035011200,2.951,47.8800049,-97.0511276,North Dakota,Altru Health System,-97.06803000000001,47.90943,3.5073728789709984 km,88,2018,"Census Tract 112, Grand Forks County, North Dakota",11200,38,35,38035011200,8166,3815,4351,31.4,1159,8038.0,147.0,196.0,151.0,0.0,144.0,7400.0,0.0,100.0,7300.0,34723.0,7948.0,880.0,617.0,717.0,763.0,767.0,796.0,323.0,1054.0,8005,7405,600,38,35,11200,2767.19756,5615.563999999999,22
43,48266,48680,ND,38035010200,0.867,47.926060799999995,-97.05543229999999,North Dakota,Altru Health System,-97.06803000000001,47.90943,2.0750893912493713 km,86,2018,"Census Tract 102, Grand Forks County, North Dakota",10200,38,35,38035010200,3966,2018,1948,31.8,569,3815.0,76.0,40.0,146.0,0.0,25.0,3528.0,130.0,322.0,3244.0,30065.0,3945.0,477.0,335.0,633.0,383.0,597.0,382.0,130.0,279.0,3944,3459,485,38,35,10200,4574.394464,2723.739,17
44,48267,48681,ND,38035010803,1.004,47.896687899999996,-97.0558271,North Dakota,Altru Health System,-97.06803000000001,47.90943,1.6851208846511798 km,136,2018,"Census Tract 108.03, Grand Forks County, North Dakota",10803,38,35,38035010803,6102,3603,2499,30.4,723,5780.0,59.0,293.0,594.0,0.0,133.0,4701.0,257.0,418.0,4454.0,27658.0,5980.0,562.0,572.0,859.0,885.0,796.0,369.0,195.0,461.0,6067,5707,360,38,35,10803,6077.689243,2173.008,9
45,48305,48719,ND,38035010300,0.774,47.923281599999996,-97.0730082,North Dakota,Altru Health System,-97.06803000000001,47.90943,1.584453776213679 km,90,2018,"Census Tract 103, Grand Forks County, North Dakota",10300,38,35,38035010300,5256,3041,2215,20.0,57,5078.0,23.0,333.0,411.0,55.0,4.0,4252.0,136.0,139.0,4123.0,5854.0,2224.0,3273.0,483.0,370.0,189.0,202.0,61.0,25.0,23.0,5234,4989,245,38,35,10300,6790.697673999999,1988.397,12
46,48327,48741,ND,38035010801,2.539,47.9104222,-97.083656,North Dakota,Altru Health System,-97.06803000000001,47.90943,1.1733221514336738 km,97,2018,"Census Tract 108.01, Grand Forks County, North Dakota",10801,38,35,38035010801,5593,2998,2595,29.4,914,5392.0,78.0,186.0,485.0,0.0,55.0,4588.0,159.0,122.0,4539.0,25196.0,5310.0,782.0,419.0,890.0,529.0,521.0,354.0,171.0,532.0,5355,5019,336,38,35,10801,2202.835762,2292.96,10
47,48332,48746,ND,38017040600,254.171,46.7120804,-97.08488790000001,North Dakota,Sanford Medical Center Fargo,-96.8768,46.84551,21.738335504129253 km,59,2018,"Census Tract 406, Cass County, North Dakota",40600,38,17,38017040600,3058,1556,1502,37.0,350,3010.0,14.0,0.0,3.0,13.0,22.0,2958.0,16.0,82.0,2904.0,45457.0,3020.0,214.0,119.0,246.0,227.0,351.0,366.0,134.0,486.0,3044,2866,178,38,17,40600,12.03127029,30779.12499999998,19
48,48334,48748,ND,38035010804,2.003,47.897546999999996,-97.08657029999999,North Dakota,Altru Health System,-97.06803000000001,47.90943,1.914976061742536 km,137,2018,"Census Tract 108.04, Grand Forks County, North Dakota",10804,38,35,38035010804,4523,2136,2387,31.6,817,4431.0,268.0,149.0,0.0,0.0,303.0,3711.0,77.0,331.0,3683.0,29664.0,4384.0,496.0,509.0,515.0,494.0,629.0,289.0,162.0,380.0,4344,3932,412,38,35,10804,2258.112831,2958.3979999999997,12
49,48383,48797,ND,38035010400,2.34,47.9262245,-97.1047087,North Dakota,Altru Health System,-97.06803000000001,47.90943,3.317058634511774 km,84,2018,"Census Tract 104, Grand Forks County, North Dakota",10400,38,35,38035010400,5916,2833,3083,24.4,288,5729.0,621.0,351.0,160.0,0.0,206.0,4391.0,163.0,256.0,4289.0,22047.0,5892.0,1242.0,298.0,920.0,712.0,573.0,341.0,92.0,263.0,5901,5384,517,38,35,10400,2528.205128,4371.268000000001,18
50,48483,48898,ND,38017040200,427.336,47.1297474,-97.1444195,North Dakota,Sanford Medical Center Fargo,-96.8768,46.84551,37.58938675105431 km,49,2018,"Census Tract 402, Cass County, North Dakota",40200,38,17,38017040200,2272,1174,1098,41.0,356,2215.0,9.0,0.0,10.0,0.0,1.0,2195.0,17.0,9.0,2188.0,41223.0,2201.0,208.0,162.0,149.0,183.0,289.0,277.0,133.0,318.0,2244,2173,71,38,17,40200,5.31665949,48807.58199999999,26
51,48527,48943,ND,38097970100,335.421,47.592319,-97.16682540000001,North Dakota,Sanford Mayville Medical Center,-97.31728000000001,47.500659999999996,15.235652905498533 km,200,2018,"Census Tract 9701, Traill County, North Dakota",970100,38,97,38097970100,2385,1204,1181,41.7,431,2317.0,29.0,5.0,0.0,0.0,1.0,2282.0,52.0,38.0,2252.0,37246.0,2324.0,273.0,142.0,214.0,222.0,342.0,272.0,91.0,261.0,2340,2268,72,38,97,970100,7.110467143999999,23569.111000000008,15
52,48528,48944,ND,38035011700,366.07099999999997,47.811536600000004,-97.1668607,North Dakota,Altru Health System,-97.06803000000001,47.90943,13.15906815155495 km,89,2018,"Census Tract 117, Grand Forks County, North Dakota",11700,38,35,38035011700,5963,3065,2898,39.5,766,5750.0,80.0,54.0,64.0,0.0,2.0,5550.0,147.0,284.0,5289.0,43287.0,5734.0,550.0,255.0,472.0,370.0,971.0,627.0,257.0,887.0,5779,5490,289,38,35,11700,16.289189800000003,18168.843,25
53,48537,48953,ND,38097970300,514.118,47.368966799999995,-97.17139329999999,North Dakota,Sanford Mayville Medical Center,-97.31728000000001,47.500659999999996,18.31638426932788 km,197,2018,"Census Tract 9703, Traill County, North Dakota",970300,38,97,38097970300,1534,775,759,45.9,280,1501.0,10.0,0.0,0.0,0.0,0.0,1491.0,0.0,45.0,1446.0,37237.0,1501.0,113.0,59.0,144.0,164.0,270.0,191.0,22.0,167.0,1534,1406,128,38,97,970300,2.983750812,24993.198000000004,17
54,48649,49067,ND,38017040300,282.454,46.926881099999996,-97.23111750000001,North Dakota,Sanford Medical Center Fargo,-96.8768,46.84551,28.47989140009699 km,50,2018,"Census Tract 403, Cass County, North Dakota",40300,38,17,38017040300,3402,1656,1746,35.5,467,3306.0,16.0,0.0,18.0,0.0,20.0,3252.0,38.0,33.0,3239.0,41553.0,3342.0,287.0,133.0,226.0,293.0,510.0,362.0,99.0,434.0,3394,3267,127,38,17,40300,12.04443909,35544.287000000004,22
55,48766,49185,ND,38099957800,307.687,48.361064299999995,-97.2886672,North Dakota,Unity Medical Center,-97.41439,48.41145,10.86746713587245 km,73,2018,"Census Tract 9578, Walsh County, North Dakota",957800,38,99,38099957800,1780,998,782,38.0,260,1695.0,43.0,0.0,0.0,0.0,93.0,1559.0,26.0,287.0,1378.0,34536.0,1721.0,185.0,58.0,189.0,194.0,215.0,145.0,69.0,184.0,1780,1630,150,38,99,957800,5.785099793,14338.498,13
56,48904,49324,ND,38097970200,7.6339999999999995,47.4976781,-97.34639059999999,North Dakota,Sanford Mayville Medical Center,-97.31728000000001,47.500659999999996,2.218245427451027 km,199,2018,"Census Tract 9702, Traill County, North Dakota",970200,38,97,38097970200,2469,1290,1179,36.6,495,2420.0,75.0,7.0,87.0,17.0,22.0,2212.0,29.0,65.0,2172.0,23472.0,2143.0,488.0,207.0,302.0,172.0,298.0,214.0,74.0,151.0,2372,2273,99,38,97,970200,323.4215352,2393.8739999999993,11
57,48920,49340,ND,38067950500,330.585,48.6662851,-97.3532387,North Dakota,Pembina County Memorial Hospital,-97.6185,48.79231,24.02553249249394 km,21,2018,"Census Tract 9505, Pembina County, North Dakota",950500,38,67,38067950500,1448,720,728,48.9,256,1430.0,19.0,0.0,0.0,0.0,2.0,1409.0,2.0,77.0,1334.0,35757.0,1432.0,173.0,67.0,122.0,185.0,183.0,172.0,48.0,167.0,1446,1403,43,38,67,950500,4.38011404,35468.098999999995,17
58,48940,49360,ND,38067950100,234.187,48.894641899999996,-97.360467,North Dakota,Pembina County Memorial Hospital,-97.6185,48.79231,22.09571445312015 km,23,2018,"Census Tract 9501, Pembina County, North Dakota",950100,38,67,38067950100,1275,688,587,45.9,253,1227.0,18.0,8.0,5.0,0.0,0.0,1196.0,33.0,34.0,1163.0,33529.0,1260.0,150.0,70.0,135.0,141.0,144.0,117.0,37.0,158.0,1268,1224,44,38,67,950100,5.444367108,28439.076999999997,16
59,49022,49442,ND,38099957900,5.858,48.4204239,-97.38889609999998,North Dakota,Unity Medical Center,-97.41439,48.41145,2.1347364829434676 km,72,2018,"Census Tract 9579, Walsh County, North Dakota",957900,38,99,38099957900,1564,734,830,41.9,315,1539.0,111.0,0.0,8.0,0.0,12.0,1408.0,11.0,354.0,1066.0,26049.0,1433.0,230.0,89.0,246.0,213.0,251.0,95.0,21.0,32.0,1454,1331,123,38,99,957900,266.9853192,2619.2189999999996,18
60,49033,49453,ND,38035011900,7.5,47.9556796,-97.3912796,North Dakota,Altru Health System,-97.06803000000001,47.90943,24.69537283450625 km,98,2018,"Census Tract 119, Grand Forks County, North Dakota",11900,38,35,38035011900,2685,1510,1175,22.9,0,2400.0,21.0,78.0,267.0,55.0,96.0,1883.0,182.0,262.0,1735.0,27717.0,2044.0,193.0,93.0,452.0,316.0,403.0,164.0,47.0,93.0,1711,1683,28,38,35,11900,358.0,28750.785,44
61,49093,49513,ND,38073968900,298.018,46.468314899999996,-97.4108401,North Dakota,Lisbon Area Health Services,-97.68144000000001,46.438375,21.054405749474256 km,158,2018,"Census Tract 9689, Ransom County, North Dakota",968900,38,73,38073968900,1567,772,795,48.7,361,1552.0,0.0,36.0,0.0,0.0,19.0,1497.0,0.0,43.0,1473.0,30160.0,1502.0,212.0,93.0,221.0,175.0,179.0,138.0,46.0,156.0,1517,1462,55,38,73,968900,5.25807166,20873.644,21
62,49133,49554,ND,38099958000,4.36,48.421688399999994,-97.42700090000001,North Dakota,Unity Medical Center,-97.41439,48.41145,1.4722686733589863 km,70,2018,"Census Tract 9580, Walsh County, North Dakota",958000,38,99,38099958000,2570,1234,1336,40.0,455,2503.0,17.0,68.0,21.0,0.0,0.0,2397.0,38.0,252.0,2168.0,32713.0,2505.0,221.0,189.0,261.0,298.0,449.0,201.0,25.0,208.0,2570,2550,20,38,99,958000,589.4495413,1795.8570000000002,11
63,49229,49650,ND,38035011400,443.899,48.10038970000001,-97.45975870000001,North Dakota,Unity Medical Center,-97.41439,48.41145,34.75211611326871 km,94,2018,"Census Tract 114, Grand Forks County, North Dakota",11400,38,35,38035011400,2062,1048,1014,43.0,274,2002.0,11.0,21.0,3.0,0.0,4.0,1963.0,25.0,78.0,1889.0,41797.0,2015.0,185.0,75.0,179.0,212.0,250.0,251.0,90.0,233.0,2059,1959,100,38,35,11400,4.645200823,41081.051,27
64,49452,49873,ND,38017040100,574.197,46.910394000000004,-97.5440469,North Dakota,CHI Mercy Health Valley City,-97.9936,46.92836,34.3007583514592 km,57,2018,"Census Tract 401, Cass County, North Dakota",40100,38,17,38017040100,2025,1065,960,43.5,391,1974.0,6.0,0.0,0.0,0.0,9.0,1959.0,22.0,13.0,1955.0,36840.0,1996.0,246.0,90.0,205.0,159.0,328.0,172.0,56.0,250.0,2025,1901,124,38,17,40100,3.526664194,35312.176999999996,32
65,49458,49879,ND,38081974200,574.895,46.068110299999994,-97.5504114,North Dakota,Lisbon Area Health Services,-97.68144000000001,46.438375,42.37921333626576 km,151,2018,"Census Tract 9742, Sargent County, North Dakota",974200,38,81,38081974200,2356,1257,1099,48.7,586,2296.0,18.0,7.0,0.0,0.0,0.0,2271.0,39.0,37.0,2246.0,35548.0,2287.0,306.0,129.0,248.0,259.0,361.0,276.0,94.0,243.0,2317,2203,114,38,81,974200,4.09813966,50035.36200000001,38
66,49595,50017,ND,38067950300,3.9819999999999998,48.7890721,-97.6242678,North Dakota,Pembina County Memorial Hospital,-97.6185,48.79231,0.5561150172991625 km,24,2018,"Census Tract 9503, Pembina County, North Dakota",950300,38,67,38067950300,1259,598,661,42.4,308,1235.0,14.0,5.0,2.0,0.0,50.0,1164.0,18.0,77.0,1137.0,27951.0,1201.0,113.0,90.0,232.0,127.0,162.0,105.0,20.0,116.0,1207,1145,62,38,67,950300,316.1727775,490.875,4
67,49617,50039,ND,38099958100,462.71,48.3617235,-97.63297320000001,North Dakota,First Care Health Center,-97.74396999999999,48.39947,9.231462339386031 km,71,2018,"Census Tract 9581, Walsh County, North Dakota",958100,38,99,38099958100,2140,1177,963,47.5,443,2089.0,22.0,0.0,0.0,0.0,53.0,2014.0,11.0,198.0,1869.0,31994.0,2093.0,269.0,143.0,247.0,198.0,274.0,181.0,24.0,269.0,2140,1955,185,38,99,958100,4.62492706,12170.607999999998,15
68,49619,50041,ND,38035011800,288.111,47.765994899999995,-97.6334558,North Dakota,Sanford Mayville Medical Center,-97.31728000000001,47.500659999999996,37.88002768889162 km,85,2018,"Census Tract 118, Grand Forks County, North Dakota",11800,38,35,38035011800,1431,765,666,47.8,410,1398.0,11.0,0.0,12.0,0.0,0.0,1375.0,0.0,5.0,1370.0,31535.0,1330.0,151.0,72.0,156.0,191.0,159.0,111.0,71.0,144.0,1369,1301,68,38,35,11800,4.966835699,51147.58,36
69,49654,50077,ND,38035012000,312.567,47.9438011,-97.654561,North Dakota,Altru Health System,-97.06803000000001,47.90943,43.99830260939706 km,95,2018,"Census Tract 120, Grand Forks County, North Dakota",12000,38,35,38035012000,2704,1324,1380,41.8,490,2569.0,109.0,7.0,13.0,0.0,49.0,2391.0,79.0,71.0,2374.0,35645.0,2608.0,299.0,165.0,284.0,242.0,434.0,313.0,99.0,177.0,2649,2427,222,38,35,12000,8.650945237,45693.459,47
70,49724,50148,ND,38073969100,7.55,46.4362414,-97.68077640000001,North Dakota,Lisbon Area Health Services,-97.68144000000001,46.438375,0.2425917220169816 km,159,2018,"Census Tract 9691, Ransom County, North Dakota",969100,38,73,38073969100,2208,1092,1116,46.6,506,2143.0,12.0,0.0,38.0,0.0,0.0,2093.0,55.0,48.0,2045.0,32057.0,2094.0,160.0,158.0,226.0,322.0,308.0,243.0,51.0,170.0,2104,2058,46,38,73,969100,292.4503311,196.038,2
71,49821,50245,ND,38091968700,712.143,47.4510624,-97.71892,North Dakota,Sanford Mayville Medical Center,-97.31728000000001,47.500659999999996,30.772908109756468 km,26,2018,"Census Tract 9687, Steele County, North Dakota",968700,38,91,38091968700,1910,1001,909,50.5,447,1891.0,0.0,0.0,11.0,0.0,0.0,1880.0,0.0,30.0,1850.0,36724.0,1887.0,184.0,120.0,188.0,212.0,209.0,238.0,103.0,234.0,1910,1803,107,38,91,968700,2.6820456000000004,37511.98100000001,25
72,49885,50309,ND,38067950200,232.334,48.913122200000004,-97.74194820000001,North Dakota,Pembina County Memorial Hospital,-97.6185,48.79231,16.20426267851997 km,22,2018,"Census Tract 9502, Pembina County, North Dakota",950200,38,67,38067950200,1650,899,751,49.9,386,1566.0,126.0,12.0,5.0,0.0,0.0,1423.0,58.0,42.0,1381.0,30417.0,1555.0,187.0,171.0,179.0,157.0,193.0,118.0,60.0,227.0,1604,1405,199,38,67,950200,7.1018447579999995,23892.022,16
73,49893,50317,ND,38067950400,317.59,48.679973700000005,-97.745008,North Dakota,Pembina County Memorial Hospital,-97.6185,48.79231,15.577300302024222 km,25,2018,"Census Tract 9504, Pembina County, North Dakota",950400,38,67,38067950400,1384,744,640,47.6,334,1332.0,18.0,0.0,8.0,0.0,0.0,1306.0,34.0,14.0,1292.0,34837.0,1293.0,157.0,88.0,144.0,171.0,220.0,118.0,41.0,178.0,1318,1215,103,38,67,950400,4.3578198310000005,19509.840999999997,15
74,49909,50333,ND,38099958200,8.932,48.3962706,-97.75205840000001,North Dakota,First Care Health Center,-97.74396999999999,48.39947,0.6966376924724953 km,75,2018,"Census Tract 9582, Walsh County, North Dakota",958200,38,99,38099958200,1606,801,805,50.6,473,1579.0,11.0,0.0,17.0,0.0,33.0,1518.0,3.0,66.0,1496.0,31488.0,1512.0,184.0,157.0,228.0,115.0,283.0,137.0,45.0,124.0,1538,1479,59,38,99,958200,179.80295569999998,1022.6169999999998,9
75,49958,50382,ND,38081974000,283.58799999999997,46.1889713,-97.7676122,North Dakota,CHI Oakes Hospital,-98.08945,46.150220000000004,25.22480519520792 km,183,2018,"Census Tract 9740, Sargent County, North Dakota",974000,38,81,38081974000,1527,795,732,40.4,247,1500.0,14.0,0.0,92.0,0.0,0.0,1394.0,13.0,74.0,1320.0,43688.0,1489.0,107.0,93.0,119.0,114.0,299.0,238.0,58.0,156.0,1527,1483,44,38,81,974000,5.384571985,30038.906,19
76,50006,50430,ND,38073969000,556.904,46.4517152,-97.79392890000001,North Dakota,Lisbon Area Health Services,-97.68144000000001,46.438375,8.769914626106857 km,160,2018,"Census Tract 9690, Ransom County, North Dakota",969000,38,73,38073969000,1586,813,773,43.8,265,1537.0,0.0,6.0,0.0,0.0,0.0,1531.0,42.0,6.0,1525.0,37340.0,1569.0,162.0,91.0,94.0,197.0,253.0,193.0,49.0,210.0,1586,1551,35,38,73,969000,2.847887607,9760.866999999998,13
77,50090,50515,ND,38003967900,622.993,46.937011,-97.85510570000001,North Dakota,CHI Mercy Health Valley City,-97.9936,46.92836,10.590301442836674 km,81,2018,"Census Tract 9679, Barnes County, North Dakota",967900,38,3,38003967900,1755,984,771,44.9,339,1703.0,4.0,0.0,0.0,0.0,0.0,1699.0,11.0,11.0,1688.0,34426.0,1712.0,229.0,94.0,183.0,182.0,244.0,182.0,54.0,180.0,1753,1606,147,38,3,967900,2.817046098,12864.232999999998,14
78,50223,50648,ND,38003968300,2.8539999999999996,46.9302745,-97.98453909999999,North Dakota,CHI Mercy Health Valley City,-97.9936,46.92836,0.7221212726662417 km,83,2018,"Census Tract 9683, Barnes County, North Dakota",968300,38,3,38003968300,3761,1885,1876,49.3,1030,3671.0,72.0,40.0,116.0,0.0,0.0,3443.0,26.0,104.0,3350.0,31836.0,3505.0,433.0,327.0,434.0,459.0,351.0,424.0,119.0,493.0,3569,3374,195,38,3,968300,1317.79958,1138.9759999999999,9
79,50250,50675,ND,38003968200,6.093,46.9195583,-98.02154190000002,North Dakota,CHI Mercy Health Valley City,-97.9936,46.92836,2.3423271474772274 km,82,2018,"Census Tract 9682, Barnes County, North Dakota",968200,38,3,38003968200,2714,1240,1474,35.2,473,2602.0,8.0,7.0,123.0,12.0,13.0,2439.0,66.0,39.0,2418.0,26450.0,2344.0,567.0,238.0,329.0,261.0,443.0,261.0,83.0,115.0,2714,2555,159,38,3,968200,445.42918099999997,2598.878,20
80,50295,50720,ND,38099958300,492.06,48.384018499999996,-98.0900073,North Dakota,First Care Health Center,-97.74396999999999,48.39947,25.684561572753264 km,74,2018,"Census Tract 9583, Walsh County, North Dakota",958300,38,99,38099958300,1142,599,543,52.4,281,1102.0,2.0,11.0,1.0,0.0,33.0,1055.0,33.0,20.0,1053.0,33188.0,1133.0,147.0,112.0,110.0,125.0,173.0,143.0,51.0,98.0,1142,1087,55,38,99,958300,2.32085518,28862.940000000006,21
81,50301,50726,ND,38021973200,177.407,46.1196728,-98.09358449999999,North Dakota,CHI Oakes Hospital,-98.08945,46.150220000000004,3.410440206658257 km,6,2018,"Census Tract 9732, Dickey County, North Dakota",973200,38,21,38021973200,2402,1176,1226,41.8,480,2336.0,0.0,12.0,33.0,0.0,3.0,2288.0,0.0,94.0,2197.0,31802.0,2269.0,272.0,193.0,264.0,272.0,285.0,220.0,82.0,246.0,2335,2242,93,38,21,973200,13.5394883,3205.7369999999996,10
82,50380,50805,ND,38045972100,356.265,46.4495529,-98.1911064,North Dakota,CHI Oakes Hospital,-98.08945,46.150220000000004,34.18233426488614 km,34,2018,"Census Tract 9721, LaMoure County, North Dakota",972100,38,45,38045972100,1380,746,634,49.1,348,1338.0,0.0,0.0,0.0,0.0,2.0,1336.0,31.0,2.0,1336.0,35208.0,1322.0,148.0,108.0,161.0,124.0,166.0,181.0,35.0,163.0,1337,1258,79,38,45,972100,3.873521115,41800.905,23
83,50394,50819,ND,38063959000,981.815,47.9186666,-98.20442779999999,North Dakota,CHI St. Alexius Devils Lake,-98.84982,48.11557,52.890626075982944 km,145,2018,"Census Tract 9590, Nelson County, North Dakota",959000,38,63,38063959000,2920,1485,1435,52.9,806,2865.0,6.0,1.0,2.0,0.0,41.0,2815.0,26.0,74.0,2789.0,30311.0,2812.0,371.0,238.0,358.0,452.0,385.0,249.0,59.0,251.0,2842,2610,232,38,63,959000,2.974083712,64416.41399999999,35
84,50421,50846,ND,38039968600,708.655,47.4563342,-98.2322863,North Dakota,CHI Mercy Health Valley City,-97.9936,46.92836,61.421086516743465 km,139,2018,"Census Tract 9686, Griggs County, North Dakota",968600,38,39,38039968600,2266,1142,1124,50.2,654,2199.0,34.0,0.0,31.0,0.0,6.0,2128.0,31.0,6.0,2128.0,30269.0,2132.0,280.0,179.0,279.0,315.0,280.0,158.0,93.0,228.0,2168,2080,88,38,39,968600,3.197606734,71455.97299999998,40
85,50427,50852,ND,38003968000,859.618,46.9379265,-98.2386037,North Dakota,CHI Mercy Health Valley City,-97.9936,46.92836,18.68751111709671 km,80,2018,"Census Tract 9680, Barnes County, North Dakota",968000,38,3,38003968000,2606,1321,1285,45.2,451,2577.0,55.0,7.0,22.0,9.0,0.0,2484.0,8.0,59.0,2425.0,36003.0,2555.0,273.0,125.0,224.0,304.0,289.0,351.0,53.0,302.0,2601,2473,128,38,3,968000,3.031579143,19886.773,25
86,50558,50984,ND,38019950900,5.977,48.761727,-98.377027,North Dakota,Cavalier County Memorial,-98.36622,48.76205,0.795341695575088 km,7,2018,"Census Tract 9509, Cavalier County, North Dakota",950900,38,19,38019950900,1856,953,903,48.5,501,1812.0,36.0,0.0,3.0,0.0,44.0,1729.0,27.0,45.0,1728.0,33977.0,1772.0,202.0,157.0,164.0,218.0,244.0,179.0,77.0,214.0,1789,1750,39,38,19,950900,310.52367410000005,1042.9119999999998,9
87,50674,51100,ND,38019951100,1483.0770000000002,48.7684388,-98.4637903,North Dakota,Cavalier County Memorial,-98.36622,48.76205,7.207985671108413 km,131,2018,"Census Tract 9511, Cavalier County, North Dakota",951100,38,19,38019951100,1968,1006,962,50.3,529,1894.0,12.0,0.0,1.0,0.0,1.0,1880.0,54.0,0.0,1880.0,40000.0,1915.0,286.0,118.0,171.0,149.0,202.0,239.0,49.0,316.0,1935,1801,134,38,19,951100,1.326970886,8032.430999999999,14
88,50779,51207,ND,38021973400,7.926,46.0051385,-98.5159328,North Dakota,CHI Oakes Hospital,-98.08945,46.150220000000004,36.7208824093742 km,5,2018,"Census Tract 9734, Dickey County, North Dakota",973400,38,21,38021973400,1264,602,662,39.9,283,1238.0,32.0,10.0,24.0,0.0,0.0,1172.0,12.0,29.0,1143.0,25601.0,1073.0,206.0,124.0,176.0,129.0,198.0,120.0,17.0,79.0,1196,1160,36,38,21,973400,159.4751451,49605.511000000006,33
89,50881,51311,ND,38021973300,946.16,46.1083792,-98.5755238,North Dakota,CHI Oakes Hospital,-98.08945,46.150220000000004,37.85181732959312 km,4,2018,"Census Tract 9733, Dickey County, North Dakota",973300,38,21,38021973300,1304,672,632,48.1,284,1283.0,36.0,0.0,0.0,0.0,0.0,1247.0,0.0,47.0,1200.0,37391.0,1283.0,151.0,52.0,146.0,104.0,152.0,138.0,36.0,171.0,1304,1232,72,38,21,973300,1.378202418,40846.34700000001,25
90,50997,51427,ND,38093967300,8.647,46.9174162,-98.6722581,North Dakota,Jamestown Regional Medical Center,-98.74686,46.8899,6.454943393173031 km,177,2018,"Census Tract 9673, Stutsman County, North Dakota",967300,38,93,38093967300,2739,1601,1138,40.6,536,2661.0,108.0,17.0,37.0,0.0,41.0,2458.0,65.0,64.0,2445.0,30405.0,2075.0,268.0,267.0,320.0,272.0,269.0,245.0,59.0,283.0,2092,1938,154,38,93,967300,316.75725689999996,9735.421999999999,14
91,51005,51435,ND,38045972200,789.7410000000001,46.464023,-98.6790608,North Dakota,Jamestown Regional Medical Center,-98.74686,46.8899,47.62577744368739 km,33,2018,"Census Tract 9722, LaMoure County, North Dakota",972200,38,45,38045972200,2720,1402,1318,48.2,656,2670.0,8.0,0.0,22.0,0.0,28.0,2612.0,33.0,57.0,2583.0,34631.0,2655.0,281.0,157.0,274.0,259.0,340.0,229.0,88.0,301.0,2690,2563,127,38,45,972200,3.444167138,51648.664000000004,26
92,51027,51457,ND,38093967400,2.1430000000000002,46.9250525,-98.7011264,North Dakota,Jamestown Regional Medical Center,-98.74686,46.8899,5.235636630061748 km,181,2018,"Census Tract 9674, Stutsman County, North Dakota",967400,38,93,38093967400,5702,2711,2991,35.5,910,5413.0,20.0,50.0,172.0,0.0,71.0,5100.0,184.0,205.0,5023.0,31596.0,4918.0,984.0,408.0,425.0,689.0,887.0,655.0,148.0,326.0,5599,5115,484,38,93,967400,2660.75595,8007.2919999999995,22
93,51030,51460,ND,38093967800,2.492,46.8931127,-98.7043901,North Dakota,Jamestown Regional Medical Center,-98.74686,46.8899,3.256269004389046 km,154,2018,"Census Tract 9678, Stutsman County, North Dakota",967800,38,93,38093967800,4092,2086,2006,40.2,812,3820.0,112.0,0.0,33.0,13.0,47.0,3615.0,217.0,225.0,3573.0,29453.0,3911.0,525.0,388.0,474.0,447.0,367.0,353.0,172.0,296.0,4031,3573,458,38,93,967800,1642.054575,5787.0830000000005,22
94,51044,51474,ND,38071957700,1163.0739999999998,48.2661631,-98.73903100000001,North Dakota,CHI St. Alexius Devils Lake,-98.84982,48.11557,18.661374294539787 km,147,2018,"Census Tract 9577, Ramsey County, North Dakota",957700,38,71,38071957700,2481,1323,1158,48.8,474,2403.0,73.0,4.0,0.0,0.0,7.0,2319.0,53.0,24.0,2302.0,40750.0,2427.0,255.0,108.0,239.0,251.0,290.0,282.0,102.0,400.0,2435,2279,156,38,71,957700,2.133140282,24567.870000000003,24
95,51047,51477,ND,38093967500,14.662,46.9135854,-98.7469079,North Dakota,Jamestown Regional Medical Center,-98.74686,46.8899,2.633082978476282 km,178,2018,"Census Tract 9675, Stutsman County, North Dakota",967500,38,93,38093967500,3523,1837,1686,38.8,683,3421.0,18.0,37.0,17.0,0.0,0.0,3349.0,47.0,0.0,3349.0,29790.0,3339.0,478.0,213.0,310.0,461.0,406.0,328.0,184.0,295.0,3449,3378,71,38,93,967500,240.28099849999998,5467.249,10
96,51055,51485,ND,38005940200,168.636,47.926886200000006,-98.7589395,North Dakota,CHI St. Alexius Devils Lake,-98.84982,48.11557,22.04797603178708 km,30,2018,"Census Tract 9402, Benson County, North Dakota",940200,38,5,38005940200,1997,985,1012,29.1,205,1880.0,1511.0,5.0,0.0,0.0,2.0,362.0,75.0,30.0,362.0,19423.0,1942.0,317.0,174.0,158.0,178.0,120.0,90.0,14.0,77.0,1991,1726,265,38,5,940200,11.84207405,32136.34600000001,21
97,51088,51518,ND,38071957600,4.277,48.10078,-98.8412913,North Dakota,CHI St. Alexius Devils Lake,-98.84982,48.11557,1.7629189129099556 km,146,2018,"Census Tract 9576, Ramsey County, North Dakota",957600,38,71,38071957600,4425,2300,2125,43.7,1038,4223.0,848.0,43.0,48.0,0.0,21.0,3263.0,182.0,207.0,3206.0,25635.0,4234.0,438.0,583.0,639.0,454.0,592.0,243.0,120.0,378.0,4207,3949,258,38,71,957600,1034.603694,2297.366,11
98,51094,51524,ND,38031959600,634.08,47.4714315,-98.8728755,North Dakota,CHI St. Alexius Carrington,-99.12307,47.45453,18.957146647551475 km,135,2018,"Census Tract 9596, Foster County, North Dakota",959600,38,31,38031959600,3290,1616,1674,45.6,735,3200.0,42.0,1.0,7.0,0.0,0.0,3150.0,56.0,51.0,3107.0,35103.0,3170.0,334.0,152.0,337.0,447.0,439.0,391.0,120.0,327.0,3208,3006,202,38,31,959600,5.188619733,19931.319999999992,18
99,51098,51528,ND,38071957800,18.029,48.0964969,-98.8847888,North Dakota,CHI St. Alexius Devils Lake,-98.84982,48.11557,3.358514128903458 km,148,2018,"Census Tract 9578, Ramsey County, North Dakota",957800,38,71,38071957800,4651,2263,2388,36.0,675,4469.0,280.0,0.0,13.0,0.0,0.0,4176.0,143.0,72.0,4140.0,30081.0,4363.0,758.0,209.0,486.0,534.0,478.0,368.0,237.0,430.0,4442,4180,262,38,71,957800,257.9732653,5455.164,23
100,51104,51534,ND,38027959200,630.239,47.7234355,-98.9004745,North Dakota,CHI St. Alexius Carrington,-99.12307,47.45453,34.266323646453884 km,133,2018,"Census Tract 9592, Eddy County, North Dakota",959200,38,27,38027959200,2313,1085,1228,44.0,534,2184.0,173.0,0.0,0.0,0.0,0.0,2011.0,99.0,0.0,2011.0,31702.0,2205.0,351.0,171.0,179.0,272.0,355.0,189.0,82.0,191.0,2239,2096,143,38,27,959200,3.670036288,48164.963,23
101,51122,51552,ND,38093967200,919.6239999999999,46.7703032,-98.9548437,North Dakota,Jamestown Regional Medical Center,-98.74686,46.8899,20.70199577740969 km,179,2018,"Census Tract 9672, Stutsman County, North Dakota",967200,38,93,38093967200,2396,1292,1104,46.8,478,2357.0,1.0,9.0,4.0,0.0,4.0,2339.0,17.0,12.0,2334.0,33988.0,2365.0,300.0,142.0,236.0,296.0,355.0,214.0,87.0,250.0,2396,2179,217,38,93,967200,2.605412647,29282.951,12
102,51129,51559,ND,38093967000,1274.335,47.1286697,-98.96380909999999,North Dakota,Jamestown Regional Medical Center,-98.74686,46.8899,31.253181482663727 km,180,2018,"Census Tract 9670, Stutsman County, North Dakota",967000,38,93,38093967000,2612,1348,1264,47.2,426,2548.0,34.0,12.0,0.0,0.0,0.0,2502.0,42.0,1.0,2502.0,39926.0,2581.0,264.0,95.0,236.0,271.0,397.0,225.0,76.0,359.0,2599,2492,107,38,93,967000,2.0496965080000003,34853.094,17
103,51182,51612,ND,38005940100,251.209,47.9418196,-99.1577586,North Dakota,CHI St. Alexius Devils Lake,-98.84982,48.11557,30.012245905644868 km,29,2018,"Census Tract 9401, Benson County, North Dakota",940100,38,5,38005940100,2767,1413,1354,20.2,196,2656.0,2226.0,0.0,0.0,0.0,0.0,430.0,43.0,13.0,426.0,19808.0,2675.0,367.0,127.0,152.0,145.0,156.0,92.0,16.0,79.0,2759,2352,407,38,5,940100,11.01473275,34594.72,37
104,51206,51636,ND,38095951500,1024.9089999999999,48.6821831,-99.2481583,North Dakota,Towner County Medical Center,-99.21092,48.49258,21.262419216184327 km,155,2018,"Census Tract 9515, Towner County, North Dakota",951500,38,95,38095951500,2246,1197,1049,47.8,523,2134.0,82.0,12.0,0.0,0.0,3.0,2037.0,87.0,56.0,1987.0,32625.0,2190.0,249.0,127.0,242.0,258.0,227.0,182.0,92.0,242.0,2215,1970,245,38,95,951500,2.1914140669999997,23455.26,9
105,51252,51682,ND,38051972900,974.563,46.1086815,-99.4164868,North Dakota,Ashley Medical Center,-99.37174,46.04019,8.363051552698355 km,61,2018,"Census Tract 9729, McIntosh County, North Dakota",972900,38,51,38051972900,2654,1323,1331,53.5,832,2617.0,20.0,27.0,24.0,0.0,0.0,2546.0,27.0,41.0,2505.0,30124.0,2532.0,332.0,197.0,353.0,358.0,451.0,261.0,63.0,161.0,2546,2451,95,38,51,972900,2.723271866,8873.310000000001,7
106,51303,51733,ND,38005956500,579.106,48.228489399999994,-99.49126729999999,North Dakota,Towner County Medical Center,-99.21092,48.49258,35.97167540895776 km,28,2018,"Census Tract 9565, Benson County, North Dakota",956500,38,5,38005956500,1132,618,514,46.7,220,1087.0,6.0,3.0,0.0,0.0,0.0,1078.0,35.0,5.0,1073.0,35093.0,1122.0,128.0,74.0,127.0,99.0,185.0,125.0,27.0,93.0,1132,1067,65,38,5,956500,1.954737129,54353.75499999999,23
107,51314,51744,ND,38047972500,992.5989999999999,46.469278,-99.50458459999999,North Dakota,Wishek Community Hospital,-99.55143199999999,46.255303999999995,24.05668107177727 km,111,2018,"Census Tract 9725, Logan County, North Dakota",972500,38,47,38047972500,1927,1000,927,52.6,575,1876.0,5.0,2.0,1.0,0.0,2.0,1866.0,15.0,24.0,1842.0,30293.0,1814.0,227.0,156.0,273.0,188.0,258.0,139.0,74.0,198.0,1850,1812,38,38,47,972500,1.941368065,28884.969999999994,15
108,51335,51765,ND,38005956600,389.60400000000004,47.98514229999999,-99.5858572,North Dakota,St. Aloisius Medical Center,-99.93249,47.76724,35.48705676966022 km,27,2018,"Census Tract 9566, Benson County, North Dakota",956600,38,5,38005956600,990,513,477,51.5,281,966.0,26.0,0.0,2.0,0.0,9.0,929.0,7.0,11.0,926.0,34773.0,960.0,147.0,73.0,93.0,83.0,142.0,122.0,29.0,101.0,990,921,69,38,5,956600,2.541041673,48134.320000000014,28
109,51336,51766,ND,38079951600,79.764,48.90461,-99.58725079999999,North Dakota,Presentation Medical Center,-99.61508,48.86222,5.136976384088905 km,69,2018,"Census Tract 9516, Rolette County, North Dakota",951600,38,79,38079951600,1472,746,726,33.4,250,1365.0,662.0,0.0,26.0,0.0,0.0,677.0,78.0,0.0,677.0,30978.0,1406.0,145.0,64.0,158.0,191.0,138.0,110.0,62.0,117.0,1435,1148,287,38,79,951600,18.4544406,8232.872999999998,11
110,51346,51776,ND,38103960000,1265.501,47.5808513,-99.6822135,North Dakota,St. Aloisius Medical Center,-99.93249,47.76724,27.976516627492273 km,157,2018,"Census Tract 9600, Wells County, North Dakota",960000,38,103,38103960000,2257,1149,1108,53.6,554,2207.0,0.0,0.0,0.0,0.0,28.0,2179.0,2.0,30.0,2179.0,36747.0,2209.0,266.0,169.0,180.0,196.0,319.0,229.0,72.0,300.0,2247,2162,85,38,103,960000,1.783483379,33403.554000000004,25
111,51389,51820,ND,38043966800,1351.0620000000001,47.099009,-99.78690959999999,North Dakota,CHI St. Alexius Carrington,-99.12307,47.45453,63.91424766742493 km,140,2018,"Census Tract 9668, Kidder County, North Dakota",966800,38,43,38043966800,2460,1301,1159,45.2,483,2425.0,6.0,5.0,10.0,0.0,34.0,2370.0,11.0,106.0,2298.0,31201.0,2436.0,336.0,185.0,232.0,263.0,261.0,312.0,76.0,172.0,2456,2108,348,38,43,966800,1.820789868,88207.10699999997,31
112,51393,51824,ND,38079941800,67.497,48.862257799999995,-99.79438909999999,North Dakota,Presentation Medical Center,-99.61508,48.86222,13.156512787491081 km,150,2018,"Census Tract 9418, Rolette County, North Dakota",941800,38,79,38079941800,6335,3010,3325,28.5,527,6186.0,5949.0,12.0,59.0,0.0,20.0,146.0,81.0,22.0,146.0,26916.0,6168.0,653.0,319.0,565.0,454.0,588.0,289.0,166.0,250.0,6316,4929,1387,38,79,941800,93.85602323,14525.215999999997,14
113,51406,51837,ND,38079951900,518.2769999999999,48.6693037,-99.82891009999999,North Dakota,Presentation Medical Center,-99.61508,48.86222,26.596005012193654 km,68,2018,"Census Tract 9519, Rolette County, North Dakota",951900,38,79,38079951900,2185,1119,1066,27.3,291,2051.0,1080.0,0.0,4.0,0.0,19.0,948.0,85.0,31.0,940.0,22012.0,2082.0,335.0,96.0,182.0,164.0,117.0,64.0,63.0,134.0,2150,1654,496,38,79,951900,4.215892274,35348.35000000002,24
114,51418,51849,ND,38069956100,405.24699999999996,48.479792100000004,-99.8739187,North Dakota,Heart of America Medical Center,-99.99728,48.3639,15.793760811391936 km,107,2018,"Census Tract 9561, Pierce County, North Dakota",956100,38,69,38069956100,1566,854,712,41.0,311,1535.0,37.0,4.0,32.0,0.0,3.0,1459.0,25.0,14.0,1451.0,21967.0,1456.0,323.0,112.0,216.0,172.0,173.0,109.0,42.0,58.0,1459,1376,83,38,69,956100,3.864309915,24813.827,19
115,51429,51860,ND,38103959800,5.031000000000001,47.7670446,-99.92058730000001,North Dakota,St. Aloisius Medical Center,-99.93249,47.76724,0.8924974402027259 km,194,2018,"Census Tract 9598, Wells County, North Dakota",959800,38,103,38103959800,1798,854,944,49.5,536,1723.0,6.0,7.0,0.0,0.0,1.0,1709.0,45.0,22.0,1709.0,31134.0,1693.0,234.0,158.0,182.0,204.0,242.0,144.0,55.0,147.0,1723,1701,22,38,103,959800,357.38421780000004,945.806,7
116,51433,51864,ND,38079951700,237.35299999999998,48.9102598,-99.9582925,North Dakota,Presentation Medical Center,-99.61508,48.86222,25.73130162374767 km,67,2018,"Census Tract 9517, Rolette County, North Dakota",951700,38,79,38079951700,4611,2343,2268,31.7,531,4461.0,3527.0,11.0,2.0,0.0,0.0,921.0,91.0,40.0,906.0,26357.0,4505.0,607.0,204.0,401.0,462.0,432.0,253.0,90.0,165.0,4583,3124,1459,38,79,951700,19.42676098,28813.980000000003,15
117,51449,51880,ND,38069956200,613.038,48.115947799999994,-100.03155579999999,North Dakota,Heart of America Medical Center,-99.99728,48.3639,27.688340786581616 km,108,2018,"Census Tract 9562, Pierce County, North Dakota",956200,38,69,38069956200,2644,1261,1383,48.6,664,2612.0,93.0,29.0,0.0,0.0,0.0,2490.0,0.0,23.0,2467.0,29318.0,2550.0,311.0,231.0,339.0,218.0,395.0,161.0,76.0,279.0,2582,2525,57,38,69,956200,4.312946343,28653.245000000003,25
118,51460,51891,ND,38029966500,1510.003,46.284255200000004,-100.2378424,North Dakota,Linton Hospital,-100.23349,46.27182,1.422380125516523 km,134,2018,"Census Tract 9665, Emmons County, North Dakota",966500,38,29,38029966500,3352,1704,1648,52.6,994,3241.0,3.0,29.0,0.0,0.0,5.0,3204.0,84.0,26.0,3193.0,28038.0,3271.0,443.0,303.0,438.0,371.0,382.0,288.0,91.0,240.0,3298,3123,175,38,29,966500,2.219863139,1315.317,5
119,51474,51905,ND,38083960200,972.2260000000001,47.5813594,-100.33098580000001,North Dakota,St. Aloisius Medical Center,-99.93249,47.76724,36.36753780083108 km,184,2018,"Census Tract 9602, Sheridan County, North Dakota",960200,38,83,38083960200,1405,723,682,51.5,393,1371.0,11.0,0.0,0.0,0.0,0.0,1360.0,15.0,0.0,1360.0,29391.0,1377.0,211.0,80.0,176.0,176.0,180.0,115.0,51.0,112.0,1405,1317,88,38,83,960200,1.445137242,55320.11100000001,33
120,51481,51912,ND,38015011400,642.423,46.8160787,-100.37122690000001,North Dakota,CHI St. Alexius,-100.77783000000001,46.806979999999996,31.04962572793883 km,168,2018,"Census Tract 114, Burleigh County, North Dakota",11400,38,15,38015011400,2580,1329,1251,41.1,374,2509.0,12.0,16.0,0.0,2.0,6.0,2473.0,54.0,46.0,2463.0,41063.0,2562.0,229.0,132.0,209.0,171.0,297.0,290.0,104.0,387.0,2556,2457,99,38,15,11400,4.016045503,33200.44800000001,33
121,51504,51935,ND,38009952300,3.94,48.820845500000004,-100.44633509999998,North Dakota,St. Andrew's Health Center,-100.44913000000001,48.82899999999999,0.9297641003446762 km,79,2018,"Census Tract 9523, Bottineau County, North Dakota",952300,38,9,38009952300,2411,1171,1240,42.2,519,2337.0,182.0,8.0,44.0,0.0,9.0,2094.0,57.0,57.0,2057.0,27318.0,2086.0,308.0,208.0,323.0,302.0,257.0,196.0,77.0,198.0,2301,2215,86,38,9,952300,611.928934,1195.746,10
122,51521,51952,ND,38015011500,793.7280000000001,47.1495161,-100.4849319,North Dakota,CHI St. Alexius,-100.77783000000001,46.806979999999996,44.12167782203284 km,173,2018,"Census Tract 115, Burleigh County, North Dakota",11500,38,15,38015011500,1461,786,675,45.3,297,1441.0,26.0,2.0,0.0,0.0,1.0,1412.0,10.0,23.0,1389.0,39231.0,1450.0,117.0,106.0,135.0,149.0,180.0,200.0,49.0,168.0,1457,1326,131,38,15,11500,1.840680939,57915.461,39
123,51534,51966,ND,38009952400,870.785,48.80220429999999,-100.5257167,North Dakota,St. Andrew's Health Center,-100.44913000000001,48.82899999999999,6.365226447896839 km,77,2018,"Census Tract 9524, Bottineau County, North Dakota",952400,38,9,38009952400,2386,1307,1079,52.5,609,2320.0,23.0,7.0,0.0,0.0,23.0,2267.0,36.0,42.0,2249.0,31498.0,2352.0,238.0,189.0,276.0,313.0,229.0,196.0,72.0,344.0,2386,2282,104,38,9,952400,2.7400563860000005,8777.868999999999,9
124,51542,51974,ND,38049955900,790.757,48.0147679,-100.6174187,North Dakota,Trinity Hospitals,-101.29332,48.232409999999994,55.835472234480676 km,141,2018,"Census Tract 9559, McHenry County, North Dakota",955900,38,49,38049955900,3298,1617,1681,42.3,568,3196.0,35.0,5.0,8.0,0.0,12.0,3136.0,34.0,48.0,3113.0,36091.0,3164.0,392.0,158.0,302.0,315.0,438.0,382.0,81.0,362.0,3226,3107,119,38,49,955900,4.170687076,59400.719,55
125,51548,51980,ND,38049955600,1083.1860000000001,48.3880609,-100.6444523,North Dakota,Heart of America Medical Center,-99.99728,48.3639,48.01857335787588 km,20,2018,"Census Tract 9556, McHenry County, North Dakota",955600,38,49,38049955600,2629,1417,1212,43.5,611,2563.0,27.0,14.0,17.0,0.0,0.0,2505.0,27.0,87.0,2418.0,35852.0,2570.0,309.0,154.0,237.0,262.0,319.0,233.0,98.0,327.0,2619,2452,167,38,49,955600,2.427099316,50675.94700000001,31
126,51550,51982,ND,38085940900,285.744,46.085469599999996,-100.69801650000001,North Dakota,Linton Hospital,-100.23349,46.27182,41.41917283381431 km,153,2018,"Census Tract 9409, Sioux County, North Dakota",940900,38,85,38085940900,2673,1361,1312,28.4,187,2568.0,2388.0,0.0,1.0,0.0,22.0,157.0,65.0,49.0,157.0,22839.0,2603.0,356.0,106.0,237.0,215.0,170.0,112.0,38.0,81.0,2646,1785,861,38,85,940900,9.354527129,180213.376,81
127,51551,51983,ND,38015011300,41.449,46.7633703,-100.69868120000001,North Dakota,CHI St. Alexius,-100.77783000000001,46.806979999999996,7.7479281980228905 km,171,2018,"Census Tract 113, Burleigh County, North Dakota",11300,38,15,38015011300,7259,3923,3336,32.0,408,7012.0,550.0,0.0,148.0,0.0,2.0,6312.0,38.0,48.0,6266.0,42351.0,6846.0,510.0,175.0,513.0,487.0,1078.0,778.0,519.0,821.0,7238,6972,266,38,15,11300,175.13088369999997,11129.509,27
128,51553,51985,ND,38015011002,51.343,46.9202764,-100.7191564,North Dakota,Sanford Medical Center Bismarck,-100.78227,46.80811,13.365728599244948 km,115,2018,"Census Tract 110.02, Burleigh County, North Dakota",11002,38,15,38015011002,6849,3562,3287,36.0,681,6581.0,0.0,17.0,0.0,0.0,0.0,6564.0,99.0,45.0,6522.0,45256.0,6668.0,513.0,264.0,328.0,602.0,913.0,721.0,241.0,1151.0,6742,6728,14,38,15,11002,133.3969577,17796.03600000001,38
129,51555,51987,ND,38015010900,2.279,46.8158823,-100.7417552,North Dakota,CHI St. Alexius,-100.77783000000001,46.806979999999996,2.925797694138956 km,170,2018,"Census Tract 109, Burleigh County, North Dakota",10900,38,15,38015010900,4741,2550,2191,37.0,1003,4589.0,173.0,11.0,134.0,0.0,52.0,4219.0,77.0,157.0,4122.0,32363.0,3891.0,642.0,424.0,379.0,492.0,651.0,526.0,184.0,458.0,3965,3801,164,38,15,10900,2080.298376,3880.468,20
130,51558,51990,ND,38015011001,6.888,46.8563217,-100.7514796,North Dakota,CHI St. Alexius,-100.77783000000001,46.806979999999996,5.842007675665646 km,114,2018,"Census Tract 110.01, Burleigh County, North Dakota",11001,38,15,38015011001,6241,2904,3337,36.0,1200,6135.0,273.0,33.0,422.0,0.0,84.0,5323.0,91.0,182.0,5284.0,36813.0,6161.0,493.0,455.0,598.0,711.0,835.0,687.0,262.0,721.0,6211,5646,565,38,15,11001,906.068525,7533.570999999999,34
131,51559,51991,ND,38015011200,22.307,46.7220607,-100.7536162,North Dakota,CHI St. Alexius,-100.77783000000001,46.806979999999996,9.619663863971445 km,166,2018,"Census Tract 112, Burleigh County, North Dakota",11200,38,15,38015011200,7156,3339,3817,32.0,826,6732.0,114.0,0.0,33.0,0.0,16.0,6569.0,301.0,224.0,6380.0,36896.0,6165.0,1138.0,354.0,481.0,552.0,702.0,581.0,450.0,1115.0,6996,6670,326,38,15,11200,320.7961626,11233.075999999997,29
132,51562,51994,ND,38015010300,0.968,46.823534,-100.7642176,North Dakota,CHI St. Alexius,-100.77783000000001,46.806979999999996,2.113246846266871 km,169,2018,"Census Tract 103, Burleigh County, North Dakota",10300,38,15,38015010300,6081,2908,3173,41.0,1180,6008.0,6.0,0.0,269.0,0.0,0.0,5733.0,11.0,0.0,5733.0,35332.0,5862.0,638.0,318.0,738.0,709.0,1078.0,482.0,190.0,692.0,5910,5492,418,38,15,10300,6282.024793,3061.313,23
133,51563,51995,ND,38015010200,1.104,46.810711299999994,-100.7645331,North Dakota,CHI St. Alexius,-100.77783000000001,46.806979999999996,1.096403188398495 km,167,2018,"Census Tract 102, Burleigh County, North Dakota",10200,38,15,38015010200,4952,2526,2426,42.2,899,4838.0,171.0,75.0,196.0,0.0,0.0,4396.0,31.0,122.0,4274.0,28806.0,4543.0,677.0,482.0,629.0,643.0,874.0,476.0,63.0,259.0,4670,4255,415,38,15,10200,4485.507246,1620.5740000000003,11
134,51564,51996,ND,38015010800,1.614,46.7949479,-100.76628070000001,North Dakota,CHI St. Alexius,-100.77783000000001,46.806979999999996,1.6020005573504759 km,172,2018,"Census Tract 108, Burleigh County, North Dakota",10800,38,15,38015010800,3916,1938,1978,33.2,642,3776.0,421.0,10.0,81.0,0.0,2.0,3262.0,94.0,65.0,3199.0,30842.0,3596.0,365.0,209.0,418.0,750.0,668.0,302.0,123.0,103.0,3741,3387,354,38,15,10800,2426.270136,2019.9000000000003,13
135,51567,51999,ND,38015011101,1.4780000000000002,46.8419458,-100.78323309999999,North Dakota,Sanford Medical Center Bismarck,-100.78227,46.80811,3.762156668704293 km,109,2018,"Census Tract 111.01, Burleigh County, North Dakota",11101,38,15,38015011101,5934,2478,3456,44.0,1335,5729.0,514.0,271.0,77.0,0.0,0.0,4867.0,187.0,5.0,4862.0,40039.0,5888.0,752.0,325.0,578.0,378.0,861.0,938.0,191.0,575.0,5906,5603,303,38,15,11101,4014.88498,4574.357000000002,27
136,51568,52000,ND,38015010400,0.9470000000000001,46.8242771,-100.784182,North Dakota,Sanford Medical Center Bismarck,-100.78227,46.80811,1.8031658318360622 km,176,2018,"Census Tract 104, Burleigh County, North Dakota",10400,38,15,38015010400,3723,1727,1996,45.0,847,3549.0,117.0,0.0,93.0,0.0,0.0,3339.0,72.0,26.0,3313.0,35973.0,3610.0,273.0,266.0,351.0,534.0,616.0,401.0,139.0,370.0,3723,3519,204,38,15,10400,3931.362196,2124.995,14
137,51569,52001,ND,38015010700,1.043,46.791031200000006,-100.7866286,North Dakota,CHI St. Alexius,-100.77783000000001,46.806979999999996,1.8959494075901377 km,165,2018,"Census Tract 107, Burleigh County, North Dakota",10700,38,15,38015010700,4165,2164,2001,38.8,654,4053.0,95.0,0.0,27.0,0.0,50.0,3881.0,55.0,132.0,3799.0,37920.0,4095.0,453.0,216.0,490.0,428.0,571.0,522.0,181.0,509.0,4152,3922,230,38,15,10700,3993.2885909999995,2542.593,14
138,51570,52002,ND,38015010100,0.8009999999999999,46.808864,-100.78664509999999,North Dakota,Sanford Medical Center Bismarck,-100.78227,46.80811,0.34429860687137265 km,175,2018,"Census Tract 101, Burleigh County, North Dakota",10100,38,15,38015010100,3618,1905,1713,36.9,556,3523.0,221.0,39.0,73.0,0.0,11.0,3179.0,35.0,347.0,2843.0,26803.0,3392.0,561.0,298.0,430.0,511.0,414.0,265.0,100.0,263.0,3434,3140,294,38,15,10100,4516.853932999999,347.37,3
139,51577,52009,ND,38015010500,1.8719999999999999,46.8180735,-100.8067416,North Dakota,Sanford Medical Center Bismarck,-100.78227,46.80811,2.171424678948864 km,174,2018,"Census Tract 105, Burleigh County, North Dakota",10500,38,15,38015010500,5497,3100,2397,33.0,760,5191.0,45.0,37.0,248.0,47.0,0.0,4814.0,252.0,81.0,4745.0,36361.0,5162.0,755.0,283.0,475.0,465.0,741.0,393.0,263.0,752.0,5497,5114,383,38,15,10500,2936.431624,2704.115,20
140,51579,52011,ND,38015010600,3.219,46.783296899999996,-100.80959870000001,North Dakota,Sanford Medical Center Bismarck,-100.78227,46.80811,3.4585967233557193 km,164,2018,"Census Tract 106, Burleigh County, North Dakota",10600,38,15,38015010600,4249,2218,2031,45.2,704,4106.0,424.0,0.0,87.0,0.0,0.0,3595.0,73.0,150.0,3502.0,37739.0,4109.0,478.0,168.0,416.0,416.0,531.0,451.0,195.0,616.0,4249,3894,355,38,15,10600,1319.975148,5020.002,23
141,51583,52015,ND,38015011103,1.205,46.8316386,-100.8165618,North Dakota,Sanford Medical Center Bismarck,-100.78227,46.80811,3.699908585130968 km,116,2018,"Census Tract 111.03, Burleigh County, North Dakota",11103,38,15,38015011103,3139,1532,1607,39.1,585,3016.0,78.0,4.0,48.0,0.0,10.0,2876.0,44.0,92.0,2784.0,39118.0,3056.0,205.0,188.0,358.0,340.0,416.0,297.0,136.0,372.0,3118,2816,302,38,15,11103,2604.979253,4642.4839999999995,25
142,51585,52017,ND,38015011104,4.6930000000000005,46.852054200000005,-100.8183219,North Dakota,Sanford Medical Center Bismarck,-100.78227,46.80811,5.606327401094224 km,117,2018,"Census Tract 111.04, Burleigh County, North Dakota",11104,38,15,38015011104,6295,3218,3077,39.3,769,6232.0,7.0,103.0,0.0,0.0,35.0,6087.0,30.0,123.0,5978.0,59988.0,6262.0,393.0,173.0,371.0,292.0,491.0,597.0,317.0,1649.0,6286,6274,12,38,15,11104,1341.359472,8060.531999999999,40
143,51595,52027,ND,38015011105,53.332,46.92231760000001,-100.847394,North Dakota,Sanford Medical Center Bismarck,-100.78227,46.80811,13.632724085931168 km,118,2018,"Census Tract 111.05, Burleigh County, North Dakota",11105,38,15,38015011105,5881,3045,2836,35.2,485,5698.0,244.0,0.0,0.0,0.0,12.0,5442.0,70.0,224.0,5230.0,53927.0,5768.0,473.0,169.0,265.0,249.0,641.0,654.0,217.0,1291.0,5861,5613,248,38,15,11105,110.2715068,17607.815999999995,35
144,51604,52036,ND,38059020300,31.753,46.7841887,-100.8831954,North Dakota,Sanford Medical Center Bismarck,-100.78227,46.80811,8.151112067564389 km,36,2018,"Census Tract 203, Morton County, North Dakota",20300,38,59,38059020300,10295,5328,4967,35.2,1237,9909.0,433.0,94.0,36.0,0.0,6.0,9340.0,275.0,377.0,9000.0,45297.0,10072.0,1215.0,418.0,869.0,765.0,1252.0,1442.0,390.0,1460.0,10183,9579,604,38,59,20300,324.2213334,11477.606999999996,48
145,51606,52038,ND,38059020100,1.5119999999999998,46.831394700000004,-100.8858694,North Dakota,Sanford Medical Center Bismarck,-100.78227,46.80811,8.318787140476744 km,39,2018,"Census Tract 201, Morton County, North Dakota",20100,38,59,38059020100,5578,2790,2788,36.3,767,5488.0,517.0,31.0,55.0,0.0,12.0,4873.0,41.0,122.0,4782.0,33960.0,5423.0,649.0,212.0,691.0,610.0,928.0,581.0,168.0,356.0,5534,5114,420,38,59,20100,3689.153439,9178.311000000002,39
146,51622,52055,ND,38059020200,40.089,46.9024702,-100.95110679999999,North Dakota,Sanford Medical Center Bismarck,-100.78227,46.80811,16.607817170884847 km,38,2018,"Census Tract 202, Morton County, North Dakota",20200,38,59,38059020200,7508,3897,3611,40.8,1356,7158.0,173.0,0.0,23.0,0.0,226.0,6736.0,194.0,245.0,6723.0,36483.0,7087.0,583.0,677.0,693.0,901.0,1071.0,889.0,212.0,911.0,7233,6966,267,38,59,20200,187.2832947,21212.921000000013,37
147,51631,52064,ND,38059020400,1028.182,46.625314200000005,-100.997491,North Dakota,Sanford Medical Center Bismarck,-100.78227,46.80811,26.147583338117112 km,35,2018,"Census Tract 204, Morton County, North Dakota",20400,38,59,38059020400,3291,1756,1535,36.6,414,3185.0,82.0,0.0,0.0,0.0,99.0,3004.0,32.0,131.0,2997.0,42611.0,3209.0,269.0,105.0,261.0,299.0,423.0,399.0,101.0,528.0,3291,3197,94,38,59,20400,3.20079519,35871.355,38
148,51633,52066,ND,38055960800,620.2769999999999,47.3804368,-101.0418417,North Dakota,CHI St. Alexius Health Turtle Lake Hospital,-100.89448,47.51828,18.93077909708495 km,106,2018,"Census Tract 9608, McLean County, North Dakota",960800,38,55,38055960800,4273,2273,2000,43.8,789,4191.0,117.0,0.0,21.0,0.0,11.0,4042.0,36.0,151.0,3989.0,37599.0,4166.0,465.0,256.0,382.0,432.0,570.0,419.0,154.0,650.0,4230,4094,136,38,55,960800,6.88885772,25231.161000000007,11
149,51643,52076,ND,38101011200,355.754,48.0301137,-101.13397309999999,North Dakota,Trinity Hospitals,-101.29332,48.232409999999994,25.429536921178872 km,16,2018,"Census Tract 112, Ward County, North Dakota",11200,38,101,38101011200,3378,1759,1619,41.3,450,3298.0,26.0,1.0,0.0,0.0,21.0,3250.0,20.0,61.0,3210.0,43475.0,3316.0,300.0,95.0,284.0,353.0,420.0,384.0,135.0,555.0,3377,3302,75,38,101,11200,9.495325421,33679.80699999999,42
150,51648,52081,ND,38085940800,808.307,46.1519642,-101.179518,North Dakota,CHI Jacobson Memorial Hospital,-101.84172,46.407090000000004,58.386781099001325 km,152,2018,"Census Tract 9408, Sioux County, North Dakota",940800,38,85,38085940800,1740,848,892,27.5,150,1692.0,1267.0,0.0,5.0,2.0,8.0,410.0,40.0,138.0,389.0,20904.0,1701.0,279.0,88.0,154.0,122.0,129.0,62.0,27.0,69.0,1736,1205,531,38,85,940800,2.152647447,72810.13300000002,26
151,51651,52084,ND,38009952500,793.6519999999999,48.7703061,-101.2015486,North Dakota,St. Andrew's Health Center,-100.44913000000001,48.82899999999999,55.66009624622905 km,78,2018,"Census Tract 9525, Bottineau County, North Dakota",952500,38,9,38009952500,1792,979,813,41.5,349,1771.0,27.0,0.0,18.0,0.0,7.0,1719.0,6.0,48.0,1677.0,38629.0,1756.0,173.0,114.0,149.0,159.0,188.0,179.0,51.0,269.0,1759,1704,55,38,9,952500,2.257916568,61151.14599999999,33
152,51657,52090,ND,38101010800,291.779,48.3565295,-101.26332109999998,North Dakota,Trinity Hospitals,-101.29332,48.232409999999994,13.979941495043697 km,19,2018,"Census Tract 108, Ward County, North Dakota",10800,38,101,38101010800,3981,1955,2026,36.3,425,3862.0,87.0,38.0,129.0,0.0,9.0,3599.0,50.0,115.0,3515.0,41049.0,3889.0,337.0,188.0,372.0,315.0,562.0,425.0,124.0,573.0,3762,3582,180,38,101,10800,13.64388801,18704.343999999997,27
153,51658,52091,ND,38101010200,8.317,48.2540413,-101.2657128,North Dakota,Trinity Hospitals,-101.29332,48.232409999999994,3.1606904823745605 km,10,2018,"Census Tract 102, Ward County, North Dakota",10200,38,101,38101010200,5157,2727,2430,32.5,589,5033.0,343.0,29.0,158.0,0.0,139.0,4364.0,88.0,248.0,4255.0,32912.0,4886.0,689.0,316.0,679.0,520.0,614.0,473.0,326.0,477.0,4635,4085,550,38,101,10200,620.0553084,2765.836,23
154,51659,52092,ND,38101010700,3.7539999999999996,48.218206099999996,-101.26623509999999,North Dakota,Trinity Hospitals,-101.29332,48.232409999999994,2.558176701755374 km,12,2018,"Census Tract 107, Ward County, North Dakota",10700,38,101,38101010700,8177,4247,3930,30.7,890,7730.0,183.0,97.0,214.0,30.0,27.0,7179.0,174.0,460.0,6719.0,30882.0,7858.0,866.0,502.0,1171.0,798.0,1094.0,571.0,323.0,650.0,8081,7409,672,38,101,10700,2178.209909,4136.978,20
155,51660,52093,ND,38101010600,7.9510000000000005,48.2052754,-101.27081779999999,North Dakota,Trinity Hospitals,-101.29332,48.232409999999994,3.4495804465761046 km,14,2018,"Census Tract 106, Ward County, North Dakota",10600,38,101,38101010600,10155,4965,5190,34.8,1798,9677.0,241.0,326.0,762.0,14.0,287.0,8047.0,384.0,631.0,7833.0,42051.0,10004.0,768.0,609.0,736.0,871.0,1335.0,1138.0,362.0,1562.0,9787,9283,504,38,101,10600,1277.197837,4791.665999999998,25
156,51662,52095,ND,38101010100,0.8,48.2316215,-101.2911936,North Dakota,Trinity Hospitals,-101.29332,48.232409999999994,0.18067088296831998 km,9,2018,"Census Tract 101, Ward County, North Dakota",10100,38,101,38101010100,2794,1528,1266,32.4,449,2701.0,84.0,63.0,86.0,0.0,0.0,2468.0,25.0,125.0,2343.0,28302.0,2509.0,326.0,249.0,404.0,341.0,341.0,236.0,47.0,172.0,2565,2424,141,38,101,10100,3492.5,224.281,2
157,51668,52101,ND,38101010301,2.892,48.2668898,-101.3099978,North Dakota,Trinity Hospitals,-101.29332,48.232409999999994,4.0290837241668465 km,18,2018,"Census Tract 103.01, Ward County, North Dakota",10301,38,101,38101010301,4564,2467,2097,30.7,523,4282.0,11.0,229.0,127.0,19.0,49.0,3847.0,187.0,275.0,3628.0,36452.0,4469.0,369.0,239.0,502.0,535.0,724.0,276.0,258.0,639.0,4275,3935,340,38,101,10301,1578.146611,4924.254000000001,27
158,51669,52102,ND,38101010400,1.358,48.2393084,-101.3149561,North Dakota,Trinity Hospitals,-101.29332,48.232409999999994,1.7808915063805602 km,17,2018,"Census Tract 104, Ward County, North Dakota",10400,38,101,38101010400,6273,3124,3149,27.1,446,5679.0,189.0,107.0,130.0,0.0,45.0,5208.0,466.0,536.0,4732.0,30588.0,5630.0,990.0,504.0,471.0,578.0,846.0,566.0,150.0,439.0,6120,5479,641,38,101,10400,4619.293078,2336.81,16
159,51670,52103,ND,38101010500,2.8789999999999996,48.222105600000006,-101.31658,North Dakota,Trinity Hospitals,-101.29332,48.232409999999994,2.0734859520997917 km,11,2018,"Census Tract 105, Ward County, North Dakota",10500,38,101,38101010500,6213,3397,2816,34.4,912,6080.0,66.0,0.0,510.0,0.0,14.0,5490.0,83.0,0.0,5490.0,36870.0,6081.0,768.0,382.0,514.0,496.0,704.0,680.0,270.0,862.0,6133,5967,166,38,101,10500,2158.040986,2436.9060000000004,16
160,51671,52104,ND,38101010302,1.5490000000000002,48.24987120000001,-101.32478459999999,North Dakota,Trinity Hospitals,-101.29332,48.232409999999994,3.0383894434352596 km,15,2018,"Census Tract 103.02, Ward County, North Dakota",10302,38,101,38101010302,6268,3307,2961,33.4,694,5981.0,0.0,20.0,0.0,0.0,0.0,5961.0,214.0,387.0,5653.0,40695.0,6195.0,574.0,516.0,302.0,647.0,761.0,642.0,238.0,1034.0,6058,5532,526,38,101,10302,4046.481601,3968.499,24
161,51672,52105,ND,38065961200,722.404,47.1180789,-101.33141979999999,North Dakota,Sakakawea Medical Center,-101.61099,47.29841,29.163919468115775 km,112,2018,"Census Tract 9612, Oliver County, North Dakota",961200,38,65,38065961200,1837,935,902,50.0,441,1744.0,40.0,5.0,18.0,0.0,3.0,1678.0,83.0,32.0,1658.0,38375.0,1821.0,166.0,115.0,157.0,130.0,217.0,167.0,56.0,247.0,1832,1667,165,38,65,961200,2.542898434,40887.539999999986,14
162,51673,52106,ND,38101010900,7.269,48.4190017,-101.3365027,North Dakota,Trinity Hospitals,-101.29332,48.232409999999994,20.994021478739743 km,13,2018,"Census Tract 109, Ward County, North Dakota",10900,38,101,38101010900,5384,2823,2561,22.3,0,4853.0,211.0,59.0,509.0,17.0,274.0,3783.0,378.0,874.0,3425.0,26455.0,4447.0,429.0,175.0,987.0,570.0,626.0,343.0,80.0,213.0,3491,3438,53,38,101,10900,740.6795983,24912.858999999997,38
163,51688,52121,ND,38055961000,1489.983,47.695885600000004,-101.4324873,North Dakota,CHI St. Alexius Garrison,-101.41048,47.64852,5.519529129044438 km,142,2018,"Census Tract 9610, McLean County, North Dakota",961000,38,55,38055961000,5335,2685,2650,47.6,1363,5203.0,568.0,10.0,43.0,2.0,27.0,4553.0,85.0,78.0,4518.0,30843.0,5181.0,641.0,376.0,584.0,569.0,617.0,413.0,160.0,610.0,5208,4873,335,38,55,961000,3.580577765,5117.537,6
164,51710,52143,ND,38101011300,852.852,48.0811576,-101.5992092,North Dakota,Trinity Hospitals,-101.29332,48.232409999999994,28.297900020452577 km,156,2018,"Census Tract 113, Ward County, North Dakota",11300,38,101,38101011300,4930,2659,2271,40.5,699,4773.0,46.0,191.0,35.0,0.0,28.0,4473.0,106.0,104.0,4419.0,35515.0,4858.0,518.0,214.0,492.0,508.0,575.0,472.0,120.0,626.0,4895,4660,235,38,101,11300,5.780604372000001,37170.47900000001,36
165,51712,52145,ND,38057961600,13.155999999999999,47.3160214,-101.6296381,North Dakota,Sakakawea Medical Center,-101.61099,47.29841,2.412924855577854 km,104,2018,"Census Tract 9616, Mercer County, North Dakota",961600,38,57,38057961600,2719,1340,1379,40.1,442,2677.0,56.0,24.0,58.0,0.0,39.0,2500.0,0.0,80.0,2459.0,39821.0,2648.0,304.0,126.0,273.0,272.0,278.0,273.0,64.0,497.0,2690,2350,340,38,57,961600,206.673761,2892.06,7
166,51713,52146,ND,38037965900,1659.233,46.3578269,-101.6390494,North Dakota,CHI Jacobson Memorial Hospital,-101.84172,46.407090000000004,16.524719768370026 km,138,2018,"Census Tract 9659, Grant County, North Dakota",965900,38,37,38037965900,2380,1205,1175,51.9,691,2339.0,19.0,7.0,1.0,1.0,0.0,2311.0,19.0,12.0,2302.0,29745.0,2301.0,307.0,187.0,283.0,272.0,259.0,160.0,41.0,280.0,2327,2210,117,38,37,965900,1.434397701,21018.236000000008,11
167,51720,52153,ND,38075952900,877.2639999999999,48.7127815,-101.6581522,North Dakota,Trinity Hospitals,-101.29332,48.232409999999994,59.84207684613144 km,161,2018,"Census Tract 9529, Renville County, North Dakota",952900,38,75,38075952900,2495,1258,1237,41.0,446,2403.0,13.0,20.0,5.0,0.0,13.0,2352.0,43.0,158.0,2222.0,36593.0,2388.0,213.0,167.0,214.0,265.0,261.0,241.0,107.0,315.0,2429,2334,95,38,75,952900,2.8440697439999996,79064.921,52
168,51725,52158,ND,38059020500,824.3510000000001,46.83124960000001,-101.6839614,North Dakota,CHI Jacobson Memorial Hospital,-101.84172,46.407090000000004,48.674703971672095 km,37,2018,"Census Tract 205, Morton County, North Dakota",20500,38,59,38059020500,3872,1982,1890,48.0,953,3789.0,27.0,13.0,25.0,0.0,4.0,3720.0,34.0,85.0,3640.0,31302.0,3667.0,463.0,303.0,445.0,368.0,423.0,395.0,110.0,389.0,3729,3456,273,38,59,20500,4.697028329,66911.041,49
169,51756,52190,ND,38057961700,17.313,47.2781568,-101.79452629999999,North Dakota,Sakakawea Medical Center,-101.61099,47.29841,14.065177272190144 km,105,2018,"Census Tract 9617, Mercer County, North Dakota",961700,38,57,38057961700,3237,1628,1609,40.9,567,3182.0,57.0,5.0,0.0,0.0,0.0,3120.0,0.0,93.0,3027.0,31328.0,3037.0,435.0,222.0,371.0,227.0,281.0,142.0,82.0,652.0,3148,2715,433,38,57,961700,186.9693294,15572.055000000002,16
170,51777,52212,ND,38057961800,1012.312,47.3071473,-101.83332790000001,North Dakota,Sakakawea Medical Center,-101.61099,47.29841,16.842394484274163 km,143,2018,"Census Tract 9618, Mercer County, North Dakota",961800,38,57,38057961800,2614,1438,1176,49.5,497,2564.0,122.0,10.0,0.0,0.0,69.0,2363.0,15.0,76.0,2357.0,38140.0,2531.0,338.0,178.0,184.0,232.0,211.0,237.0,87.0,458.0,2603,2192,411,38,57,961800,2.5822078569999998,19558.29,18
171,51842,52277,ND,38101011000,475.777,48.5329294,-101.901157,North Dakota,Mountrail Medical Center,-102.380465,48.311634000000005,43.17464844741179 km,8,2018,"Census Tract 110, Ward County, North Dakota",11000,38,101,38101011000,1760,923,837,48.3,401,1683.0,17.0,0.0,3.0,0.0,43.0,1620.0,51.0,120.0,1543.0,30962.0,1671.0,226.0,146.0,200.0,160.0,189.0,143.0,53.0,249.0,1696,1608,88,38,101,11000,3.699212026,55738.71400000001,38
172,51900,52335,ND,38061940300,203.945,47.926927500000005,-102.07620059999999,North Dakota,Mountrail Medical Center,-102.380465,48.311634000000005,48.404551526841324 km,196,2018,"Census Tract 9403, Mountrail County, North Dakota",940300,38,61,38061940300,1672,812,860,32.6,154,1555.0,569.0,9.0,8.0,0.0,12.0,957.0,73.0,64.0,920.0,33571.0,1628.0,191.0,126.0,112.0,134.0,199.0,99.0,43.0,198.0,1667,1547,120,38,61,940300,8.198288754,63459.76099999999,49
173,51929,52365,ND,38041964700,545.33,46.4064976,-102.2257352,North Dakota,CHI Jacobson Memorial Hospital,-101.84172,46.407090000000004,29.528379271064424 km,32,2018,"Census Tract 9647, Hettinger County, North Dakota",964700,38,41,38041964700,1187,609,578,50.9,302,1166.0,7.0,0.0,0.0,5.0,41.0,1113.0,8.0,51.0,1103.0,31378.0,1128.0,130.0,117.0,138.0,95.0,169.0,120.0,32.0,102.0,1141,1025,116,38,41,964700,2.1766636719999997,37435.88100000001,27
174,51940,52376,ND,38089963300,509.241,46.810571200000005,-102.30521309999999,North Dakota,CHI St. Alexius Dickinson,-102.821802,46.889705,40.36949659490644 km,191,2018,"Census Tract 9633, Stark County, North Dakota",963300,38,89,38089963300,1762,925,837,39.6,352,1713.0,0.0,26.0,4.0,0.0,12.0,1671.0,38.0,60.0,1619.0,36855.0,1751.0,210.0,72.0,158.0,138.0,225.0,179.0,52.0,214.0,1762,1556,206,38,89,963300,3.4600513310000003,48089.874,26
175,51964,52400,ND,38061955200,1467.464,48.276497799999994,-102.3859844,North Dakota,Mountrail Medical Center,-102.380465,48.311634000000005,3.9284121452922665 km,195,2018,"Census Tract 9552, Mountrail County, North Dakota",955200,38,61,38061955200,5302,3039,2263,34.9,728,5113.0,61.0,25.0,94.0,0.0,177.0,4756.0,114.0,392.0,4582.0,34880.0,5163.0,493.0,255.0,511.0,631.0,395.0,399.0,167.0,913.0,5237,4538,699,38,61,955200,3.613035822,5860.238,15
176,51983,52419,ND,38061940400,153.85,47.887414,-102.4662993,North Dakota,Mountrail Medical Center,-102.380465,48.311634000000005,47.601235539616596 km,144,2018,"Census Tract 9404, Mountrail County, North Dakota",940400,38,61,38061940400,3178,1638,1540,30.9,247,3040.0,2139.0,6.0,16.0,0.0,6.0,873.0,100.0,308.0,691.0,32690.0,3140.0,347.0,150.0,205.0,308.0,281.0,256.0,107.0,281.0,3178,2390,788,38,61,940400,20.65648359,57801.065999999984,44
177,51992,52428,ND,38013953300,1103.549,48.7864534,-102.52008740000001,North Dakota,Tioga Medical Center,-102.93483,48.40262,52.51430302172684 km,113,2018,"Census Tract 9533, Burke County, North Dakota",953300,38,13,38013953300,2213,1183,1030,34.6,340,2159.0,21.0,0.0,10.0,0.0,48.0,2080.0,33.0,69.0,2059.0,40950.0,2179.0,163.0,139.0,172.0,140.0,257.0,194.0,65.0,324.0,2211,2061,150,38,13,953300,2.005348199,71264.32600000002,44
178,51995,52431,ND,38001965600,987.547,46.0968146,-102.5331983,North Dakota,West River Regional Medical Center,-102.628665,46.001783,12.890609227362006 km,76,2018,"Census Tract 9656, Adams County, North Dakota",965600,38,1,38001965600,2351,1115,1236,46.1,550,2336.0,28.0,78.0,50.0,0.0,0.0,2180.0,7.0,41.0,2141.0,30711.0,2283.0,316.0,161.0,289.0,232.0,273.0,172.0,87.0,260.0,2291,2130,161,38,1,965600,2.380646187,18733.882999999998,13
179,52006,52442,ND,38025962200,2008.4920000000002,47.3545572,-102.61232159999999,North Dakota,CHI St. Alexius Dickinson,-102.821802,46.889705,54.06851598454341 km,132,2018,"Census Tract 9622, Dunn County, North Dakota",962200,38,25,38025962200,4387,2298,2089,38.8,705,4249.0,431.0,38.0,61.0,9.0,60.0,3650.0,66.0,119.0,3637.0,32318.0,4214.0,579.0,403.0,304.0,365.0,321.0,389.0,89.0,717.0,4331,3479,852,38,25,962200,2.184225777,64823.58600000001,39
180,52013,52449,ND,38041964800,586.909,46.4620206,-102.66744399999999,North Dakota,CHI St. Alexius Dickinson,-102.821802,46.889705,48.98833561385077 km,31,2018,"Census Tract 9648, Hettinger County, North Dakota",964800,38,41,38041964800,1389,641,748,39.2,317,1309.0,75.0,0.0,9.0,0.0,0.0,1225.0,50.0,29.0,1199.0,26694.0,1237.0,228.0,94.0,155.0,144.0,121.0,131.0,14.0,128.0,1267,1170,97,38,41,964800,2.366636054,61703.152000000024,52
181,52015,52451,ND,38053940100,150.05100000000002,47.8457348,-102.70547020000001,North Dakota,McKenzie County Healthcare System,-103.27145,47.80357,42.637794255740204 km,100,2018,"Census Tract 9401, McKenzie County, North Dakota",940100,38,53,38053940100,1271,684,587,27.1,61,1221.0,1143.0,0.0,1.0,0.0,8.0,69.0,34.0,88.0,56.0,20583.0,1249.0,164.0,66.0,99.0,53.0,73.0,47.0,22.0,69.0,1271,832,439,38,53,940100,8.470453379,46704.73099999999,29
182,52018,52454,ND,38089963900,499.54699999999997,46.8141906,-102.7363668,North Dakota,CHI St. Alexius Dickinson,-102.821802,46.889705,10.626749248253804 km,186,2018,"Census Tract 9639, Stark County, North Dakota",963900,38,89,38089963900,3863,1994,1869,38.0,592,3676.0,1.0,9.0,21.0,0.0,83.0,3562.0,98.0,200.0,3473.0,40609.0,3773.0,447.0,227.0,250.0,288.0,309.0,248.0,161.0,733.0,3863,3659,204,38,89,963900,7.733006103999999,13168.634000000004,25
183,52021,52457,ND,38089963400,6.114,46.906614700000006,-102.7659068,North Dakota,CHI St. Alexius Dickinson,-102.821802,46.889705,4.655626692056141 km,193,2018,"Census Tract 9634, Stark County, North Dakota",963400,38,89,38089963400,4705,2543,2162,34.7,530,4611.0,198.0,0.0,12.0,0.0,67.0,4334.0,46.0,340.0,4071.0,48157.0,4502.0,469.0,159.0,372.0,285.0,357.0,531.0,158.0,838.0,4550,4099,451,38,89,963400,769.5453058999999,5471.436000000001,21
184,52024,52460,ND,38089963800,8.662,46.856860499999996,-102.7734334,North Dakota,CHI St. Alexius Dickinson,-102.821802,46.889705,5.189293195624024 km,188,2018,"Census Tract 9638, Stark County, North Dakota",963800,38,89,38089963800,4731,2326,2405,32.6,440,4393.0,168.0,16.0,31.0,0.0,0.0,4178.0,250.0,209.0,4085.0,42134.0,4573.0,486.0,319.0,353.0,302.0,578.0,440.0,141.0,842.0,4725,4196,529,38,89,963800,546.1787116,7740.858,28
185,52025,52461,ND,38089963700,0.889,46.884131,-102.7790004,North Dakota,CHI St. Alexius Dickinson,-102.821802,46.889705,3.3205106847652743 km,190,2018,"Census Tract 9637, Stark County, North Dakota",963700,38,89,38089963700,3807,1910,1897,34.9,581,3710.0,30.0,61.0,243.0,0.0,0.0,3376.0,16.0,219.0,3157.0,35140.0,3575.0,447.0,215.0,342.0,475.0,517.0,363.0,133.0,481.0,3649,3203,446,38,89,963700,4282.3397079999995,3872.2819999999997,24
186,52028,52464,ND,38089963600,0.703,46.8825432,-102.79932559999999,North Dakota,CHI St. Alexius Dickinson,-102.821802,46.889705,1.8890665882869593 km,189,2018,"Census Tract 9636, Stark County, North Dakota",963600,38,89,38089963600,2124,1087,1037,26.3,276,2068.0,0.0,11.0,94.0,0.0,50.0,1913.0,9.0,156.0,1810.0,30899.0,1803.0,352.0,139.0,192.0,179.0,255.0,188.0,71.0,201.0,2124,1990,134,38,89,963600,3021.337127,2858.6429999999996,13
187,52033,52469,ND,38089963500,5.242999999999999,46.901109000000005,-102.8213447,North Dakota,CHI St. Alexius Dickinson,-102.821802,46.889705,1.2682478682097542 km,192,2018,"Census Tract 9635, Stark County, North Dakota",963500,38,89,38089963500,7832,3977,3855,32.0,841,7370.0,0.0,300.0,205.0,0.0,0.0,6865.0,303.0,347.0,6558.0,41067.0,7614.0,790.0,284.0,492.0,605.0,1060.0,601.0,197.0,1325.0,7805,7114,691,38,89,963500,1493.801259,2178.6369999999997,7
188,52053,52489,ND,38089964000,304.514,46.7917593,-103.0961791,North Dakota,CHI St. Alexius Dickinson,-102.821802,46.889705,23.592781966821644 km,187,2018,"Census Tract 9640, Stark County, North Dakota",964000,38,89,38089964000,2052,1102,950,38.5,343,2022.0,0.0,5.0,40.0,7.0,0.0,1970.0,23.0,0.0,1970.0,32208.0,2045.0,234.0,184.0,187.0,157.0,173.0,174.0,100.0,237.0,2052,1946,106,38,89,964000,6.738606435,32439.172999999995,25
189,52079,52515,ND,38053962300,1481.432,47.742900899999995,-103.1808743,North Dakota,McKenzie County Healthcare System,-103.27145,47.80357,9.570285742102696 km,101,2018,"Census Tract 9623, McKenzie County, North Dakota",962300,38,53,38053962300,3785,2132,1653,35.1,279,3557.0,67.0,81.0,3.0,0.0,6.0,3400.0,148.0,65.0,3345.0,40634.0,3705.0,334.0,127.0,267.0,317.0,472.0,300.0,101.0,683.0,3785,3426,359,38,53,962300,2.5549603359999997,16063.686000000003,21
190,52097,52533,ND,38105953600,603.4119999999999,48.2207248,-103.248566,North Dakota,CHI St. Alexius Health Williston Medical Center,-103.645382,48.155603,30.380235764515326 km,204,2018,"Census Tract 9536, Williams County, North Dakota",953600,38,105,38105953600,2692,1455,1237,38.1,291,2641.0,101.0,0.0,53.0,0.0,3.0,2484.0,22.0,55.0,2432.0,51799.0,2651.0,234.0,125.0,128.0,125.0,217.0,301.0,89.0,570.0,2692,2482,210,38,105,953600,4.461296759,38673.39099999998,42
191,52103,52539,ND,38053962400,9.328,47.8014116,-103.26327690000001,North Dakota,McKenzie County Healthcare System,-103.27145,47.80357,0.6575990634053673 km,102,2018,"Census Tract 9624, McKenzie County, North Dakota",962400,38,53,38053962400,5994,3201,2793,30.3,682,5823.0,269.0,0.0,57.0,0.0,165.0,5332.0,94.0,788.0,4759.0,42882.0,5824.0,433.0,427.0,459.0,446.0,649.0,624.0,304.0,871.0,5901,4887,1014,38,53,962400,642.5814751,1211.9230000000002,11
192,52104,52540,ND,38105953400,659.965,48.49616029999999,-103.2641775,North Dakota,Tioga Medical Center,-102.93483,48.40262,26.49094112655248 km,202,2018,"Census Tract 9534, Williams County, North Dakota",953400,38,105,38105953400,1758,970,788,47.1,321,1726.0,4.0,0.0,7.0,0.0,0.0,1715.0,12.0,56.0,1659.0,40568.0,1706.0,165.0,49.0,155.0,172.0,144.0,159.0,59.0,307.0,1726,1532,194,38,105,953400,2.663777625,36070.382999999994,28
193,52122,52558,ND,38007963100,1148.488,47.007044,-103.36401629999999,North Dakota,CHI St. Alexius Dickinson,-102.821802,46.889705,43.29034102549755 km,3,2018,"Census Tract 9631, Billings County, North Dakota",963100,38,7,38007963100,946,556,390,40.6,150,905.0,5.0,0.0,11.0,0.0,20.0,869.0,37.0,57.0,869.0,41277.0,942.0,88.0,37.0,44.0,102.0,160.0,69.0,17.0,171.0,946,904,42,38,7,963100,0.823691671,55018.47,21
194,52124,52560,ND,38011965200,14.144,46.200998,-103.3943289,North Dakota,Southwest Healthcare Services,-103.40656,46.18419,2.093317754504744 km,163,2018,"Census Tract 9652, Bowman County, North Dakota",965200,38,11,38011965200,1804,844,960,40.6,368,1749.0,37.0,0.0,1.0,0.0,44.0,1667.0,21.0,154.0,1588.0,31484.0,1696.0,244.0,119.0,191.0,192.0,162.0,174.0,52.0,239.0,1740,1608,132,38,11,965200,127.5452489,3144.3480000000004,11
195,52130,52566,ND,38087965000,1215.264,46.445833799999996,-103.462462,North Dakota,Southwest Healthcare Services,-103.40656,46.18419,29.400654672281064 km,185,2018,"Census Tract 9650, Slope County, North Dakota",965000,38,87,38087965000,704,353,351,50.8,192,698.0,0.0,0.0,39.0,0.0,0.0,659.0,6.0,0.0,659.0,32750.0,704.0,92.0,65.0,68.0,55.0,44.0,66.0,21.0,122.0,704,691,13,38,87,965000,0.579297996,33445.67699999999,17
196,52138,52574,ND,38011965300,1147.665,46.110143799999996,-103.5059433,North Dakota,Southwest Healthcare Services,-103.40656,46.18419,11.255905240231698 km,162,2018,"Census Tract 9653, Bowman County, North Dakota",965300,38,11,38011965300,1391,746,645,42.2,274,1359.0,0.0,0.0,0.0,0.0,0.0,1359.0,13.0,16.0,1343.0,38333.0,1372.0,177.0,60.0,127.0,121.0,229.0,78.0,49.0,203.0,1391,1354,37,38,11,965300,1.212026157,20502.166999999998,11
197,52139,52575,ND,38023954500,1260.878,48.814753700000004,-103.5093256,North Dakota,Tioga Medical Center,-102.93483,48.40262,62.4112705237433 km,182,2018,"Census Tract 9545, Divide County, North Dakota",954500,38,23,38023954500,2369,1174,1195,54.0,635,2232.0,33.0,60.0,26.0,0.0,0.0,2113.0,58.0,57.0,2094.0,37132.0,2199.0,242.0,246.0,230.0,125.0,330.0,129.0,76.0,470.0,2283,2109,174,38,23,954500,1.8788494999999998,86744.74100000002,45
198,52150,52586,ND,38105953900,1.474,48.15887539999999,-103.6091103,North Dakota,CHI St. Alexius Health Williston Medical Center,-103.645382,48.155603,2.722974255287694 km,2,2018,"Census Tract 9539, Williams County, North Dakota",953900,38,105,38105953900,4230,2360,1870,33.2,647,3853.0,46.0,0.0,210.0,17.0,10.0,3570.0,304.0,13.0,3570.0,44704.0,4035.0,421.0,171.0,424.0,394.0,296.0,339.0,122.0,1058.0,4222,3833,389,38,105,953900,2869.742198,3362.927,20
199,52154,52590,ND,38105953800,0.746,48.1600104,-103.63478909999999,North Dakota,CHI St. Alexius Health Williston Medical Center,-103.645382,48.155603,0.9280357829175763 km,201,2018,"Census Tract 9538, Williams County, North Dakota",953800,38,105,38105953800,2656,1373,1283,36.9,505,2433.0,92.0,0.0,75.0,0.0,0.0,2266.0,223.0,38.0,2266.0,44574.0,2471.0,209.0,127.0,300.0,180.0,230.0,182.0,161.0,495.0,2481,2413,68,38,105,953800,3560.3217159999995,1261.7789999999998,13
200,52157,52593,ND,38105954100,4.137,48.1362661,-103.6495275,North Dakota,CHI St. Alexius Health Williston Medical Center,-103.645382,48.155603,2.172148013853606 km,1,2018,"Census Tract 9541, Williams County, North Dakota",954100,38,105,38105954100,5772,3170,2602,36.3,577,5440.0,210.0,46.0,83.0,0.0,91.0,5010.0,304.0,206.0,4875.0,39769.0,5541.0,641.0,294.0,371.0,534.0,575.0,514.0,400.0,875.0,5676,5122,554,38,105,954100,1395.213923,2251.7720000000004,8
201,52162,52598,ND,38105953700,30.18,48.1794747,-103.6637182,North Dakota,CHI St. Alexius Health Williston Medical Center,-103.645382,48.155603,2.9842888715293903 km,0,2018,"Census Tract 9537, Williams County, North Dakota",953700,38,105,38105953700,14744,8215,6529,28.2,589,13795.0,354.0,146.0,783.0,0.0,1421.0,11091.0,691.0,1857.0,10670.0,42491.0,14250.0,1122.0,463.0,891.0,1382.0,1494.0,1175.0,450.0,2651.0,14719,12365,2354,38,105,953700,488.5354539,4531.865,20
202,52182,52618,ND,38053962500,1119.322,47.689231400000004,-103.7871557,North Dakota,McKenzie County Healthcare System,-103.27145,47.80357,40.70877190761345 km,103,2018,"Census Tract 9625, McKenzie County, North Dakota",962500,38,53,38053962500,1486,805,681,30.1,110,1449.0,2.0,2.0,9.0,0.0,3.0,1433.0,24.0,23.0,1424.0,32188.0,1467.0,230.0,77.0,91.0,91.0,152.0,73.0,32.0,188.0,1486,1212,274,38,53,962500,1.32758938,54085.94700000001,41
203,52188,52624,ND,38033962900,1000.885,46.938923700000004,-103.8446117,North Dakota,CHI St. Alexius Dickinson,-102.821802,46.889705,78.10641503399398 km,110,2018,"Census Tract 9629, Golden Valley County, North Dakota",962900,38,33,38033962900,1882,892,990,44.6,406,1821.0,26.0,0.0,0.0,0.0,0.0,1795.0,26.0,60.0,1746.0,30442.0,1790.0,270.0,69.0,242.0,222.0,233.0,162.0,62.0,163.0,1825,1634,191,38,33,962900,1.8803359030000002,81966.651,26
204,52190,52626,ND,38105953500,777.683,48.334205,-103.85350940000001,North Dakota,CHI St. Alexius Health Williston Medical Center,-103.645382,48.155603,25.166500732749146 km,203,2018,"Census Tract 9535, Williams County, North Dakota",953500,38,105,38105953500,2209,1208,1001,32.2,205,1985.0,203.0,28.0,20.0,0.0,11.0,1723.0,142.0,81.0,1653.0,48317.0,2122.0,147.0,45.0,134.0,126.0,275.0,207.0,34.0,416.0,2209,2032,177,38,105,953500,2.8404889910000004,33159.573000000004,26
