,index,Unnamed: 0,USPS,GEOID,ALAND_SQMI,ORIG_LAT,ORIG_LONG,Hospital,DEST_LAT,DEST_LONG,AERIAL_3,Unnamed: 0.1,Year,Name Returned,Tract,State,County,Geographical ID,Total Population,Pop. Male,Pop. Female,Median Age All,Pop. Over 65 Years,Pop. Race,Pop. AmInd or Alaska Alone,Pop. Asian Alone,Pop. Black or AfrAm Alone,Pop. Hawaiian or PacIsl Alone,Pop. Other Race Alone,Pop. White Alone,Two or more races,Pop. Hispanic or Latino,Pop. Not Hispanic or Latino,Median Income Last 12 Months,Pop. w Poverty Status,"Income Less than $10,000","Income $10,000-14,999","Income $15,000-24,999","Income $25,000-34,999","Income $35,000-49,999","Income $50,000-64,999","Income $65,000-74,999","Income Over $75,000",Insurance Surveyed,Insured,Noninsured,state,county,tract,POPDENSITY,DISTANCE_ROAD,DISTANCE_TIME
0,51160,51644,SD,46099010402,74.437,43.5830104,-96.5224798,MercyOne Siouxland Medical Center,42.495554,-96.400456,121.2178267,29,2018,"Census Tract 104.02, Minnehaha County, South Dakota",10402,46,99,46099010402,2404,1308,1096,42.7,298,2350.0,20.0,16.0,21.0,0.0,0.0,2293.0,23.0,33.0,2275.0,37614.0,2333.0,184.0,124.0,161.0,345.0,335.0,269.0,73.0,278.0,2404,2252,152,46,99,10402,32.29576689,131211.787,94
1,51197,51681,SD,46099010501,4.113,43.5983907,-96.5623973,MercyOne Siouxland Medical Center,42.495554,-96.400456,123.226548,34,2018,"Census Tract 105.01, Minnehaha County, South Dakota",10501,46,99,46099010501,5374,2579,2795,35.3,709,5143.0,0.0,0.0,0.0,0.0,0.0,5143.0,120.0,56.0,5105.0,38043.0,5238.0,529.0,211.0,556.0,517.0,644.0,510.0,259.0,577.0,5365,5199,166,46,99,10501,1306.588865,136400.98599999995,96
2,51210,51694,SD,46099010502,7.3,43.5674135,-96.57594809999999,MercyOne Siouxland Medical Center,42.495554,-96.400456,119.93224740000002,35,2018,"Census Tract 105.02, Minnehaha County, South Dakota",10502,46,99,46099010502,3826,1884,1942,36.8,349,3779.0,0.0,57.0,44.0,0.0,7.0,3671.0,22.0,7.0,3671.0,42292.0,3801.0,250.0,75.0,248.0,350.0,708.0,403.0,222.0,373.0,3815,3738,77,46,99,10502,524.1095889999999,133667.88499999995,94
3,51214,51698,SD,46127020300,83.411,42.5779284,-96.5765986,Faith Regional Health Services,42.03472,-97.45296,94.13736418,214,2018,"Census Tract 203, Union County, South Dakota",20300,46,127,46127020300,8110,4076,4034,40.5,1109,7728.0,40.0,168.0,79.0,0.0,122.0,7319.0,297.0,323.0,7198.0,41524.0,7993.0,822.0,276.0,711.0,826.0,621.0,752.0,290.0,1620.0,8094,7583,511,46,127,20300,97.22938222,144840.21999999994,123
4,51242,51726,SD,46011958600,360.61800000000005,44.376775099999996,-96.5957541,Mayo Clinic Health System - Southwest Minnesota Region,44.163872999999995,-93.98319599999999,209.91764019999997,7,2018,"Census Tract 9586, Brookings County, South Dakota",958600,46,11,46011958600,3896,1974,1922,36.4,547,3755.0,15.0,33.0,40.0,0.0,45.0,3622.0,101.0,227.0,3462.0,35335.0,3840.0,408.0,180.0,355.0,404.0,614.0,334.0,159.0,281.0,3881,3534,347,46,11,958600,10.80367591,115874.38899999994,67
5,51247,51731,SD,46099010101,165.533,43.75427620000001,-96.6010557,MercyOne Siouxland Medical Center,42.495554,-96.400456,140.7873811,26,2018,"Census Tract 101.01, Minnehaha County, South Dakota",10101,46,99,46099010101,4637,2392,2245,36.6,543,4508.0,42.0,9.0,75.0,7.0,8.0,4367.0,60.0,163.0,4229.0,37556.0,4514.0,440.0,213.0,407.0,410.0,815.0,411.0,205.0,421.0,4560,4226,334,46,99,10101,28.01254131,155420.85199999987,98
6,51269,51753,SD,46101959700,75.563,44.0479447,-96.61036209999999,MercyOne Siouxland Medical Center,42.495554,-96.400456,173.30714530000003,193,2018,"Census Tract 9597, Moody County, South Dakota",959700,46,101,46101959700,3283,1617,1666,37.3,620,2978.0,753.0,135.0,7.0,0.0,13.0,2070.0,248.0,191.0,1952.0,27088.0,3131.0,398.0,241.0,442.0,422.0,382.0,244.0,44.0,136.0,3227,2717,510,46,101,959700,43.44718976,187648.08199999997,107
7,51290,51775,SD,46083010200,41.169,43.304165000000005,-96.6187806,MercyOne Siouxland Medical Center,42.495554,-96.400456,91.58180199,149,2018,"Census Tract 102, Lincoln County, South Dakota",10200,46,83,46083010200,3805,1868,1937,40.8,622,3639.0,101.0,27.0,22.0,0.0,40.0,3449.0,150.0,85.0,3404.0,27293.0,3718.0,624.0,180.0,571.0,469.0,507.0,288.0,89.0,277.0,3734,3271,463,46,83,10200,92.4239112,99923.121,67
8,51300,51785,SD,46083010106,11.120999999999999,43.4787818,-96.6248738,MercyOne Siouxland Medical Center,42.495554,-96.400456,110.7519524,98,2018,"Census Tract 101.06, Lincoln County, South Dakota",10106,46,83,46083010106,1397,751,646,46.4,234,1363.0,8.0,0.0,0.0,0.0,0.0,1355.0,34.0,35.0,1320.0,31806.0,1397.0,212.0,49.0,110.0,190.0,122.0,101.0,61.0,213.0,1392,1308,84,46,83,10106,125.61819979999999,120660.01600000002,76
9,51308,51793,SD,46099010401,7.142,43.5236656,-96.626164,MercyOne Siouxland Medical Center,42.495554,-96.400456,115.68864579999999,28,2018,"Census Tract 104.01, Minnehaha County, South Dakota",10401,46,99,46099010401,3202,1516,1686,35.1,269,3163.0,44.0,84.0,0.0,0.0,18.0,3017.0,5.0,107.0,2928.0,51164.0,3168.0,262.0,123.0,112.0,125.0,389.0,406.0,97.0,603.0,3202,3049,153,46,99,10401,448.3338001,126852.58500000002,80
10,51312,51797,SD,46099010403,12.597999999999999,43.5760973,-96.627586,MercyOne Siouxland Medical Center,42.495554,-96.400456,121.4597706,30,2018,"Census Tract 104.03, Minnehaha County, South Dakota",10403,46,99,46099010403,2254,1207,1047,36.0,210,2210.0,0.0,39.0,0.0,0.0,7.0,2164.0,0.0,7.0,2164.0,47756.0,2210.0,140.0,85.0,98.0,257.0,237.0,241.0,106.0,391.0,2254,2185,69,46,99,10403,178.9172885,133463.004,90
11,51383,51868,SD,46127020100,261.85200000000003,42.9598428,-96.6567672,Avera McKennan,43.534439,-96.715744,64.01566299,215,2018,"Census Tract 201, Union County, South Dakota",20100,46,127,46127020100,4273,2249,2024,41.0,939,4230.0,2.0,8.0,0.0,0.0,8.0,4212.0,26.0,118.0,4110.0,34365.0,4210.0,378.0,319.0,452.0,516.0,753.0,385.0,155.0,278.0,4227,3995,232,46,127,20100,16.31837832,70106.264,62
12,51407,51892,SD,46099000407,1.143,43.5371365,-96.6638811,MercyOne Siouxland Medical Center,42.495554,-96.400456,117.68814259999999,16,2018,"Census Tract 4.07, Minnehaha County, South Dakota",407,46,99,46099000407,3542,1762,1780,36.7,413,3340.0,23.0,0.0,632.0,0.0,5.0,2680.0,202.0,127.0,2621.0,26799.0,3490.0,312.0,296.0,619.0,554.0,383.0,268.0,77.0,171.0,3542,3249,293,46,99,407,3098.862642,128101.66500000001,91
13,51409,51894,SD,46099000408,2.872,43.5658034,-96.6657169,MercyOne Siouxland Medical Center,42.495554,-96.400456,120.84684329999999,17,2018,"Census Tract 4.08, Minnehaha County, South Dakota",408,46,99,46099000408,4842,2563,2279,32.7,393,4739.0,46.0,457.0,1120.0,0.0,173.0,2943.0,47.0,277.0,2863.0,32480.0,4721.0,512.0,212.0,416.0,570.0,648.0,405.0,151.0,298.0,4764,4423,341,46,99,408,1685.933148,131360.67,97
14,51413,51898,SD,46099001803,2.489,43.513439399999996,-96.6679007,MercyOne Siouxland Medical Center,42.495554,-96.400456,115.1629029,24,2018,"Census Tract 18.03, Minnehaha County, South Dakota",1803,46,99,46099001803,8723,4193,4530,36.3,1059,8397.0,87.0,188.0,229.0,0.0,33.0,7860.0,221.0,408.0,7534.0,41074.0,8618.0,701.0,526.0,579.0,768.0,1157.0,833.0,356.0,1361.0,8709,8500,209,46,99,1803,3504.620329,125878.293,83
15,51415,51900,SD,46099000405,1.43,43.550312700000006,-96.6693704,MercyOne Siouxland Medical Center,42.495554,-96.400456,119.20882069999999,136,2018,"Census Tract 4.05, Minnehaha County, South Dakota",405,46,99,46099000405,5111,2457,2654,32.7,603,4657.0,180.0,929.0,590.0,0.0,101.0,2857.0,367.0,323.0,2796.0,23478.0,5013.0,754.0,389.0,696.0,512.0,507.0,244.0,155.0,270.0,5111,4576,535,46,99,405,3574.1258740000003,129818.75300000001,91
16,51421,51906,SD,46101959600,443.82,44.022926899999995,-96.6720322,MercyOne Siouxland Medical Center,42.495554,-96.400456,171.1142533,194,2018,"Census Tract 9596, Moody County, South Dakota",959600,46,101,46101959600,3223,1685,1538,43.3,550,3154.0,55.0,29.0,0.0,0.0,0.0,3070.0,32.0,64.0,3006.0,34314.0,3125.0,450.0,142.0,277.0,368.0,404.0,349.0,111.0,345.0,3223,3044,179,46,101,959600,7.261953044,185619.13100000002,102
17,51429,51914,SD,46099001804,0.772,43.5265206,-96.6737002,MercyOne Siouxland Medical Center,42.495554,-96.400456,116.6791971,25,2018,"Census Tract 18.04, Minnehaha County, South Dakota",1804,46,99,46099001804,4221,2198,2023,38.1,600,4012.0,46.0,100.0,90.0,8.0,60.0,3708.0,157.0,145.0,3639.0,34952.0,4150.0,564.0,163.0,382.0,480.0,638.0,501.0,167.0,279.0,4221,3965,256,46,99,1804,5467.61658,127567.39300000003,87
18,51445,51930,SD,46083010108,82.649,43.391442600000005,-96.67835529999999,MercyOne Siouxland Medical Center,42.495554,-96.400456,102.0772137,100,2018,"Census Tract 101.08, Lincoln County, South Dakota",10108,46,83,46083010108,2292,1150,1142,40.3,270,2218.0,121.0,0.0,0.0,0.0,0.0,2097.0,48.0,9.0,2088.0,38102.0,2259.0,269.0,52.0,151.0,270.0,194.0,216.0,86.0,338.0,2284,2145,139,46,83,10108,27.73173299,112336.31700000001,65
19,51457,51942,SD,46099000406,0.557,43.541765000000005,-96.68596540000001,MercyOne Siouxland Medical Center,42.495554,-96.400456,118.533892,15,2018,"Census Tract 4.06, Minnehaha County, South Dakota",406,46,99,46099000406,2788,1425,1363,38.8,388,2649.0,11.0,87.0,283.0,0.0,0.0,2268.0,118.0,29.0,2239.0,28500.0,2759.0,313.0,220.0,333.0,420.0,411.0,254.0,90.0,57.0,2788,2588,200,46,99,406,5005.385996,130032.85800000001,84
20,51459,51944,SD,46099001801,1.524,43.5196324,-96.6876373,MercyOne Siouxland Medical Center,42.495554,-96.400456,116.152002,119,2018,"Census Tract 18.01, Minnehaha County, South Dakota",1801,46,99,46099001801,6725,3226,3499,38.0,985,6415.0,216.0,151.0,319.0,0.0,17.0,5712.0,211.0,82.0,5680.0,28265.0,6597.0,843.0,576.0,867.0,960.0,698.0,630.0,141.0,639.0,6696,6368,328,46,99,1801,4412.7296590000005,127824.19100000002,93
21,51473,51958,SD,46039953700,15.522,44.7521341,-96.6904395,Lisbon Area Health Services,46.438375,-97.68144000000001,202.7346886,221,2018,"Census Tract 9537, Deuel County, South Dakota",953700,46,39,46039953700,1458,743,715,46.2,353,1421.0,1.0,0.0,0.0,0.0,0.0,1420.0,9.0,66.0,1354.0,33571.0,1364.0,144.0,108.0,127.0,227.0,228.0,186.0,45.0,99.0,1392,1274,118,46,39,953700,93.93119443,244017.4990000001,106
22,51503,51988,SD,46099000401,0.659,43.5480758,-96.69753840000001,MercyOne Siouxland Medical Center,42.495554,-96.400456,119.40894899999999,108,2018,"Census Tract 4.01, Minnehaha County, South Dakota",401,46,99,46099000401,2929,1475,1454,36.8,408,2817.0,79.0,0.0,570.0,0.0,231.0,1937.0,48.0,285.0,1883.0,31822.0,2815.0,260.0,156.0,262.0,448.0,532.0,188.0,40.0,111.0,2929,2384,545,46,99,401,4444.61305,130785.272,80
23,51513,51998,SD,46127020200,115.493,42.7384901,-96.7022945,Avera McKennan,43.534439,-96.715744,88.43302878,216,2018,"Census Tract 202, Union County, South Dakota",20200,46,127,46127020200,2794,1368,1426,40.5,511,2740.0,85.0,0.0,49.0,0.0,0.0,2606.0,4.0,15.0,2591.0,34720.0,2668.0,350.0,146.0,265.0,273.0,305.0,283.0,119.0,303.0,2721,2571,150,46,127,20200,24.19194237,91596.36600000002,66
24,51514,51999,SD,46083010400,269.14799999999997,43.1655774,-96.7025835,MercyOne Siouxland Medical Center,42.495554,-96.400456,78.42467985,150,2018,"Census Tract 104, Lincoln County, South Dakota",10400,46,83,46083010400,2917,1478,1439,44.2,546,2892.0,3.0,0.0,0.0,2.0,0.0,2887.0,0.0,0.0,2887.0,30186.0,2810.0,336.0,236.0,332.0,355.0,302.0,233.0,99.0,353.0,2833,2693,140,46,83,10400,10.83790331,89773.73999999999,53
25,51518,52003,SD,46083010107,17.869,43.431526299999994,-96.70299890000001,MercyOne Siouxland Medical Center,42.495554,-96.400456,106.86864070000001,99,2018,"Census Tract 101.07, Lincoln County, South Dakota",10107,46,83,46083010107,6419,3209,3210,29.7,348,5999.0,0.0,0.0,31.0,8.0,0.0,5960.0,240.0,51.0,5934.0,40171.0,6209.0,516.0,196.0,333.0,675.0,1116.0,634.0,248.0,511.0,6419,6111,308,46,83,10107,359.22547430000003,118282.707,73
26,51535,52020,SD,46099001700,0.6659999999999999,43.5270177,-96.7068364,MercyOne Siouxland Medical Center,42.495554,-96.400456,117.2788506,110,2018,"Census Tract 17, Minnehaha County, South Dakota",1700,46,99,46099001700,2162,973,1189,35.4,323,2092.0,107.0,19.0,98.0,0.0,10.0,1858.0,67.0,68.0,1808.0,34852.0,2159.0,123.0,119.0,244.0,351.0,469.0,234.0,71.0,56.0,2162,1975,187,46,99,1700,3246.246246,129548.50699999998,79
27,51537,52022,SD,46099000500,1.05,43.5417946,-96.70705500000001,MercyOne Siouxland Medical Center,42.495554,-96.400456,118.88656920000001,123,2018,"Census Tract 5, Minnehaha County, South Dakota",500,46,99,46099000500,3506,1863,1643,31.8,326,3228.0,135.0,25.0,404.0,0.0,29.0,2635.0,195.0,293.0,2371.0,21843.0,3423.0,660.0,289.0,498.0,363.0,455.0,161.0,89.0,61.0,3506,2925,581,46,99,500,3339.047619,130387.74100000001,90
28,51539,52024,SD,46099000300,1.516,43.5608629,-96.7079476,MercyOne Siouxland Medical Center,42.495554,-96.400456,120.97284609999998,112,2018,"Census Tract 3, Minnehaha County, South Dakota",300,46,99,46099000300,3543,2092,1451,39.8,424,3384.0,46.0,144.0,341.0,0.0,86.0,2767.0,148.0,735.0,2198.0,26162.0,3523.0,581.0,282.0,419.0,615.0,602.0,228.0,50.0,50.0,3540,3112,428,46,99,300,2337.0712399999998,133157.48999999996,85
29,51540,52025,SD,46083010104,10.859000000000002,43.4804434,-96.70801230000001,MercyOne Siouxland Medical Center,42.495554,-96.400456,112.25195959999999,96,2018,"Census Tract 101.04, Lincoln County, South Dakota",10104,46,83,46083010104,12386,6019,6367,39.3,1684,11958.0,3.0,298.0,57.0,0.0,42.0,11558.0,245.0,180.0,11420.0,43348.0,12203.0,1078.0,704.0,857.0,1090.0,1372.0,1038.0,456.0,2221.0,12360,11877,483,46,83,10104,1140.620683,124445.71100000001,72
30,51545,52030,SD,46099010102,24.553,43.8179833,-96.70989159999999,MercyOne Siouxland Medical Center,42.495554,-96.400456,149.0560496,27,2018,"Census Tract 101.02, Minnehaha County, South Dakota",10102,46,99,46099010102,4196,2196,2000,35.4,672,4043.0,68.0,16.0,0.0,7.0,62.0,3890.0,101.0,115.0,3808.0,34355.0,4050.0,498.0,183.0,420.0,487.0,535.0,520.0,173.0,295.0,4134,3817,317,46,99,10102,170.8956136,161631.2190000001,98
31,51546,52031,SD,46051953100,179.695,45.2714168,-96.7103613,Essentia Health - Fargo,46.831724,-96.827792,173.6696621,104,2018,"Census Tract 9531, Grant County, South Dakota",953100,46,51,46051953100,5128,2626,2502,44.2,1073,4920.0,191.0,7.0,11.0,0.0,7.0,4704.0,99.0,14.0,4697.0,30625.0,4964.0,520.0,315.0,606.0,687.0,732.0,525.0,154.0,405.0,5085,4860,225,46,51,953100,28.53724366,187409.78099999993,75
32,51556,52041,SD,46099001902,2.7939999999999996,43.508624499999996,-96.712374,MercyOne Siouxland Medical Center,42.495554,-96.400456,115.3825101,107,2018,"Census Tract 19.02, Minnehaha County, South Dakota",1902,46,99,46099001902,5168,2444,2724,45.0,1079,5145.0,0.0,17.0,0.0,0.0,0.0,5128.0,0.0,12.0,5116.0,43009.0,5145.0,485.0,230.0,413.0,405.0,861.0,476.0,319.0,894.0,5168,5012,156,46,99,1902,1849.6778809999998,127208.15299999999,79
33,51568,52053,SD,46099001901,0.499,43.517734399999995,-96.7204265,MercyOne Siouxland Medical Center,42.495554,-96.400456,116.51477779999999,120,2018,"Census Tract 19.01, Minnehaha County, South Dakota",1901,46,99,46099001901,1945,1004,941,40.7,231,1885.0,60.0,91.0,22.0,0.0,0.0,1712.0,52.0,18.0,1706.0,39967.0,1921.0,183.0,88.0,130.0,274.0,202.0,294.0,94.0,244.0,1938,1851,87,46,99,1901,3897.7955909999996,129177.978,76
34,51572,52057,SD,46099001600,0.7240000000000001,43.5279237,-96.72154090000001,MercyOne Siouxland Medical Center,42.495554,-96.400456,117.6380707,118,2018,"Census Tract 16, Minnehaha County, South Dakota",1600,46,99,46099001600,3215,1493,1722,39.0,483,3053.0,0.0,19.0,0.0,0.0,0.0,3034.0,117.0,56.0,2989.0,52741.0,3170.0,174.0,119.0,233.0,268.0,331.0,469.0,252.0,497.0,3215,3148,67,46,99,1600,4440.6077350000005,129957.853,89
35,51584,52069,SD,46099000600,0.371,43.5379766,-96.72460040000001,MercyOne Siouxland Medical Center,42.495554,-96.400456,118.78199120000001,117,2018,"Census Tract 6, Minnehaha County, South Dakota",600,46,99,46099000600,2284,1197,1087,32.8,262,2231.0,122.0,0.0,111.0,0.0,15.0,1983.0,15.0,17.0,1983.0,28390.0,2241.0,248.0,150.0,408.0,444.0,271.0,181.0,31.0,145.0,2279,1908,371,46,99,600,6156.334232,131150.05999999994,96
36,51590,52075,SD,46099000100,8.675,43.5837376,-96.72582220000001,MercyOne Siouxland Medical Center,42.495554,-96.400456,123.76315840000001,113,2018,"Census Tract 1, Minnehaha County, South Dakota",100,46,99,46099000100,4928,3114,1814,31.4,337,4667.0,813.0,26.0,549.0,3.0,100.0,3176.0,209.0,241.0,3114.0,21235.0,3425.0,921.0,558.0,485.0,736.0,415.0,203.0,38.0,131.0,3591,3308,283,46,99,100,568.0691642999999,136024.373,94
37,51600,52085,SD,46099000700,0.701,43.545335200000004,-96.73202890000002,MercyOne Siouxland Medical Center,42.495554,-96.400456,119.71409779999999,114,2018,"Census Tract 7, Minnehaha County, South Dakota",700,46,99,46099000700,5189,3025,2164,30.9,395,5147.0,423.0,118.0,782.0,0.0,20.0,3804.0,18.0,237.0,3587.0,24261.0,5148.0,789.0,428.0,813.0,849.0,658.0,296.0,14.0,129.0,5189,4480,709,46,99,700,7402.282454000001,131561.11899999998,98
38,51611,52096,SD,46099001500,1.456,43.5202432,-96.7371926,MercyOne Siouxland Medical Center,42.495554,-96.400456,117.09922790000002,116,2018,"Census Tract 15, Minnehaha County, South Dakota",1500,46,99,46099001500,6053,2666,3387,25.5,525,5630.0,141.0,28.0,415.0,0.0,117.0,4929.0,202.0,336.0,4740.0,22899.0,4578.0,1328.0,472.0,715.0,864.0,943.0,119.0,67.0,132.0,5791,5041,750,46,99,1500,4157.280220000001,129281.69399999996,79
39,51627,52112,SD,46099010404,71.584,43.631493799999994,-96.7428196,MercyOne Siouxland Medical Center,42.495554,-96.400456,129.2404294,31,2018,"Census Tract 104.04, Minnehaha County, South Dakota",10404,46,99,46099010404,4717,2476,2241,39.8,672,4564.0,69.0,3.0,209.0,0.0,8.0,4275.0,110.0,58.0,4217.0,39947.0,4615.0,512.0,180.0,421.0,417.0,669.0,537.0,166.0,599.0,4691,4431,260,46,99,10404,65.89461332,142420.10200000007,88
40,51636,52121,SD,46099000201,1.035,43.55449229999999,-96.7447999,MercyOne Siouxland Medical Center,42.495554,-96.400456,120.94227679999999,134,2018,"Census Tract 2.01, Minnehaha County, South Dakota",201,46,99,46099000201,3908,2011,1897,35.6,658,3778.0,401.0,166.0,552.0,0.0,121.0,2538.0,69.0,318.0,2381.0,23301.0,3694.0,738.0,272.0,648.0,485.0,420.0,225.0,50.0,164.0,3727,3260,467,46,99,201,3775.845411,133541.07100000005,91
41,51639,52124,SD,46099010600,1.01,43.5269123,-96.74525799999999,MercyOne Siouxland Medical Center,42.495554,-96.400456,117.97424170000001,36,2018,"Census Tract 106, Minnehaha County, South Dakota",10600,46,99,46099010600,5078,2643,2435,28.8,606,4918.0,119.0,63.0,305.0,0.0,65.0,4366.0,102.0,86.0,4345.0,21829.0,3949.0,1320.0,397.0,501.0,663.0,685.0,259.0,58.0,248.0,4961,4428,533,46,99,10600,5027.722772,130659.84599999996,83
42,51656,52141,SD,46099000900,0.718,43.5451725,-96.75294709999999,MercyOne Siouxland Medical Center,42.495554,-96.400456,120.09296640000001,122,2018,"Census Tract 9, Minnehaha County, South Dakota",900,46,99,46099000900,3427,1762,1665,33.6,322,3236.0,42.0,16.0,460.0,0.0,114.0,2604.0,138.0,149.0,2551.0,30724.0,3374.0,319.0,243.0,425.0,546.0,669.0,241.0,23.0,17.0,3427,2870,557,46,99,900,4772.980501,133013.87100000007,86
43,51688,52173,SD,46099001200,1.6969999999999998,43.5283122,-96.7606216,MercyOne Siouxland Medical Center,42.495554,-96.400456,118.4295024,115,2018,"Census Tract 12, Minnehaha County, South Dakota",1200,46,99,46099001200,4405,2091,2314,47.4,1176,4377.0,24.0,40.0,166.0,0.0,0.0,4147.0,28.0,10.0,4147.0,34636.0,4264.0,483.0,335.0,461.0,593.0,631.0,319.0,184.0,690.0,4264,4161,103,46,99,1200,2595.757219,131589.87399999995,88
44,51716,52201,SD,46099000202,1.8,43.5553944,-96.7683441,MercyOne Siouxland Medical Center,42.495554,-96.400456,121.49899450000001,135,2018,"Census Tract 2.02, Minnehaha County, South Dakota",202,46,99,46099000202,2587,1486,1101,31.7,336,2469.0,0.0,139.0,234.0,0.0,0.0,2096.0,73.0,261.0,1835.0,29464.0,2523.0,244.0,113.0,410.0,391.0,398.0,88.0,69.0,70.0,2587,2294,293,46,99,202,1437.222222,134714.79399999997,79
45,51719,52204,SD,46099001101,2.167,43.5111881,-96.769465,MercyOne Siouxland Medical Center,42.495554,-96.400456,116.7720455,111,2018,"Census Tract 11.01, Minnehaha County, South Dakota",1101,46,99,46099001101,4627,1908,2719,36.5,1076,4418.0,70.0,88.0,104.0,0.0,128.0,4028.0,193.0,685.0,3471.0,26911.0,4521.0,389.0,471.0,798.0,1121.0,488.0,342.0,71.0,226.0,4627,4141,486,46,99,1101,2135.209968,130503.62999999996,76
46,51722,52207,SD,46083010102,6.546,43.4799912,-96.77129659999999,MercyOne Siouxland Medical Center,42.495554,-96.400456,113.46829369999999,94,2018,"Census Tract 101.02, Lincoln County, South Dakota",10102,46,83,46083010102,8526,3940,4586,35.7,1391,8272.0,29.0,187.0,25.0,7.0,167.0,7857.0,108.0,315.0,7764.0,44990.0,8380.0,593.0,224.0,489.0,905.0,938.0,992.0,337.0,1375.0,8510,8208,302,46,83,10102,1302.474794,127177.094,78
47,51733,52218,SD,46011958900,6.519,44.333340899999996,-96.7736111,MercyOne Siouxland Medical Center,42.495554,-96.400456,206.40351040000002,8,2018,"Census Tract 9589, Brookings County, South Dakota",958900,46,11,46011958900,7722,4252,3470,21.3,548,7609.0,76.0,235.0,221.0,4.0,33.0,7040.0,78.0,151.0,6922.0,10247.0,5128.0,3324.0,781.0,786.0,367.0,712.0,397.0,83.0,303.0,7722,7275,447,46,11,958900,1184.5375060000001,221531.61699999994,109
48,51737,52222,SD,46039953600,607.217,44.6519784,-96.7742889,Lisbon Area Health Services,46.438375,-97.68144000000001,210.80111209999998,220,2018,"Census Tract 9536, Deuel County, South Dakota",953600,46,39,46039953600,2848,1512,1336,43.5,560,2785.0,0.0,0.0,0.0,0.0,3.0,2782.0,3.0,58.0,2729.0,30089.0,2778.0,369.0,213.0,280.0,413.0,315.0,135.0,117.0,255.0,2848,2691,157,46,39,953600,4.690250767,242433.96500000008,100
49,51738,52223,SD,46011959000,4.913,44.2768342,-96.7748038,MercyOne Siouxland Medical Center,42.495554,-96.400456,200.2111293,9,2018,"Census Tract 9590, Brookings County, South Dakota",959000,46,11,46011959000,5739,2812,2927,31.2,777,5549.0,0.0,268.0,0.0,0.0,68.0,5213.0,148.0,236.0,5078.0,35309.0,5676.0,390.0,626.0,540.0,613.0,883.0,553.0,186.0,595.0,5739,5438,301,46,11,959000,1168.125382,217629.09299999994,113
50,51752,52237,SD,46051953300,501.751,45.142757,-96.777102,Avera McKennan,43.534439,-96.715744,178.7814165,80,2018,"Census Tract 9533, Grant County, South Dakota",953300,46,51,46051953300,2089,1130,959,42.2,377,2042.0,11.0,7.0,0.0,0.0,14.0,2010.0,35.0,147.0,1874.0,32500.0,2053.0,265.0,110.0,195.0,254.0,254.0,189.0,55.0,202.0,2089,1933,156,46,51,953300,4.163419704,188691.08299999975,88
51,51773,52258,SD,46099010405,9.91,43.591029,-96.7814625,MercyOne Siouxland Medical Center,42.495554,-96.400456,125.59730790000002,32,2018,"Census Tract 104.05, Minnehaha County, South Dakota",10405,46,99,46099010405,4919,2509,2410,28.0,278,4683.0,10.0,129.0,337.0,0.0,59.0,4148.0,113.0,205.0,4002.0,31730.0,4611.0,516.0,262.0,459.0,847.0,768.0,379.0,162.0,274.0,4906,4664,242,46,99,10405,496.3673058,138493.58099999995,83
52,51791,52276,SD,46099001002,1.611,43.5375821,-96.7869387,MercyOne Siouxland Medical Center,42.495554,-96.400456,119.9723742,19,2018,"Census Tract 10.02, Minnehaha County, South Dakota",1002,46,99,46099001002,5931,2969,2962,32.9,511,5553.0,670.0,54.0,0.0,0.0,521.0,4308.0,233.0,1065.0,3892.0,28396.0,5725.0,618.0,174.0,854.0,891.0,597.0,599.0,98.0,163.0,5864,4951,913,46,99,1002,3681.564246,133044.01900000006,80
53,51797,52282,SD,46109950400,208.391,45.4050231,-96.7881005,Essentia Health - Fargo,46.831724,-96.827792,158.6126521,145,2018,"Census Tract 9504, Roberts County, South Dakota",950400,46,109,46109950400,1960,1079,881,53.0,563,1927.0,16.0,8.0,4.0,0.0,0.0,1899.0,4.0,86.0,1815.0,28932.0,1901.0,257.0,149.0,278.0,263.0,251.0,165.0,46.0,202.0,1929,1776,153,46,109,950400,9.405396586,169035.30499999996,68
54,51801,52286,SD,46099001107,1.105,43.5244033,-96.79006509999999,MercyOne Siouxland Medical Center,42.495554,-96.400456,118.6290699,22,2018,"Census Tract 11.07, Minnehaha County, South Dakota",1107,46,99,46099001107,3601,1926,1675,36.3,495,3185.0,81.0,0.0,61.0,0.0,0.0,3043.0,388.0,223.0,2916.0,36487.0,3548.0,290.0,133.0,384.0,435.0,576.0,371.0,146.0,243.0,3601,3401,200,46,99,1107,3258.823529,131261.11099999998,75
55,51810,52295,SD,46099001108,0.825,43.5082124,-96.7917235,MercyOne Siouxland Medical Center,42.495554,-96.400456,116.9348481,23,2018,"Census Tract 11.08, Minnehaha County, South Dakota",1108,46,99,46099001108,4903,2020,2883,41.8,1190,4768.0,42.0,123.0,227.0,0.0,159.0,4217.0,135.0,87.0,4130.0,30280.0,4582.0,477.0,458.0,560.0,706.0,743.0,345.0,296.0,176.0,4619,4285,334,46,99,1108,5943.0303030000005,129885.45399999998,76
56,51853,52338,SD,46099001001,2.625,43.550292999999996,-96.8050218,MercyOne Siouxland Medical Center,42.495554,-96.400456,121.7257213,18,2018,"Census Tract 10.01, Minnehaha County, South Dakota",1001,46,99,46099001001,3694,1874,1820,34.1,457,3441.0,20.0,9.0,7.0,14.0,137.0,3254.0,188.0,594.0,2820.0,27258.0,3629.0,492.0,205.0,499.0,355.0,619.0,325.0,72.0,58.0,3694,3248,446,46,99,1001,1407.238095,134800.47599999997,84
57,51866,52351,SD,46011958803,6.005,44.2753973,-96.80860820000001,MercyOne Siouxland Medical Center,42.495554,-96.400456,200.4868409,54,2018,"Census Tract 9588.03, Brookings County, South Dakota",958803,46,11,46011958803,5417,2602,2815,31.4,677,5311.0,6.0,244.0,52.0,0.0,26.0,4983.0,47.0,41.0,4968.0,37335.0,5358.0,558.0,245.0,483.0,413.0,685.0,552.0,196.0,606.0,5401,5156,245,46,11,958803,902.0815987,216419.78800000003,108
58,51867,52352,SD,46083010103,1.261,43.4953093,-96.8086314,MercyOne Siouxland Medical Center,42.495554,-96.400456,115.94549209999998,95,2018,"Census Tract 101.03, Lincoln County, South Dakota",10103,46,83,46083010103,5598,2765,2833,28.7,239,5355.0,0.0,83.0,450.0,0.0,0.0,4822.0,109.0,274.0,4548.0,38618.0,5432.0,330.0,301.0,400.0,619.0,1157.0,543.0,206.0,406.0,5598,5520,78,46,83,10103,4439.3338619999995,127835.15499999996,75
59,51893,52378,SD,46099001106,2.9160000000000004,43.5276664,-96.8149935,MercyOne Siouxland Medical Center,42.495554,-96.400456,119.536731,21,2018,"Census Tract 11.06, Minnehaha County, South Dakota",1106,46,99,46099001106,12224,5853,6371,36.0,1137,12114.0,25.0,131.0,278.0,0.0,85.0,11595.0,0.0,475.0,11174.0,44691.0,12076.0,927.0,548.0,806.0,984.0,1397.0,1434.0,587.0,1831.0,12224,11955,269,46,99,1106,4192.043896,131567.58499999996,85
60,51895,52380,SD,46099001105,1.5430000000000001,43.5075375,-96.81540820000001,MercyOne Siouxland Medical Center,42.495554,-96.400456,117.40463170000001,20,2018,"Census Tract 11.05, Minnehaha County, South Dakota",1105,46,99,46099001105,7382,3862,3520,31.3,605,6752.0,0.0,248.0,130.0,0.0,0.0,6374.0,418.0,72.0,6315.0,40883.0,7165.0,507.0,335.0,749.0,539.0,1629.0,1099.0,211.0,277.0,7358,6940,418,46,99,1105,4784.186649,129638.52799999995,82
61,51903,52388,SD,46083010300,107.49600000000001,43.3241305,-96.8182239,MercyOne Siouxland Medical Center,42.495554,-96.400456,98.16554819,151,2018,"Census Tract 103, Lincoln County, South Dakota",10300,46,83,46083010300,5193,2690,2503,35.8,724,5081.0,32.0,0.0,43.0,0.0,25.0,4981.0,50.0,0.0,4981.0,32530.0,5050.0,407.0,334.0,549.0,678.0,836.0,360.0,103.0,422.0,5110,4834,276,46,83,10300,48.30877428,110886.84799999995,57
62,51905,52390,SD,46011958802,15.030999999999999,44.3339133,-96.81880600000001,MercyOne Siouxland Medical Center,42.495554,-96.400456,207.03368569999998,53,2018,"Census Tract 9588.02, Brookings County, South Dakota",958802,46,11,46011958802,6291,3267,3024,25.2,459,6119.0,225.0,135.0,232.0,4.0,0.0,5523.0,84.0,177.0,5406.0,17632.0,5367.0,1497.0,715.0,1095.0,673.0,759.0,285.0,36.0,194.0,6190,5791,399,46,11,958802,418.53502760000003,223468.44299999997,113
63,51940,52426,SD,46083010101,10.386,43.4537441,-96.83171379999999,MercyOne Siouxland Medical Center,42.495554,-96.400456,112.10962279999998,93,2018,"Census Tract 101.01, Lincoln County, South Dakota",10101,46,83,46083010101,5521,2855,2666,29.1,257,5439.0,13.0,10.0,18.0,0.0,30.0,5368.0,10.0,150.0,5248.0,40126.0,5410.0,363.0,179.0,487.0,495.0,595.0,691.0,246.0,493.0,5510,5345,165,46,83,10101,531.5809744,124946.84899999994,73
64,52009,52495,SD,46099010406,25.845,43.5667055,-96.8583904,MercyOne Siouxland Medical Center,42.495554,-96.400456,124.7125719,33,2018,"Census Tract 104.06, Minnehaha County, South Dakota",10406,46,99,46099010406,3373,1672,1701,33.0,251,3167.0,0.0,157.0,16.0,0.0,21.0,2973.0,144.0,166.0,2828.0,44137.0,3311.0,227.0,51.0,238.0,239.0,670.0,371.0,117.0,493.0,3373,3286,87,46,99,10406,130.5088025,140598.86199999996,80
65,52067,52553,SD,46083010105,18.79,43.4714136,-96.87968029999999,MercyOne Siouxland Medical Center,42.495554,-96.400456,115.2410732,97,2018,"Census Tract 101.05, Lincoln County, South Dakota",10105,46,83,46083010105,860,427,433,38.8,78,841.0,0.0,0.0,0.0,0.0,0.0,841.0,14.0,0.0,841.0,43947.0,855.0,112.0,17.0,32.0,40.0,116.0,108.0,23.0,134.0,860,832,28,46,83,10105,45.76902608,131650.92099999997,70
66,52154,52641,SD,46027965700,26.586,42.767250399999995,-96.92432,Avera McKennan,43.534439,-96.715744,86.90341876,130,2018,"Census Tract 9657, Clay County, South Dakota",965700,46,27,46027965700,5067,2470,2597,28.8,677,4839.0,344.0,160.0,28.0,0.0,15.0,4292.0,47.0,86.0,4265.0,30310.0,4739.0,775.0,467.0,409.0,397.0,633.0,343.0,102.0,564.0,4972,4526,446,46,27,965700,190.58903180000001,100183.62099999997,77
67,52164,52651,SD,46109940700,499.522,45.8123364,-96.9277941,Essentia Health - Fargo,46.831724,-96.827792,113.5740739,44,2018,"Census Tract 9407, Roberts County, South Dakota",940700,46,109,46109940700,2137,1092,1045,44.3,440,2085.0,450.0,3.0,17.0,0.0,0.0,1615.0,38.0,13.0,1602.0,30833.0,2108.0,233.0,164.0,287.0,181.0,289.0,151.0,81.0,220.0,2122,1843,279,46,109,940700,4.278089854,120792.72499999999,51
68,52171,52658,SD,46027965900,1.21,42.7831895,-96.9310376,Avera McKennan,43.534439,-96.715744,85.27760135,63,2018,"Census Tract 9659, Clay County, South Dakota",965900,46,27,46027965900,5954,2951,3003,21.5,313,5707.0,118.0,178.0,129.0,0.0,67.0,5215.0,232.0,248.0,5055.0,8472.0,4028.0,2846.0,652.0,547.0,434.0,339.0,139.0,50.0,180.0,5931,5586,345,46,27,965900,4920.6611570000005,98223.85199999997,73
69,52184,52672,SD,46099010200,212.85299999999998,43.7527473,-96.9421171,MercyOne Siouxland Medical Center,42.495554,-96.400456,146.45751140000002,121,2018,"Census Tract 102, Minnehaha County, South Dakota",10200,46,99,46099010200,2914,1502,1412,38.0,429,2841.0,3.0,0.0,4.0,0.0,2.0,2832.0,28.0,68.0,2766.0,37488.0,2847.0,288.0,162.0,186.0,309.0,413.0,340.0,60.0,343.0,2914,2813,101,46,99,10200,13.69019934,164416.798,96
70,52209,52697,SD,46011958700,399.139,44.3768834,-96.9578437,MercyOne Siouxland Medical Center,42.495554,-96.400456,213.8324389,10,2018,"Census Tract 9587, Brookings County, South Dakota",958700,46,11,46011958700,5174,2631,2543,35.8,815,5014.0,11.0,33.0,0.0,0.0,5.0,4965.0,38.0,138.0,4856.0,37558.0,5036.0,563.0,266.0,449.0,503.0,700.0,503.0,197.0,594.0,5174,4852,322,46,11,958700,12.96290265,237678.822,119
71,52239,52727,SD,46027965800,384.235,42.9270819,-96.9757397,Avera McKennan,43.534439,-96.715744,70.70390007,129,2018,"Census Tract 9658, Clay County, South Dakota",965800,46,27,46027965800,2904,1458,1446,46.2,618,2861.0,16.0,0.0,4.0,0.0,57.0,2784.0,27.0,62.0,2779.0,31413.0,2796.0,326.0,201.0,275.0,441.0,293.0,254.0,79.0,339.0,2828,2588,240,46,27,965800,7.557874738,86329.58199999997,67
72,52305,52793,SD,46079960300,136.713,43.9857262,-96.9992786,MercyOne Siouxland Medical Center,42.495554,-96.400456,172.54954130000002,154,2018,"Census Tract 9603, Lake County, South Dakota",960300,46,79,46079960300,2557,1422,1135,52.2,500,2532.0,0.0,5.0,4.0,0.0,6.0,2517.0,9.0,12.0,2511.0,40830.0,2537.0,283.0,120.0,173.0,298.0,400.0,222.0,166.0,397.0,2557,2401,156,46,79,960300,18.70341518,194860.04000000007,109
73,52306,52794,SD,46057955100,190.99599999999998,44.6600323,-96.99957359999999,Lisbon Area Health Services,46.438375,-97.68144000000001,204.69389730000003,14,2018,"Census Tract 9551, Hamlin County, South Dakota",955100,46,57,46057955100,2685,1434,1251,38.5,432,2599.0,20.0,16.0,13.0,0.0,53.0,2497.0,34.0,195.0,2364.0,33255.0,2575.0,212.0,174.0,300.0,322.0,452.0,236.0,70.0,183.0,2631,2440,191,46,57,955100,14.05788603,235426.59600000008,105
74,52314,52802,SD,46029954100,273.986,44.973579,-97.0024955,Lisbon Area Health Services,46.438375,-97.68144000000001,171.1735072,160,2018,"Census Tract 9541, Codington County, South Dakota",954100,46,29,46029954100,3534,1920,1614,42.4,502,3444.0,50.0,7.0,24.0,0.0,24.0,3339.0,46.0,87.0,3290.0,38621.0,3442.0,326.0,198.0,334.0,303.0,531.0,463.0,150.0,294.0,3512,3410,102,46,29,954100,12.89846926,205059.86000000007,90
75,52342,52831,SD,46099010300,142.019,43.58016,-97.0184151,MercyOne Siouxland Medical Center,42.495554,-96.400456,130.5914436,109,2018,"Census Tract 103, Minnehaha County, South Dakota",10300,46,99,46099010300,6292,3269,3023,33.9,728,6118.0,19.0,21.0,13.0,0.0,5.0,6060.0,44.0,88.0,5984.0,36309.0,6084.0,650.0,229.0,575.0,590.0,1009.0,584.0,305.0,458.0,6253,5942,311,46,99,10300,44.30393116,151903.2529999999,84
76,52378,52867,SD,46109940400,17.419,45.651828200000004,-97.0399632,Essentia Health - Fargo,46.831724,-96.827792,132.1692913,146,2018,"Census Tract 9404, Roberts County, South Dakota",940400,46,109,46109940400,2874,1494,1380,37.4,502,2724.0,1410.0,0.0,21.0,0.0,27.0,1266.0,136.0,146.0,1193.0,23880.0,2739.0,415.0,312.0,351.0,351.0,368.0,130.0,18.0,142.0,2771,2108,663,46,109,940400,164.99224980000002,139934.043,56
77,52393,52882,SD,46109940800,375.716,45.5073006,-97.04747409999999,Essentia Health - Fargo,46.831724,-96.827792,148.1899261,45,2018,"Census Tract 9408, Roberts County, South Dakota",940800,46,109,46109940800,3314,1625,1689,29.4,458,3092.0,1857.0,0.0,21.0,0.0,30.0,1184.0,128.0,97.0,1184.0,21241.0,3166.0,582.0,176.0,361.0,291.0,272.0,169.0,34.0,129.0,3284,2416,868,46,109,940800,8.820492074,156347.13599999994,59
78,52468,52958,SD,46029954301,2.438,44.9024225,-97.0803625,Lisbon Area Health Services,46.438375,-97.68144000000001,177.0202711,64,2018,"Census Tract 9543.01, Codington County, South Dakota",954301,46,29,46029954301,4629,2382,2247,32.3,647,4482.0,166.0,51.0,50.0,12.0,0.0,4203.0,108.0,70.0,4145.0,24328.0,4540.0,804.0,464.0,628.0,619.0,647.0,262.0,103.0,164.0,4579,4226,353,46,29,954301,1898.6874489999998,204039.79900000003,103
79,52532,53022,SD,46029954302,3.425,44.921424,-97.10663170000001,Lisbon Area Health Services,46.438375,-97.68144000000001,174.4462428,65,2018,"Census Tract 9543.02, Codington County, South Dakota",954302,46,29,46029954302,5002,2296,2706,43.9,899,4931.0,0.0,28.0,45.0,0.0,0.0,4858.0,0.0,71.0,4787.0,34695.0,4931.0,456.0,284.0,506.0,638.0,652.0,431.0,83.0,678.0,5002,4966,36,46,29,954302,1460.437956,200857.48200000002,93
80,52534,53024,SD,46029954400,1.375,44.895499900000004,-97.10771020000001,Lisbon Area Health Services,46.438375,-97.68144000000001,177.21355690000001,161,2018,"Census Tract 9544, Codington County, South Dakota",954400,46,29,46029954400,4926,2500,2426,36.2,1074,4624.0,204.0,23.0,33.0,0.0,0.0,4364.0,189.0,181.0,4276.0,26210.0,4572.0,583.0,586.0,603.0,908.0,570.0,393.0,36.0,105.0,4685,4348,337,46,29,954400,3582.5454549999995,202407.84300000002,115
81,52542,53032,SD,46079960200,15.847000000000001,44.0074406,-97.10932209999999,MercyOne Siouxland Medical Center,42.495554,-96.400456,177.55553500000002,156,2018,"Census Tract 9602, Lake County, South Dakota",960200,46,79,46079960200,7493,3770,3723,35.4,1471,7177.0,75.0,226.0,51.0,0.0,10.0,6815.0,243.0,179.0,6687.0,20025.0,6685.0,1634.0,890.0,720.0,933.0,831.0,432.0,106.0,397.0,7333,6664,669,46,79,960200,472.8339749,203408.93500000003,124
82,52595,53086,SD,46125965200,334.652,43.220999400000004,-97.1296483,MercyOne Siouxland Medical Center,42.495554,-96.400456,100.23041070000001,180,2018,"Census Tract 9652, Turner County, South Dakota",965200,46,125,46125965200,4243,2151,2092,42.8,877,4163.0,37.0,0.0,12.0,0.0,0.0,4114.0,29.0,118.0,4004.0,28515.0,4075.0,624.0,308.0,504.0,444.0,547.0,421.0,94.0,236.0,4151,3839,312,46,125,965200,12.6788425,114340.13199999994,68
83,52675,53167,SD,46029954501,16.384,44.8616727,-97.1669678,Lisbon Area Health Services,46.438375,-97.68144000000001,179.7707303,66,2018,"Census Tract 9545.01, Codington County, South Dakota",954501,46,29,46029954501,2464,1172,1292,39.4,340,2422.0,133.0,7.0,12.0,0.0,1.0,2269.0,27.0,27.0,2243.0,29434.0,2449.0,272.0,168.0,350.0,397.0,375.0,191.0,21.0,92.0,2464,2204,260,46,29,954501,150.390625,208925.43200000003,103
84,52679,53171,SD,46125965100,282.41200000000003,43.4079642,-97.1692199,MercyOne Siouxland Medical Center,42.495554,-96.400456,119.20333559999999,179,2018,"Census Tract 9651, Turner County, South Dakota",965100,46,125,46125965100,4021,1987,2034,43.2,800,3891.0,15.0,3.0,15.0,0.0,8.0,3850.0,80.0,66.0,3792.0,33878.0,3895.0,411.0,218.0,539.0,363.0,631.0,391.0,106.0,359.0,3956,3782,174,46,125,965100,14.23806354,136861.34300000002,78
85,52706,53198,SD,46029954502,12.182,44.9159055,-97.1811467,Lisbon Area Health Services,46.438375,-97.68144000000001,173.6452596,67,2018,"Census Tract 9545.02, Codington County, South Dakota",954502,46,29,46029954502,4676,2338,2338,38.3,758,4430.0,14.0,0.0,4.0,0.0,0.0,4412.0,76.0,198.0,4228.0,31429.0,4464.0,620.0,343.0,473.0,441.0,757.0,242.0,92.0,504.0,4660,4339,321,46,29,954502,383.8450172,197499.766,106
86,52709,53201,SD,46079960100,410.332,44.0566945,-97.1837065,MercyOne Siouxland Medical Center,42.495554,-96.400456,184.72374250000001,155,2018,"Census Tract 9601, Lake County, South Dakota",960100,46,79,46079960100,2524,1377,1147,52.5,562,2462.0,0.0,0.0,1.0,0.0,5.0,2456.0,3.0,3.0,2453.0,34798.0,2465.0,225.0,135.0,254.0,362.0,416.0,211.0,118.0,221.0,2524,2434,90,46,79,960100,6.151116657,213993.95299999998,121
87,52952,53447,SD,46057955200,315.96299999999997,44.6751346,-97.306063,Lisbon Area Health Services,46.438375,-97.68144000000001,198.15012219999997,13,2018,"Census Tract 9552, Hamlin County, South Dakota",955200,46,57,46057955200,3315,1657,1658,32.8,534,3229.0,4.0,6.0,2.0,0.0,11.0,3206.0,30.0,55.0,3162.0,30143.0,3148.0,338.0,228.0,351.0,289.0,390.0,229.0,61.0,233.0,3209,3095,114,46,57,955200,10.49173479,221740.17000000007,119
88,52974,53469,SD,46077958100,455.11,44.3803669,-97.31862170000001,St. Luke's Regional Medical Center,42.519059999999996,-96.40585,219.59202009999998,128,2018,"Census Tract 9581, Kingsbury County, South Dakota",958100,46,77,46077958100,2903,1489,1414,47.5,634,2850.0,5.0,0.0,0.0,0.0,61.0,2784.0,14.0,107.0,2738.0,31120.0,2823.0,300.0,292.0,338.0,345.0,372.0,291.0,101.0,268.0,2862,2756,106,46,77,958100,6.378677682,257369.63099999994,148
89,52986,53481,SD,46029954600,377.79400000000004,44.988587,-97.3231118,Avera McKennan,43.534439,-96.715744,168.7015503,68,2018,"Census Tract 9546, Codington County, South Dakota",954600,46,29,46029954600,2762,1472,1290,40.0,396,2679.0,27.0,48.0,0.0,0.0,0.0,2604.0,45.0,4.0,2600.0,34792.0,2700.0,218.0,115.0,318.0,336.0,467.0,230.0,119.0,158.0,2759,2649,110,46,29,954600,7.310862534,188898.34099999987,86
90,53047,53543,SD,46135966200,20.984,42.8958958,-97.34497059999998,MercyOne Siouxland Medical Center,42.495554,-96.400456,89.26223277,158,2018,"Census Tract 9662, Yankton County, South Dakota",966200,46,135,46135966200,5800,2933,2867,43.0,1030,5618.0,96.0,0.0,0.0,0.0,53.0,5469.0,48.0,104.0,5418.0,33284.0,5650.0,590.0,396.0,571.0,583.0,820.0,394.0,178.0,656.0,5800,5487,313,46,135,966200,276.40106749999995,97322.98700000001,76
91,53085,53581,SD,46087964700,273.024,43.5839964,-97.35984309999999,MercyOne Siouxland Medical Center,42.495554,-96.400456,143.98813169999997,190,2018,"Census Tract 9647, McCook County, South Dakota",964700,46,87,46087964700,2184,1073,1111,37.7,416,2105.0,23.0,0.0,4.0,0.0,56.0,2022.0,51.0,99.0,2001.0,31957.0,2067.0,220.0,141.0,253.0,267.0,259.0,275.0,62.0,138.0,2089,1894,195,46,87,964700,7.999296765,170345.7949999999,98
92,53137,53633,SD,46087964600,301.182,43.753215399999995,-97.3788338,MercyOne Siouxland Medical Center,42.495554,-96.400456,160.8090069,191,2018,"Census Tract 9646, McCook County, South Dakota",964600,46,87,46087964600,3327,1698,1629,40.4,615,3240.0,6.0,0.0,38.0,0.0,36.0,3160.0,35.0,86.0,3110.0,29453.0,3207.0,459.0,230.0,342.0,400.0,443.0,272.0,64.0,221.0,3271,2988,283,46,87,964600,11.04647688,190024.6239999999,100
93,53156,53652,SD,46135966400,457.42199999999997,43.0364136,-97.38377309999998,MercyOne Siouxland Medical Center,42.495554,-96.400456,100.4362891,159,2018,"Census Tract 9664, Yankton County, South Dakota",966400,46,135,46135966400,4073,2066,2007,43.9,781,3940.0,27.0,4.0,0.0,0.0,12.0,3897.0,71.0,93.0,3816.0,32946.0,4001.0,461.0,272.0,403.0,502.0,597.0,531.0,110.0,308.0,4073,3897,176,46,135,966400,8.904250342000001,115029.88399999995,73
94,53178,53674,SD,46135966100,1.022,42.8730626,-97.391257,Avera McKennan,43.534439,-96.715744,91.72056622,157,2018,"Census Tract 9661, Yankton County, South Dakota",966100,46,135,46135966100,3008,1643,1365,33.9,321,2894.0,194.0,10.0,90.0,15.0,0.0,2585.0,75.0,198.0,2387.0,25197.0,2906.0,506.0,307.0,425.0,415.0,525.0,181.0,32.0,108.0,2952,2653,299,46,135,966100,2943.248532,121888.64499999997,105
95,53188,53684,SD,46037952900,385.926,45.3542331,-97.3942908,Essentia Health - Fargo,46.831724,-96.827792,169.96925290000001,73,2018,"Census Tract 9529, Day County, South Dakota",952900,46,37,46037952900,1876,988,888,49.0,428,1818.0,525.0,0.0,0.0,0.0,0.0,1293.0,50.0,36.0,1279.0,27423.0,1868.0,206.0,127.0,232.0,234.0,220.0,108.0,24.0,167.0,1876,1498,378,46,37,952900,4.861035535,199875.5209999999,82
96,53219,53715,SD,46135966302,3.362,42.8892994,-97.403153,MercyOne Siouxland Medical Center,42.495554,-96.400456,93.08332257,50,2018,"Census Tract 9663.02, Yankton County, South Dakota",966302,46,135,46135966302,6293,3253,3040,41.3,1172,5987.0,282.0,29.0,240.0,0.0,48.0,5388.0,255.0,363.0,5120.0,23986.0,5513.0,1226.0,439.0,733.0,636.0,736.0,317.0,111.0,430.0,5568,5332,236,46,135,966302,1871.802499,100271.99299999996,84
97,53387,53884,SD,46135966301,38.4,42.8985653,-97.4655305,St. Luke's Regional Medical Center,42.519059999999996,-96.40585,96.50818806,49,2018,"Census Tract 9663.01, Yankton County, South Dakota",966301,46,135,46135966301,3543,1810,1733,45.9,774,3473.0,94.0,7.0,30.0,0.0,36.0,3306.0,49.0,166.0,3194.0,27308.0,2944.0,495.0,331.0,394.0,366.0,449.0,188.0,189.0,316.0,2974,2678,296,46,135,966301,92.265625,104324.72599999995,94
98,53544,54041,SD,46037952800,21.429000000000002,45.3490297,-97.52463259999999,Ashley Medical Center,46.04019,-99.37174,163.0867388,132,2018,"Census Tract 9528, Day County, South Dakota",952800,46,37,46037952800,1936,949,987,43.9,523,1932.0,58.0,5.0,0.0,0.0,3.0,1866.0,0.0,23.0,1846.0,23073.0,1854.0,279.0,240.0,289.0,196.0,301.0,127.0,64.0,83.0,1858,1722,136,46,37,952800,90.34485977,208904.073,98
99,53605,54102,SD,46067968600,337.561,43.3548463,-97.5512517,MercyOne Siouxland Medical Center,42.495554,-96.400456,133.9350498,124,2018,"Census Tract 9686, Hutchinson County, South Dakota",968600,46,67,46067968600,3178,1574,1604,47.1,816,3115.0,92.0,17.0,0.0,0.0,2.0,3004.0,8.0,130.0,2908.0,25606.0,3007.0,499.0,269.0,393.0,337.0,400.0,249.0,47.0,192.0,3067,2786,281,46,67,968600,9.414594695,157973.1779999999,95
100,53677,54174,SD,46091950800,838.1210000000001,45.737044299999994,-97.58086949999999,Sanford Medical Center Fargo,46.84551,-96.8768,134.6274864,102,2018,"Census Tract 9508, Marshall County, South Dakota",950800,46,91,46091950800,4895,2527,2368,39.7,979,4681.0,348.0,2.0,23.0,0.0,206.0,4102.0,68.0,405.0,3941.0,31396.0,4662.0,629.0,276.0,519.0,510.0,609.0,440.0,168.0,417.0,4829,4435,394,46,91,950800,5.840445473,179238.74000000002,88
101,53716,54214,SD,46097961600,570.17,44.0215411,-97.608122,MercyOne Siouxland Medical Center,42.495554,-96.400456,195.84505880000003,217,2018,"Census Tract 9616, Miner County, South Dakota",961600,46,97,46097961600,2229,1152,1077,44.1,470,2151.0,5.0,7.0,21.0,0.0,11.0,2107.0,33.0,44.0,2077.0,29000.0,2139.0,271.0,165.0,281.0,249.0,320.0,160.0,47.0,155.0,2185,2012,173,46,97,961600,3.909360366,234672.79299999983,121
102,53916,54416,SD,46077958200,377.12699999999995,44.3695187,-97.6990473,Ashley Medical Center,46.04019,-99.37174,227.4607016,127,2018,"Census Tract 9582, Kingsbury County, South Dakota",958200,46,77,46077958200,2064,1048,1016,43.5,477,2044.0,4.0,10.0,0.0,0.0,0.0,2030.0,5.0,1.0,2029.0,32052.0,2002.0,237.0,128.0,244.0,225.0,303.0,164.0,73.0,179.0,2017,1954,63,46,77,958200,5.472957386,305634.6659999999,131
103,53982,54482,SD,46025955800,957.6039999999999,44.8552107,-97.72491240000001,Lisbon Area Health Services,46.438375,-97.68144000000001,175.99249419999998,62,2018,"Census Tract 9558, Clark County, South Dakota",955800,46,25,46025955800,3673,1876,1797,41.3,761,3574.0,72.0,5.0,9.0,0.0,6.0,3482.0,29.0,111.0,3379.0,25703.0,3518.0,449.0,280.0,575.0,389.0,436.0,205.0,98.0,239.0,3610,3328,282,46,25,955800,3.835614722,185648.12600000002,114
104,54097,54597,SD,46009967600,251.50099999999998,43.0032449,-97.7636959,St. Luke's Regional Medical Center,42.519059999999996,-96.40585,123.47631509999998,3,2018,"Census Tract 9676, Bon Homme County, South Dakota",967600,46,9,46009967600,3237,1545,1692,48.5,879,3154.0,88.0,7.0,0.0,0.0,0.0,3059.0,54.0,50.0,3010.0,29365.0,3035.0,388.0,325.0,352.0,445.0,510.0,251.0,67.0,186.0,3119,2972,147,46,9,967600,12.87072417,134875.39199999993,104
105,54111,54611,SD,46037952700,621.14,45.3773241,-97.7710899,Ashley Medical Center,46.04019,-99.37174,144.7825479,131,2018,"Census Tract 9527, Day County, South Dakota",952700,46,37,46037952700,1694,920,774,51.2,443,1651.0,9.0,0.0,34.0,0.0,7.0,1601.0,11.0,53.0,1589.0,24980.0,1576.0,339.0,99.0,258.0,110.0,299.0,144.0,45.0,97.0,1619,1520,99,46,37,952700,2.727243456,189318.39900000003,87
106,54158,54658,SD,46061964100,434.587,43.680611600000006,-97.79684540000001,MercyOne Siouxland Medical Center,42.495554,-96.400456,173.9492852,189,2018,"Census Tract 9641, Hanson County, South Dakota",964100,46,61,46061964100,3397,1709,1688,36.3,500,3337.0,1.0,0.0,0.0,0.0,0.0,3336.0,12.0,0.0,3336.0,31679.0,3337.0,389.0,219.0,332.0,277.0,509.0,248.0,89.0,200.0,3392,3199,193,46,61,964100,7.8166166960000005,204943.6659999999,105
107,54244,54745,SD,46067968800,342.95,43.2773701,-97.8657068,St. Luke's Regional Medical Center,42.519059999999996,-96.40585,145.9874485,125,2018,"Census Tract 9688, Hutchinson County, South Dakota",968800,46,67,46067968800,1583,792,791,45.7,345,1549.0,3.0,0.0,0.0,0.0,0.0,1546.0,4.0,0.0,1546.0,29899.0,1503.0,258.0,97.0,151.0,173.0,205.0,162.0,23.0,116.0,1537,1487,50,46,67,968800,4.615833212,167471.70999999988,115
108,54327,54828,SD,46067968700,132.502,43.4374401,-97.9473988,St. Luke's Regional Medical Center,42.519059999999996,-96.40585,161.9225411,126,2018,"Census Tract 9687, Hutchinson County, South Dakota",968700,46,67,46067968700,2554,1239,1315,38.7,524,2435.0,54.0,4.0,0.0,0.0,0.0,2377.0,91.0,36.0,2368.0,30231.0,2421.0,312.0,209.0,267.0,274.0,352.0,170.0,86.0,199.0,2476,2413,63,46,67,968700,19.27518075,190972.00799999986,127
109,54380,54881,SD,46009967700,312.04900000000004,42.973568799999995,-98.0005692,St. Luke's Regional Medical Center,42.519059999999996,-96.40585,139.98792619999998,4,2018,"Census Tract 9677, Bon Homme County, South Dakota",967700,46,9,46009967700,3732,2526,1206,38.9,574,3582.0,329.0,48.0,104.0,0.0,34.0,3067.0,126.0,145.0,2993.0,17406.0,2385.0,927.0,250.0,373.0,319.0,353.0,217.0,58.0,163.0,2425,2321,104,46,9,967700,11.95966018,152199.47599999985,123
110,54383,54884,SD,46035962800,3.2880000000000003,43.7095468,-98.0037928,MercyOne Siouxland Medical Center,42.495554,-96.400456,187.6754379,171,2018,"Census Tract 9628, Davison County, South Dakota",962800,46,35,46035962800,5942,3083,2859,35.0,874,5578.0,14.0,24.0,107.0,0.0,80.0,5353.0,345.0,110.0,5323.0,31949.0,5719.0,737.0,413.0,592.0,543.0,1248.0,328.0,148.0,229.0,5804,5400,404,46,35,962800,1807.177616,221886.6159999998,119
111,54392,54893,SD,46035962700,33.205999999999996,43.768433,-98.0140156,MercyOne Siouxland Medical Center,42.495554,-96.400456,192.95281440000002,170,2018,"Census Tract 9627, Davison County, South Dakota",962700,46,35,46035962700,5680,2721,2959,37.2,888,5373.0,123.0,0.0,38.0,0.0,76.0,5136.0,129.0,199.0,4958.0,32615.0,5476.0,592.0,430.0,734.0,571.0,744.0,626.0,67.0,474.0,5680,5450,230,46,35,962700,171.0534241,227772.3379999998,119
112,54407,54908,SD,46035962900,22.125,43.683372999999996,-98.03588470000001,MercyOne Siouxland Medical Center,42.495554,-96.400456,187.4630867,168,2018,"Census Tract 9629, Davison County, South Dakota",962900,46,35,46035962900,5194,2637,2557,41.3,1215,5170.0,241.0,44.0,15.0,0.0,16.0,4854.0,12.0,66.0,4816.0,25150.0,4542.0,1063.0,484.0,689.0,650.0,643.0,336.0,97.0,522.0,5003,4679,324,46,35,962900,234.75706209999998,223701.65499999982,112
113,54414,54915,SD,46005956600,556.716,44.4020766,-98.0433754,Ashley Medical Center,46.04019,-99.37174,209.8231517,164,2018,"Census Tract 9566, Beadle County, South Dakota",956600,46,5,46005956600,1809,906,903,47.8,356,1781.0,82.0,26.0,0.0,0.0,0.0,1673.0,13.0,19.0,1654.0,30758.0,1711.0,247.0,124.0,191.0,237.0,187.0,115.0,76.0,171.0,1735,1636,99,46,5,956600,3.249412627,277648.5980000001,126
114,54444,54945,SD,46111962100,569.248,44.0189419,-98.0917093,MercyOne Siouxland Medical Center,42.495554,-96.400456,217.9417381,147,2018,"Census Tract 9621, Sanborn County, South Dakota",962100,46,111,46111962100,2388,1233,1155,43.1,449,2345.0,20.0,10.0,0.0,0.0,33.0,2282.0,21.0,87.0,2228.0,29136.0,2315.0,291.0,140.0,314.0,349.0,305.0,219.0,53.0,175.0,2315,2145,170,46,111,962100,4.195008151000001,263590.8639999997,146
115,54497,54998,SD,46035962600,377.014,43.664477399999996,-98.1577026,St. Luke's Regional Medical Center,42.519059999999996,-96.40585,191.1386939,169,2018,"Census Tract 9626, Davison County, South Dakota",962600,46,35,46035962600,3085,1522,1563,46.0,548,3019.0,48.0,0.0,0.0,0.0,3.0,2968.0,30.0,108.0,2863.0,30648.0,3016.0,422.0,233.0,328.0,263.0,438.0,303.0,50.0,281.0,3085,2916,169,46,35,962600,8.182720005,229745.18899999978,128
116,54511,55012,SD,46115000300,819.174,44.9590743,-98.1767262,Lisbon Area Health Services,46.438375,-97.68144000000001,168.8808438,2,2018,"Census Tract 3, Spink County, South Dakota",300,46,115,46115000300,1814,885,929,39.8,342,1781.0,3.0,0.0,1.0,0.0,17.0,1760.0,24.0,64.0,1708.0,28429.0,1792.0,211.0,138.0,249.0,186.0,169.0,123.0,29.0,196.0,1814,1737,77,46,115,300,2.214425751,202840.73399999994,103
117,54517,55018,SD,46005957100,15.054,44.321974299999994,-98.18156409999999,Ashley Medical Center,46.04019,-99.37174,212.6300961,163,2018,"Census Tract 9571, Beadle County, South Dakota",957100,46,5,46005957100,3850,1956,1894,31.4,439,3668.0,0.0,1001.0,0.0,0.0,119.0,2548.0,68.0,351.0,2316.0,28723.0,3736.0,322.0,134.0,549.0,444.0,335.0,317.0,93.0,212.0,3850,3591,259,46,5,957100,255.74598109999997,274923.5630000001,134
118,54549,55050,SD,46005956900,0.875,44.3615185,-98.2158176,Ashley Medical Center,46.04019,-99.37174,207.4869499,162,2018,"Census Tract 9569, Beadle County, South Dakota",956900,46,5,46005956900,3406,1847,1559,32.3,353,3313.0,82.0,409.0,0.0,0.0,328.0,2494.0,70.0,854.0,1968.0,28794.0,3291.0,291.0,239.0,309.0,628.0,423.0,117.0,37.0,88.0,3321,3138,183,46,5,956900,3892.571429,265904.6300000001,141
119,54565,55066,SD,46023940300,316.351,43.0448435,-98.22895150000001,St. Luke's Regional Medical Center,42.519059999999996,-96.40585,160.2042744,61,2018,"Census Tract 9403, Charles Mix County, South Dakota",940300,46,23,46023940300,3485,1717,1768,35.2,649,3177.0,1178.0,5.0,0.0,0.0,17.0,1977.0,221.0,254.0,1945.0,22830.0,3288.0,507.0,278.0,402.0,358.0,357.0,207.0,38.0,135.0,3387,2602,785,46,23,940300,11.01624461,175808.8289999998,133
120,54574,55076,SD,46005956800,28.366999999999997,44.3914101,-98.2395108,Ashley Medical Center,46.04019,-99.37174,203.67595319999998,165,2018,"Census Tract 9568, Beadle County, South Dakota",956800,46,5,46005956800,2049,1116,933,37.2,316,1995.0,43.0,115.0,9.0,0.0,253.0,1575.0,8.0,401.0,1427.0,31520.0,2003.0,167.0,141.0,292.0,281.0,374.0,162.0,47.0,72.0,2042,1779,263,46,5,956800,72.23181866,262347.4000000001,124
121,54596,55098,SD,46005957000,23.546999999999997,44.3344849,-98.26501040000001,Ashley Medical Center,46.04019,-99.37174,208.5600373,166,2018,"Census Tract 9570, Beadle County, South Dakota",957000,46,5,46005957000,5239,2641,2598,43.4,1229,5171.0,48.0,94.0,135.0,0.0,0.0,4894.0,49.0,68.0,4827.0,31590.0,5067.0,638.0,383.0,643.0,737.0,622.0,569.0,163.0,335.0,5091,4782,309,46,5,957000,222.4911878,266897.79500000016,127
122,54605,55107,SD,46013951900,475.84,45.3498687,-98.278409,Lisbon Area Health Services,46.438375,-97.68144000000001,129.5533892,186,2018,"Census Tract 9519, Brown County, South Dakota",951900,46,13,46013951900,3364,1582,1782,40.4,620,3270.0,13.0,0.0,0.0,0.0,8.0,3249.0,68.0,208.0,3059.0,38299.0,3284.0,356.0,139.0,261.0,361.0,538.0,270.0,159.0,304.0,3317,3185,132,46,13,951900,7.069603227999999,163604.811,82
123,54678,55180,SD,46043969600,431.801,43.391506400000004,-98.35843309999998,St. Luke's Regional Medical Center,42.519059999999996,-96.40585,186.486594,141,2018,"Census Tract 9696, Douglas County, South Dakota",969600,46,43,46043969600,2930,1417,1513,47.3,692,2828.0,65.0,2.0,0.0,0.0,2.0,2759.0,71.0,19.0,2744.0,26843.0,2793.0,411.0,237.0,328.0,367.0,357.0,248.0,59.0,203.0,2832,2442,390,46,43,969600,6.785533151,219696.59299999982,144
124,54684,55186,SD,46013952000,1152.1660000000002,45.6979005,-98.36273,Lisbon Area Health Services,46.438375,-97.68144000000001,97.73642059,55,2018,"Census Tract 9520, Brown County, South Dakota",952000,46,13,46013952000,4118,2166,1952,50.3,887,4052.0,43.0,0.0,19.0,0.0,0.0,3990.0,33.0,23.0,3967.0,37738.0,4072.0,483.0,151.0,398.0,384.0,657.0,409.0,156.0,530.0,4117,3734,383,46,13,952000,3.5741377539999997,130770.402,65
125,54773,55275,SD,46013951800,16.569000000000003,45.4344593,-98.4305483,Lisbon Area Health Services,46.438375,-97.68144000000001,125.80104009999998,185,2018,"Census Tract 9518, Brown County, South Dakota",951800,46,13,46013951800,6394,3215,3179,38.1,1436,6125.0,426.0,132.0,306.0,0.0,5.0,5256.0,127.0,38.0,5240.0,27671.0,6148.0,787.0,388.0,1002.0,655.0,861.0,385.0,119.0,438.0,6274,5889,385,46,13,951800,385.90138210000003,167797.21399999998,85
126,54792,55294,SD,46013951400,16.734,45.49505429999999,-98.4433705,Lisbon Area Health Services,46.438375,-97.68144000000001,120.33722959999999,187,2018,"Census Tract 9514, Brown County, South Dakota",951400,46,13,46013951400,6673,3186,3487,40.7,1135,6474.0,43.0,66.0,284.0,0.0,0.0,6081.0,157.0,164.0,5950.0,39482.0,6606.0,724.0,325.0,457.0,703.0,1269.0,753.0,149.0,688.0,6648,6179,469,46,13,951400,398.7689733,162465.24499999997,81
127,54854,55357,SD,46013951600,0.9209999999999999,45.451084200000004,-98.48373690000001,Wishek Community Hospital,46.255303999999995,-99.55143199999999,121.92728559999999,182,2018,"Census Tract 9516, Brown County, South Dakota",951600,46,13,46013951600,4319,2219,2100,29.4,434,4227.0,60.0,239.0,48.0,0.0,9.0,3871.0,34.0,88.0,3792.0,26325.0,3694.0,1064.0,207.0,397.0,435.0,623.0,442.0,77.0,162.0,4287,3973,314,46,13,951600,4689.467970000001,166528.49600000004,89
128,54856,55359,SD,46013951500,0.7979999999999999,45.4627203,-98.4849191,Wishek Community Hospital,46.255303999999995,-99.55143199999999,120.91360209999999,181,2018,"Census Tract 9515, Brown County, South Dakota",951500,46,13,46013951500,2967,1468,1499,30.0,259,2941.0,367.0,491.0,26.0,0.0,10.0,2047.0,6.0,159.0,1898.0,20896.0,2872.0,609.0,222.0,450.0,341.0,427.0,103.0,42.0,109.0,2892,2425,467,46,13,951500,3718.045113,165139.55700000003,88
129,54861,55364,SD,46005956700,634.15,44.433944700000005,-98.48689159999999,CHI Oakes Hospital,46.150220000000004,-98.08945,193.2729708,167,2018,"Census Tract 9567, Beadle County, South Dakota",956700,46,5,46005956700,2021,994,1027,43.5,348,1986.0,3.0,0.0,0.0,0.0,30.0,1953.0,2.0,64.0,1919.0,34705.0,1988.0,201.0,122.0,181.0,252.0,265.0,170.0,124.0,180.0,2007,1927,80,46,5,956700,3.186943152,220864.95099999988,118
130,54880,55384,SD,46023940200,349.11699999999996,43.14482879999999,-98.4965417,St. Luke's Regional Medical Center,42.519059999999996,-96.40585,184.5285059,60,2018,"Census Tract 9402, Charles Mix County, South Dakota",940200,46,23,46023940200,3344,1720,1624,29.3,463,3154.0,1665.0,8.0,7.0,3.0,8.0,1463.0,133.0,51.0,1436.0,21408.0,3165.0,570.0,210.0,269.0,267.0,266.0,159.0,25.0,151.0,3231,2395,836,46,23,940200,9.578450777,206425.58899999977,143
131,54962,55466,SD,46115000200,15.253,44.873354799999994,-98.5338113,Wishek Community Hospital,46.255303999999995,-99.55143199999999,172.9194365,1,2018,"Census Tract 2, Spink County, South Dakota",200,46,115,46115000200,2823,1383,1440,45.6,677,2783.0,63.0,0.0,0.0,0.0,4.0,2716.0,36.0,132.0,2588.0,29260.0,2690.0,231.0,168.0,460.0,426.0,397.0,177.0,65.0,174.0,2691,2458,233,46,115,200,185.07834519999997,227225.40499999994,106
132,54977,55481,SD,46115000100,669.085,44.9097419,-98.54032140000001,Wishek Community Hospital,46.255303999999995,-99.55143199999999,169.0883747,0,2018,"Census Tract 1, Spink County, South Dakota",100,46,115,46115000100,1906,1012,894,42.7,304,1871.0,45.0,0.0,4.0,13.0,0.0,1809.0,14.0,0.0,1809.0,32931.0,1878.0,260.0,93.0,188.0,205.0,261.0,184.0,39.0,214.0,1906,1789,117,46,115,100,2.8486664619999997,221975.87099999998,101
133,54990,55495,SD,46013951700,24.936,45.425746200000006,-98.5480232,Wishek Community Hospital,46.255303999999995,-99.55143199999999,120.73642790000001,183,2018,"Census Tract 9517, Brown County, South Dakota",951700,46,13,46013951700,4687,2215,2472,33.0,447,4496.0,257.0,145.0,49.0,0.0,7.0,4038.0,124.0,200.0,3838.0,31334.0,4620.0,567.0,334.0,407.0,576.0,573.0,461.0,237.0,221.0,4680,4232,448,46,13,951700,187.96118059999998,163376.958,72
134,54995,55500,SD,46013951300,25.065,45.4952054,-98.5509575,Wishek Community Hospital,46.255303999999995,-99.55143199999999,114.7622317,184,2018,"Census Tract 9513, Brown County, South Dakota",951300,46,13,46013951300,6318,3009,3309,36.4,1221,6209.0,4.0,80.0,4.0,0.0,0.0,6121.0,65.0,147.0,6017.0,32308.0,5928.0,688.0,447.0,507.0,817.0,930.0,574.0,196.0,593.0,6067,5610,457,46,13,951300,252.064632,157695.07200000001,67
135,55030,55536,SD,46003973600,708.46,43.7247191,-98.5775872,St. Luke's Regional Medical Center,42.519059999999996,-96.40585,221.74319029999998,103,2018,"Census Tract 9736, Aurora County, South Dakota",973600,46,3,46003973600,2759,1448,1311,38.3,539,2714.0,101.0,0.0,31.0,0.0,61.0,2521.0,25.0,196.0,2418.0,32329.0,2596.0,299.0,131.0,305.0,306.0,380.0,287.0,57.0,230.0,2623,2451,172,46,3,973600,3.89436242,268318.38999999984,137
136,55091,55597,SD,46073974100,526.133,44.063409899999996,-98.6231702,CHI Oakes Hospital,46.150220000000004,-98.08945,235.6867155,172,2018,"Census Tract 9741, Jerauld County, South Dakota",974100,46,73,46073974100,2029,996,1033,50.6,548,1987.0,21.0,0.0,0.0,0.0,6.0,1960.0,20.0,37.0,1929.0,26461.0,1964.0,300.0,190.0,253.0,258.0,194.0,155.0,24.0,209.0,1986,1861,125,46,73,974100,3.856439341,272818.7319999999,141
137,55247,55753,SD,46023970100,432.02,43.3490353,-98.89779490000001,St. Luke's Regional Medical Center,42.519059999999996,-96.40585,223.32163730000002,188,2018,"Census Tract 9701, Charles Mix County, South Dakota",970100,46,23,46023970100,2515,1256,1259,47.5,586,2461.0,21.0,0.0,0.0,0.0,0.0,2440.0,41.0,0.0,2440.0,27004.0,2453.0,344.0,232.0,297.0,308.0,308.0,192.0,51.0,208.0,2470,2365,105,46,23,970100,5.821489746,259737.58299999978,165
138,55269,55775,SD,46059975700,37.61,44.516488,-98.95493459999999,Wishek Community Hospital,46.255303999999995,-99.55143199999999,198.8152219,153,2018,"Census Tract 9757, Hand County, South Dakota",975700,46,59,46059975700,1833,927,906,48.1,497,1804.0,0.0,18.0,0.0,0.0,0.0,1786.0,4.0,8.0,1778.0,31107.0,1741.0,177.0,159.0,228.0,277.0,259.0,209.0,49.0,111.0,1778,1677,101,46,59,975700,48.73703802,237417.4969999999,115
139,55271,55777,SD,46045962100,546.9780000000001,45.404253600000004,-98.9574179,CHI Oakes Hospital,46.150220000000004,-98.08945,106.91580890000002,75,2018,"Census Tract 9621, Edmunds County, South Dakota",962100,46,45,46045962100,2233,1161,1072,42.0,386,2217.0,31.0,0.0,1.0,0.0,0.0,2185.0,13.0,45.0,2145.0,36775.0,2129.0,205.0,170.0,191.0,187.0,353.0,200.0,140.0,219.0,2168,1982,186,46,45,962100,4.082431103,145269.721,64
140,55290,55796,SD,46059975600,1399.04,44.5478628,-99.0068978,Wishek Community Hospital,46.255303999999995,-99.55143199999999,194.49319580000002,152,2018,"Census Tract 9756, Hand County, South Dakota",975600,46,59,46059975600,1468,747,721,45.4,296,1423.0,0.0,0.0,3.0,0.0,0.0,1420.0,20.0,12.0,1408.0,36083.0,1443.0,183.0,57.0,164.0,105.0,199.0,115.0,100.0,121.0,1468,1400,68,46,59,975600,1.049290942,233168.4139999999,108
141,55305,55811,SD,46015973100,785.31,43.7079975,-99.0605276,St. Luke's Regional Medical Center,42.519059999999996,-96.40585,253.22118590000002,5,2018,"Census Tract 9731, Brule County, South Dakota",973100,46,15,46015973100,2550,1234,1316,38.7,390,2466.0,43.0,2.0,1.0,0.0,0.0,2420.0,32.0,20.0,2400.0,24817.0,2478.0,393.0,156.0,332.0,253.0,218.0,195.0,33.0,176.0,2550,2238,312,46,15,973100,3.2471253389999997,310529.02999999997,148
142,55307,55813,SD,46053971200,643.554,43.098350700000005,-99.0622743,St. Luke's Regional Medical Center,42.519059999999996,-96.40585,226.59598300000002,11,2018,"Census Tract 9712, Gregory County, South Dakota",971200,46,53,46053971200,2151,1104,1047,44.0,493,2077.0,195.0,0.0,0.0,0.0,1.0,1881.0,44.0,9.0,1881.0,25086.0,2111.0,226.0,254.0,300.0,228.0,237.0,103.0,75.0,142.0,2140,1981,159,46,53,971200,3.342376863,256961.24699999977,187
143,55327,55833,SD,46049961100,981.692,45.065476399999994,-99.15356369999999,CHI Oakes Hospital,46.150220000000004,-98.08945,146.37286369999998,79,2018,"Census Tract 9611, Faulk County, South Dakota",961100,46,49,46049961100,2322,1165,1157,48.1,589,2253.0,98.0,2.0,1.0,0.0,0.0,2152.0,15.0,30.0,2152.0,28986.0,2204.0,355.0,158.0,276.0,241.0,280.0,221.0,89.0,129.0,2260,2023,237,46,49,961100,2.365303985,197176.87999999998,88
144,55342,55848,SD,46017940200,471.405,44.0443062,-99.2039983,Wishek Community Hospital,46.255303999999995,-99.55143199999999,247.2322241,56,2018,"Census Tract 9402, Buffalo County, South Dakota",940200,46,17,46017940200,2053,1018,1035,25.8,172,1990.0,1713.0,0.0,3.0,22.0,0.0,252.0,20.0,66.0,252.0,15118.0,1990.0,437.0,128.0,209.0,126.0,145.0,64.0,4.0,24.0,2053,1183,870,46,17,940200,4.355066238,276023.90799999994,122
145,55345,55851,SD,46089963100,1136.643,45.784249100000004,-99.2114212,Linton Hospital,46.27182,-100.23349,95.91033831,101,2018,"Census Tract 9631, McPherson County, South Dakota",963100,46,89,46089963100,2364,1192,1172,50.0,692,2347.0,82.0,10.0,1.0,0.0,0.0,2254.0,7.0,15.0,2240.0,22012.0,2256.0,494.0,176.0,342.0,256.0,189.0,159.0,48.0,189.0,2266,2073,193,46,89,963100,2.0798087,126631.85899999998,47
146,55365,55871,SD,46015973200,31.93,43.7955939,-99.29553100000001,Ashley Medical Center,46.04019,-99.37174,249.51488909999998,6,2018,"Census Tract 9732, Brule County, South Dakota",973200,46,15,46015973200,2706,1364,1342,45.1,520,2598.0,506.0,19.0,0.0,0.0,4.0,2069.0,41.0,118.0,1976.0,27788.0,2479.0,346.0,320.0,301.0,357.0,286.0,201.0,60.0,235.0,2535,2360,175,46,15,973200,84.747886,276590.793,124
147,55377,55883,SD,46053971100,371.395,43.313207500000004,-99.34617349999999,St. Luke's Regional Medical Center,42.519059999999996,-96.40585,255.76109920000002,12,2018,"Census Tract 9711, Gregory County, South Dakota",971100,46,53,46053971100,2050,1040,1010,47.1,528,1949.0,88.0,70.0,0.0,0.0,14.0,1777.0,83.0,18.0,1773.0,24979.0,1989.0,317.0,211.0,258.0,218.0,220.0,149.0,54.0,144.0,2007,1709,298,46,53,971100,5.519729667999999,294931.715,174
148,55404,55910,SD,46045962200,579.002,45.4056943,-99.440304,Linton Hospital,46.27182,-100.23349,114.2996091,76,2018,"Census Tract 9622, Edmunds County, South Dakota",962200,46,45,46045962200,1707,847,860,45.1,401,1682.0,3.0,5.0,0.0,0.0,14.0,1660.0,13.0,25.0,1654.0,27969.0,1650.0,173.0,167.0,215.0,154.0,194.0,124.0,34.0,143.0,1662,1575,87,46,45,962200,2.948176345,150437.26499999993,54
149,55430,55936,SD,46069976700,860.6289999999999,44.5371743,-99.4727359,Linton Hospital,46.27182,-100.23349,201.7756206,84,2018,"Census Tract 9767, Hyde County, South Dakota",976700,46,69,46069976700,1331,666,665,51.0,346,1277.0,151.0,0.0,16.0,0.0,5.0,1105.0,27.0,9.0,1101.0,31733.0,1263.0,182.0,86.0,111.0,167.0,145.0,138.0,23.0,140.0,1290,1225,65,46,69,976700,1.546543284,245693.971,99
150,55490,55996,SD,46085940100,295.747,44.0371059,-99.67877179999999,Wishek Community Hospital,46.255303999999995,-99.55143199999999,246.72187409999998,218,2018,"Census Tract 9401, Lyman County, South Dakota",940100,46,85,46085940100,1606,807,799,23.6,109,1553.0,1440.0,4.0,3.0,5.0,0.0,101.0,20.0,37.0,98.0,15357.0,1527.0,326.0,88.0,156.0,118.0,97.0,22.0,9.0,24.0,1578,1076,502,46,85,940100,5.430317129,297208.8959999998,144
151,55499,56006,SD,46123971600,1579.6129999999998,43.5723157,-99.7130964,Ashley Medical Center,46.04019,-99.37174,275.575513,106,2018,"Census Tract 9716, Tripp County, South Dakota",971600,46,123,46123971600,2310,1185,1125,42.4,404,2110.0,211.0,14.0,0.0,0.0,0.0,1885.0,172.0,11.0,1874.0,29392.0,2276.0,332.0,144.0,203.0,192.0,270.0,173.0,31.0,239.0,2310,2220,90,46,123,971600,1.462383508,313245.70999999996,148
152,55560,56067,SD,46123971700,32.845,43.37350670000001,-99.8608602,North Platte Nebraska Hospital Corporation,41.12154,-100.770336,261.15752349999997,105,2018,"Census Tract 9717, Tripp County, South Dakota",971700,46,123,46123971700,3158,1534,1624,50.3,802,3028.0,448.0,7.0,0.0,0.0,0.0,2573.0,119.0,0.0,2573.0,26481.0,3010.0,606.0,187.0,347.0,464.0,408.0,280.0,31.0,143.0,3029,2711,318,46,123,971700,96.14857665,288062.199,91
153,55566,56073,SD,46085972600,1346.4,43.854653799999994,-99.8752588,Wishek Community Hospital,46.255303999999995,-99.55143199999999,268.0070584,219,2018,"Census Tract 9726, Lyman County, South Dakota",972600,46,85,46085972600,2263,1210,1053,46.1,484,2197.0,93.0,15.0,0.0,0.0,0.0,2089.0,29.0,56.0,2038.0,30636.0,2223.0,283.0,166.0,339.0,221.0,355.0,226.0,58.0,160.0,2263,2107,156,46,85,972600,1.6807783719999998,321114.67099999986,149
154,55581,56088,SD,46107000100,861.138,45.0527131,-99.96200340000001,Wishek Community Hospital,46.255303999999995,-99.55143199999999,137.43849550000002,178,2018,"Census Tract 1, Potter County, South Dakota",100,46,107,46107000100,2326,1179,1147,51.3,648,2244.0,42.0,33.0,0.0,0.0,14.0,2155.0,50.0,56.0,2143.0,27778.0,2207.0,328.0,212.0,272.0,300.0,303.0,162.0,23.0,218.0,2245,2124,121,46,107,100,2.701076947,165443.21700000003,83
155,55586,56093,SD,46065978000,711.444,44.384452100000004,-99.9756842,Linton Hospital,46.27182,-100.23349,210.7297275,83,2018,"Census Tract 9780, Hughes County, South Dakota",978000,46,65,46065978000,3277,1791,1486,41.2,509,3141.0,327.0,0.0,13.0,0.0,0.0,2801.0,96.0,92.0,2765.0,41172.0,3136.0,227.0,219.0,231.0,284.0,546.0,306.0,56.0,392.0,3277,2975,302,46,65,978000,4.606125008,223719.92300000004,114
156,55591,56098,SD,46021964100,733.677,45.785574700000005,-100.0021074,Wishek Community Hospital,46.255303999999995,-99.55143199999999,62.80004708,59,2018,"Census Tract 9641, Campbell County, South Dakota",964100,46,21,46021964100,1435,753,682,51.3,357,1413.0,5.0,1.0,0.0,0.0,0.0,1407.0,4.0,4.0,1403.0,31094.0,1409.0,150.0,132.0,178.0,159.0,177.0,116.0,25.0,167.0,1435,1410,25,46,21,964100,1.955901575,90333.77599999998,38
157,55593,56100,SD,46129965100,689.091,45.427833899999996,-100.00756290000001,Wishek Community Hospital,46.255303999999995,-99.55143199999999,98.56114486,47,2018,"Census Tract 9651, Walworth County, South Dakota",965100,46,129,46129965100,1902,983,919,42.4,440,1829.0,40.0,0.0,18.0,0.0,58.0,1713.0,41.0,61.0,1710.0,29306.0,1788.0,186.0,151.0,218.0,230.0,205.0,127.0,55.0,149.0,1820,1608,212,46,129,965100,2.7601579469999997,129612.68299999999,59
158,55601,56108,SD,46119979100,1006.7230000000001,44.722325,-100.1313985,Wishek Community Hospital,46.255303999999995,-99.55143199999999,176.3050108,148,2018,"Census Tract 9791, Sully County, South Dakota",979100,46,119,46119979100,1331,698,633,45.5,299,1274.0,17.0,0.0,0.0,0.0,0.0,1257.0,44.0,18.0,1257.0,38581.0,1310.0,166.0,63.0,123.0,114.0,201.0,107.0,48.0,170.0,1331,1242,89,46,119,979100,1.322111445,211859.53500000006,98
159,55615,56122,SD,46065977800,13.117,44.3812556,-100.2865377,Wishek Community Hospital,46.255303999999995,-99.55143199999999,216.10353999999998,143,2018,"Census Tract 9778, Hughes County, South Dakota",977800,46,65,46065977800,5646,2437,3209,35.5,659,5375.0,671.0,0.0,6.0,0.0,0.0,4698.0,212.0,137.0,4587.0,39705.0,4877.0,722.0,218.0,356.0,466.0,938.0,714.0,127.0,462.0,4980,4809,171,46,65,977800,430.43378820000004,255729.76000000018,134
160,55617,56124,SD,46065977900,5.705,44.348531200000004,-100.31028559999999,Wishek Community Hospital,46.255303999999995,-99.55143199999999,220.1107054,144,2018,"Census Tract 9779, Hughes County, South Dakota",977900,46,65,46065977900,3021,1553,1468,44.7,649,2929.0,667.0,7.0,37.0,0.0,50.0,2168.0,92.0,99.0,2139.0,29938.0,2631.0,360.0,201.0,397.0,476.0,486.0,216.0,62.0,272.0,2671,2381,290,46,65,977900,529.5354952,258264.13000000018,145
161,55622,56129,SD,46065977700,11.261,44.4033233,-100.35623609999999,Wishek Community Hospital,46.255303999999995,-99.55143199999999,215.2751441,142,2018,"Census Tract 9777, Hughes County, South Dakota",977700,46,65,46065977700,5673,2829,2844,37.9,1013,5505.0,462.0,75.0,0.0,0.0,0.0,4968.0,70.0,168.0,4939.0,41711.0,5540.0,535.0,332.0,439.0,371.0,984.0,663.0,303.0,670.0,5673,5340,333,46,65,977700,503.77408760000003,256283.59700000018,123
162,55643,56150,SD,46129965200,19.551,45.5481591,-100.4222642,Wishek Community Hospital,46.255303999999995,-99.55143199999999,103.6537637,48,2018,"Census Tract 9652, Walworth County, South Dakota",965200,46,129,46129965200,3608,1743,1865,43.3,849,3421.0,508.0,75.0,244.0,0.0,8.0,2586.0,138.0,45.0,2577.0,30041.0,3478.0,480.0,250.0,501.0,522.0,440.0,197.0,115.0,301.0,3551,3204,347,46,129,965200,184.5429901,145281.86900000004,61
163,55687,56195,SD,46121940200,915.334,43.2432869,-100.6108124,Faith Regional Health Services,42.03472,-97.45296,291.69660830000004,212,2018,"Census Tract 9402, Todd County, South Dakota",940200,46,121,46121940200,5847,2813,3034,23.8,475,5363.0,4499.0,154.0,9.0,0.0,0.0,701.0,383.0,167.0,685.0,20000.0,5626.0,719.0,391.0,419.0,352.0,382.0,163.0,15.0,151.0,5815,4104,1711,46,121,940200,6.387832201,342758.7320000002,153
164,55690,56198,SD,46031941100,634.549,45.7404946,-100.6296992,Ashley Medical Center,46.04019,-99.37174,103.162514,70,2018,"Census Tract 9411, Corson County, South Dakota",941100,46,31,46031941100,2323,1121,1202,26.2,198,2224.0,1876.0,1.0,19.0,0.0,0.0,328.0,45.0,12.0,328.0,16483.0,2259.0,393.0,140.0,175.0,151.0,146.0,67.0,15.0,49.0,2323,1743,580,46,31,941100,3.660867797,164953.06900000005,75
165,55695,56203,SD,46075091600,969.672,43.951991,-100.6861382,Linton Hospital,46.27182,-100.23349,260.2595398,87,2018,"Census Tract 916, Jones County, South Dakota",91600,46,75,46075091600,735,364,371,55.9,180,727.0,10.0,0.0,0.0,0.0,0.0,717.0,0.0,0.0,717.0,30203.0,727.0,99.0,72.0,106.0,96.0,124.0,63.0,18.0,43.0,735,638,97,46,75,91600,0.757988268,312043.9960000001,128
166,55702,56210,SD,46117960100,1444.432,44.4155468,-100.74916280000001,Ashley Medical Center,46.04019,-99.37174,210.47303650000003,46,2018,"Census Tract 9601, Stanley County, South Dakota",960100,46,117,46117960100,2997,1549,1448,41.2,549,2883.0,290.0,0.0,0.0,35.0,0.0,2558.0,86.0,72.0,2499.0,36265.0,2960.0,220.0,133.0,357.0,372.0,432.0,318.0,84.0,331.0,2978,2812,166,46,117,960100,2.07486403,277279.9300000001,109
167,55707,56215,SD,46095940300,1307.325,43.5846896,-100.76095550000001,Ashley Medical Center,46.04019,-99.37174,294.1589098,192,2018,"Census Tract 9403, Mellette County, South Dakota",940300,46,95,46095940300,2055,1026,1029,33.0,306,2007.0,1183.0,0.0,0.0,0.0,0.0,824.0,19.0,102.0,820.0,16445.0,1974.0,347.0,159.0,188.0,136.0,144.0,61.0,14.0,52.0,2016,1306,710,46,95,940300,1.5719121109999998,364519.5899999999,157
168,55737,56245,SD,46041941700,2289.452,45.148049,-100.8379534,Wishek Community Hospital,46.255303999999995,-99.55143199999999,158.68945730000002,74,2018,"Census Tract 9417, Dewey County, South Dakota",941700,46,41,46041941700,3088,1610,1478,30.9,354,2995.0,1962.0,5.0,3.0,0.0,2.0,1023.0,49.0,46.0,1019.0,25663.0,3015.0,362.0,173.0,360.0,289.0,285.0,197.0,34.0,143.0,3065,2275,790,46,41,941700,1.348794384,224527.00500000015,81
169,55773,56282,SD,46121940100,473.26199999999994,43.1447032,-100.9751454,Regional West Medical Center,41.886358,-103.664458,261.4776689,213,2018,"Census Tract 9401, Todd County, South Dakota",940100,46,121,46121940100,4299,2166,2133,24.7,286,3916.0,3649.0,0.0,9.0,0.0,10.0,248.0,278.0,264.0,149.0,13318.0,4125.0,788.0,250.0,258.0,316.0,180.0,81.0,8.0,47.0,4299,2921,1378,46,121,940100,9.083763328,336193.77799999993,118
170,55799,56308,SD,46041941500,13.037,45.023129600000004,-101.2084084,CHI Jacobson Memorial Hospital,46.407090000000004,-101.84172,161.52995869999998,140,2018,"Census Tract 9415, Dewey County, South Dakota",941500,46,41,46041941500,2691,1259,1432,24.3,198,2611.0,2472.0,0.0,3.0,0.0,2.0,134.0,16.0,12.0,134.0,24954.0,2604.0,340.0,88.0,148.0,211.0,186.0,81.0,42.0,55.0,2668,1805,863,46,41,941500,206.4125182,205209.57900000006,60
171,55832,56341,SD,46031941000,1835.145,45.670547799999994,-101.4081923,Linton Hospital,46.27182,-100.23349,112.93782790000002,69,2018,"Census Tract 9410, Corson County, South Dakota",941000,46,31,46031941000,1845,992,853,32.3,248,1790.0,909.0,0.0,0.0,0.0,0.0,881.0,30.0,4.0,878.0,19559.0,1813.0,285.0,132.0,162.0,114.0,150.0,78.0,26.0,81.0,1845,1399,446,46,31,941000,1.005370148,198158.68,84
172,55854,56363,SD,46071961100,800.195,43.8662804,-101.5809158,Regional West Medical Center,41.886358,-103.664458,278.1115372,86,2018,"Census Tract 9611, Jackson County, South Dakota",961100,46,71,46071961100,1164,521,643,44.1,274,1065.0,200.0,7.0,0.0,0.0,0.0,858.0,84.0,0.0,858.0,21383.0,1052.0,130.0,133.0,182.0,88.0,120.0,73.0,52.0,34.0,1117,854,263,46,71,961100,1.45464543,372039.80800000014,150
173,55855,56364,SD,46055960100,1810.5410000000002,44.282881,-101.59544240000001,CHI Jacobson Memorial Hospital,46.407090000000004,-101.84172,236.86877,81,2018,"Census Tract 9601, Haakon County, South Dakota",960100,46,55,46055960100,2082,1012,1070,46.5,501,2015.0,60.0,0.0,1.0,0.0,0.0,1954.0,51.0,19.0,1935.0,22005.0,2027.0,334.0,196.0,209.0,200.0,205.0,82.0,65.0,152.0,2043,1859,184,46,55,960100,1.149932534,294566.6970000001,89
174,55863,56372,SD,46071941200,1063.687,43.5585432,-101.6502561,North Platte Nebraska Hospital Corporation,41.12154,-100.770336,280.2407637,85,2018,"Census Tract 9412, Jackson County, South Dakota",941200,46,71,46071941200,2123,1090,1033,26.3,193,2015.0,1578.0,11.0,3.0,0.0,4.0,419.0,54.0,19.0,413.0,13036.0,2069.0,374.0,146.0,124.0,148.0,50.0,43.0,17.0,28.0,2123,1532,591,46,71,941200,1.9958878880000002,317871.52699999994,85
175,55868,56377,SD,46137941600,1961.24,44.9897638,-101.6608274,Rapid City Regional Hospital,44.05836,-103.22389,161.7115195,51,2018,"Census Tract 9416, Ziebach County, South Dakota",941600,46,137,46137941600,2814,1398,1416,31.6,252,2753.0,2074.0,15.0,1.0,0.0,4.0,659.0,20.0,10.0,657.0,20405.0,2757.0,454.0,194.0,187.0,229.0,217.0,127.0,34.0,75.0,2814,2110,704,46,137,941600,1.4348065509999999,231434.99000000005,88
176,55869,56378,SD,46007941200,1175.771,43.18691210000001,-101.677181,North Platte Nebraska Hospital Corporation,41.12154,-100.770336,241.3425654,52,2018,"Census Tract 9412, Bennett County, South Dakota",941200,46,7,46007941200,1836,833,1003,26.1,201,1646.0,984.0,0.0,0.0,0.0,0.0,662.0,164.0,151.0,614.0,22864.0,1773.0,295.0,113.0,129.0,143.0,157.0,86.0,21.0,36.0,1836,1482,354,46,7,941200,1.5615285630000002,269102.843,63
177,55882,56392,SD,46007941000,8.871,43.1789165,-101.7219926,North Platte Nebraska Hospital Corporation,41.12154,-100.770336,241.67940860000002,173,2018,"Census Tract 9410, Bennett County, South Dakota",941000,46,7,46007941000,1601,787,814,30.3,195,1402.0,814.0,15.0,2.0,0.0,17.0,554.0,170.0,117.0,538.0,25577.0,1515.0,198.0,86.0,172.0,155.0,159.0,82.0,30.0,54.0,1561,1190,371,46,7,941000,180.4757074,265057.847,68
178,56080,56592,SD,46102940900,688.665,43.3064234,-102.2553121,North Platte Nebraska Hospital Corporation,41.12154,-100.770336,271.896323,139,2018,"Census Tract 9409, Oglala Lakota County, South Dakota",940900,46,102,46102940900,4892,2395,2497,23.8,373,4636.0,4287.0,0.0,0.0,0.0,16.0,333.0,180.0,277.0,298.0,14918.0,4773.0,888.0,234.0,337.0,362.0,176.0,145.0,50.0,46.0,4892,3082,1810,46,102,940900,7.103598992,310923.68699999986,83
179,56125,56637,SD,46103011600,1885.842,44.014298100000005,-102.44087590000001,Southwest Healthcare Services,46.18419,-103.40656,252.837967,202,2018,"Census Tract 116, Pennington County, South Dakota",11600,46,103,46103011600,7823,3793,4030,39.0,934,7355.0,375.0,36.0,156.0,37.0,25.0,6726.0,407.0,193.0,6576.0,29722.0,7696.0,1151.0,482.0,883.0,843.0,780.0,698.0,322.0,549.0,7680,6799,881,46,103,11600,4.1482796539999995,310750.3350000002,86
180,56130,56642,SD,46105968300,2870.46,45.4833865,-102.4679947,CHI Jacobson Memorial Hospital,46.407090000000004,-101.84172,113.57402909999999,43,2018,"Census Tract 9683, Perkins County, South Dakota",968300,46,105,46105968300,2907,1474,1433,47.0,664,2820.0,50.0,0.0,0.0,0.0,5.0,2765.0,37.0,46.0,2740.0,26930.0,2807.0,407.0,287.0,343.0,378.0,357.0,226.0,40.0,246.0,2864,2598,266,46,105,968300,1.0127296670000001,146478.91499999998,55
181,56153,56665,SD,46093020500,2967.3740000000003,44.59693970000001,-102.61252059999998,Southwest Healthcare Services,46.18419,-103.40656,187.0414243,133,2018,"Census Tract 205, Meade County, South Dakota",20500,46,93,46093020500,4635,2700,1935,26.1,337,4407.0,43.0,135.0,153.0,0.0,56.0,4020.0,181.0,254.0,3847.0,27580.0,4566.0,678.0,226.0,686.0,599.0,690.0,340.0,82.0,231.0,4305,4031,274,46,93,20500,1.561987131,238330.94600000003,69
182,56160,56672,SD,46102940800,1243.629,43.381719,-102.674554,West River Regional Medical Center,46.001783,-102.628665,291.1793034,138,2018,"Census Tract 9408, Oglala Lakota County, South Dakota",940800,46,102,46102940800,4063,1920,2143,28.3,368,3841.0,3650.0,0.0,0.0,0.0,0.0,191.0,144.0,47.0,191.0,11232.0,3985.0,889.0,277.0,271.0,247.0,101.0,47.0,27.0,53.0,4063,2781,1282,46,102,940800,3.267051508,372502.44000000035,129
183,56175,56687,SD,46102940500,161.30700000000002,43.0566859,-102.8036525,Cheyenne Regional Medical Center,41.14025,-104.81652,270.23778070000003,137,2018,"Census Tract 9405, Oglala Lakota County, South Dakota",940500,46,102,46102940500,5380,2674,2706,24.7,236,5261.0,5074.0,0.0,12.0,0.0,0.0,175.0,13.0,224.0,126.0,16201.0,5158.0,932.0,257.0,359.0,299.0,340.0,207.0,39.0,67.0,5361,3358,2003,46,102,940500,33.35255135,327719.493,131
184,56198,56710,SD,46103011500,2.575,44.1344511,-103.0932723,Southwest Healthcare Services,46.18419,-103.40656,229.12493819999997,201,2018,"Census Tract 115, Pennington County, South Dakota",11500,46,103,46103011500,821,441,380,9.6,29,718.0,276.0,0.0,12.0,0.0,36.0,394.0,72.0,251.0,348.0,20869.0,790.0,54.0,49.0,98.0,47.0,58.0,11.0,0.0,0.0,797,730,67,46,103,11500,318.8349515,269855.4890000001,100
185,56200,56712,SD,46093020200,5.644,44.1594074,-103.10095940000001,Southwest Healthcare Services,46.18419,-103.40656,226.3026873,174,2018,"Census Tract 202, Meade County, South Dakota",20200,46,93,46093020200,1390,921,469,22.2,0,1295.0,53.0,13.0,160.0,11.0,42.0,1016.0,59.0,198.0,866.0,21884.0,815.0,100.0,57.0,410.0,141.0,82.0,91.0,23.0,33.0,718,663,55,46,93,20200,246.2792346,273277.45600000006,95
186,56206,56718,SD,46103010903,16.665,44.0713624,-103.1156617,Southwest Healthcare Services,46.18419,-103.40656,235.9196733,209,2018,"Census Tract 109.03, Pennington County, South Dakota",10903,46,103,46103010903,9286,4664,4622,34.4,866,8751.0,365.0,67.0,148.0,5.0,25.0,8141.0,465.0,477.0,7856.0,31558.0,9205.0,992.0,342.0,1081.0,1221.0,1373.0,811.0,229.0,523.0,9137,8395,742,46,103,10903,557.2157216,266451.70000000007,116
187,56217,56729,SD,46103010906,4.663,44.0784088,-103.1614546,Southwest Healthcare Services,46.18419,-103.40656,234.81722630000002,39,2018,"Census Tract 109.06, Pennington County, South Dakota",10906,46,103,46103010906,5976,3053,2923,33.0,569,5820.0,50.0,253.0,30.0,12.0,0.0,5475.0,112.0,317.0,5203.0,27736.0,5908.0,743.0,358.0,833.0,714.0,772.0,548.0,98.0,258.0,5886,5330,556,46,103,10906,1281.578383,263799.30000000005,105
188,56218,56730,SD,46103010907,11.11,44.0376765,-103.1638172,Southwest Healthcare Services,46.18419,-103.40656,239.3137747,40,2018,"Census Tract 109.07, Pennington County, South Dakota",10907,46,103,46103010907,2724,1531,1193,34.8,510,2500.0,357.0,5.0,8.0,5.0,17.0,2108.0,186.0,228.0,2096.0,24034.0,2398.0,521.0,271.0,293.0,273.0,365.0,117.0,58.0,197.0,2453,2152,301,46,103,10907,245.1845185,265410.6500000001,110
189,56226,56738,SD,46103010400,1.517,44.095916700000004,-103.1973257,Southwest Healthcare Services,46.18419,-103.40656,232.6617559,211,2018,"Census Tract 104, Pennington County, South Dakota",10400,46,103,46103010400,3884,1783,2101,30.1,543,3602.0,824.0,53.0,181.0,0.0,0.0,2544.0,170.0,107.0,2512.0,18908.0,3745.0,813.0,407.0,503.0,563.0,285.0,169.0,22.0,64.0,3854,3225,629,46,103,10400,2560.316414,257546.01199999996,100
190,56227,56739,SD,46103011400,25.669,44.121776700000005,-103.20121800000001,Southwest Healthcare Services,46.18419,-103.40656,229.77365930000005,207,2018,"Census Tract 114, Pennington County, South Dakota",11400,46,103,46103011400,7833,3798,4035,38.6,1277,6731.0,702.0,324.0,31.0,0.0,10.0,5664.0,894.0,556.0,5564.0,32845.0,7518.0,737.0,519.0,818.0,877.0,1053.0,659.0,284.0,574.0,7656,6768,888,46,103,11400,305.1540769,259293.905,89
191,56228,56740,SD,46103010600,1.032,44.0612646,-103.2015069,Southwest Healthcare Services,46.18419,-103.40656,236.4802763,205,2018,"Census Tract 106, Pennington County, South Dakota",10600,46,103,46103010600,3413,1538,1875,34.6,545,3164.0,462.0,18.0,0.0,0.0,17.0,2667.0,207.0,184.0,2520.0,29145.0,3364.0,408.0,203.0,445.0,569.0,430.0,210.0,88.0,142.0,3400,3011,389,46,103,10600,3307.170543,260782.409,124
192,56229,56741,SD,46103010500,1.7009999999999998,44.078022999999995,-103.20175959999999,Southwest Healthcare Services,46.18419,-103.40656,234.6210372,198,2018,"Census Tract 105, Pennington County, South Dakota",10500,46,103,46103010500,3194,1872,1322,25.4,292,2766.0,555.0,60.0,100.0,0.0,43.0,2008.0,414.0,248.0,1821.0,14218.0,2672.0,937.0,348.0,508.0,279.0,278.0,40.0,32.0,21.0,3114,2440,674,46,103,10500,1877.718989,258807.43999999997,112
193,56231,56743,SD,46103010905,18.244,43.9942044,-103.2059117,Regional West Medical Center,41.886358,-103.664458,237.1348682,38,2018,"Census Tract 109.05, Pennington County, South Dakota",10905,46,103,46103010905,5271,2493,2778,35.1,891,4738.0,134.0,92.0,57.0,0.0,0.0,4455.0,484.0,43.0,4430.0,35298.0,5110.0,430.0,265.0,775.0,385.0,729.0,347.0,147.0,657.0,5130,4900,230,46,103,10905,288.9169042,282001.18399999995,148
194,56233,56745,SD,46103010904,1.089,44.050504,-103.2106734,Southwest Healthcare Services,46.18419,-103.40656,237.62539980000003,37,2018,"Census Tract 109.04, Pennington County, South Dakota",10904,46,103,46103010904,4829,2577,2252,44.1,1106,4640.0,437.0,75.0,67.0,4.0,79.0,3978.0,168.0,183.0,3859.0,26738.0,4682.0,383.0,423.0,797.0,757.0,466.0,476.0,131.0,314.0,4696,4261,435,46,103,10904,4434.343434,261183.86899999998,125
195,56235,56747,SD,46103010700,0.897,44.0655253,-103.2189818,Southwest Healthcare Services,46.18419,-103.40656,235.9179692,204,2018,"Census Tract 107, Pennington County, South Dakota",10700,46,103,46103010700,4699,2429,2270,34.6,756,4405.0,988.0,5.0,16.0,0.0,22.0,3374.0,216.0,493.0,3115.0,25148.0,4431.0,588.0,442.0,597.0,536.0,639.0,295.0,66.0,108.0,4593,3810,783,46,103,10700,5238.573021,259110.24399999998,125
196,56237,56749,SD,46103010200,1.743,44.0856184,-103.2264843,Southwest Healthcare Services,46.18419,-103.40656,233.6530989,200,2018,"Census Tract 102, Pennington County, South Dakota",10200,46,103,46103010200,5785,3139,2646,32.8,689,5516.0,1471.0,49.0,128.0,0.0,28.0,3840.0,225.0,316.0,3759.0,19497.0,5055.0,1242.0,537.0,1092.0,696.0,359.0,278.0,58.0,142.0,5159,3494,1665,46,103,10200,3318.9902469999997,256851.49499999997,105
197,56240,56752,SD,46103010300,1.774,44.096905,-103.235078,Southwest Healthcare Services,46.18419,-103.40656,232.3610376,203,2018,"Census Tract 103, Pennington County, South Dakota",10300,46,103,46103010300,3591,1775,1816,35.9,449,3233.0,813.0,92.0,116.0,0.0,94.0,2118.0,272.0,285.0,2013.0,21307.0,3436.0,552.0,427.0,471.0,465.0,359.0,145.0,40.0,183.0,3458,2781,677,46,103,10300,2024.2390079999998,256642.89800000002,107
198,56241,56753,SD,46103010800,1.758,44.066218799999994,-103.2388891,Southwest Healthcare Services,46.18419,-103.40656,235.74827740000003,195,2018,"Census Tract 108, Pennington County, South Dakota",10800,46,103,46103010800,4133,2190,1943,38.8,715,3918.0,375.0,10.0,0.0,4.0,81.0,3448.0,199.0,260.0,3307.0,26498.0,4076.0,534.0,369.0,579.0,514.0,428.0,224.0,56.0,405.0,4053,3521,532,46,103,10800,2350.9670079999996,257944.58199999997,123
199,56248,56760,SD,46103011001,1.2,44.06922470000001,-103.25744379999999,Southwest Healthcare Services,46.18419,-103.40656,235.3375394,210,2018,"Census Tract 110.01, Pennington County, South Dakota",11001,46,103,46103011001,2725,1209,1516,45.8,690,2471.0,121.0,60.0,2.0,0.0,0.0,2288.0,215.0,36.0,2288.0,30174.0,2408.0,295.0,226.0,316.0,390.0,419.0,184.0,87.0,149.0,2490,2360,130,46,103,11001,2270.833333,256259.823,122
200,56252,56764,SD,46103011002,4.857,44.0447447,-103.2682038,Southwest Healthcare Services,46.18419,-103.40656,238.01416,196,2018,"Census Tract 110.02, Pennington County, South Dakota",11002,46,103,46103011002,6543,2946,3597,50.6,1749,6407.0,435.0,0.0,69.0,5.0,141.0,5757.0,106.0,370.0,5577.0,38823.0,6513.0,599.0,408.0,516.0,843.0,842.0,516.0,215.0,1198.0,6447,5974,473,46,103,11002,1347.127857,259249.83,138
201,56253,56765,SD,46103011200,1.178,44.0806459,-103.27396379999999,Southwest Healthcare Services,46.18419,-103.40656,234.0085176,206,2018,"Census Tract 112, Pennington County, South Dakota",11200,46,103,46103011200,2972,1419,1553,35.2,504,2803.0,63.0,46.0,20.0,0.0,0.0,2674.0,112.0,26.0,2648.0,32972.0,2868.0,258.0,276.0,338.0,300.0,409.0,405.0,92.0,180.0,2934,2659,275,46,103,11200,2522.920204,254446.18999999997,123
202,56254,56766,SD,46103011100,0.973,44.0706169,-103.2794693,Southwest Healthcare Services,46.18419,-103.40656,235.1030051,199,2018,"Census Tract 111, Pennington County, South Dakota",11100,46,103,46103011100,3251,1495,1756,35.4,459,2934.0,239.0,72.0,0.0,0.0,0.0,2623.0,236.0,213.0,2433.0,30292.0,3170.0,388.0,165.0,406.0,452.0,553.0,221.0,56.0,194.0,3228,2873,355,46,103,11100,3341.212744,255728.433,120
203,56255,56767,SD,46103011004,24.099,44.012865600000005,-103.30771690000002,Regional West Medical Center,41.886358,-103.664458,238.0238422,41,2018,"Census Tract 110.04, Pennington County, South Dakota",11004,46,103,46103011004,7291,4050,3241,45.1,1277,7165.0,88.0,15.0,41.0,0.0,0.0,7021.0,79.0,12.0,7009.0,42506.0,7244.0,862.0,346.0,659.0,493.0,974.0,520.0,374.0,1349.0,7248,7118,130,46,103,11004,302.543674,285681.65199999994,160
204,56259,56771,SD,46093020302,385.601,44.3769566,-103.34393359999999,Southwest Healthcare Services,46.18419,-103.40656,200.911046,177,2018,"Census Tract 203.02, Meade County, South Dakota",20302,46,93,46093020302,5884,3029,2855,42.5,962,5782.0,167.0,66.0,0.0,0.0,0.0,5549.0,56.0,55.0,5494.0,36610.0,5773.0,803.0,383.0,503.0,498.0,861.0,611.0,192.0,684.0,5792,5654,138,46,93,20302,15.25929653,218206.755,83
205,56266,56778,SD,46103011300,37.723,44.097451299999996,-103.3570537,Southwest Healthcare Services,46.18419,-103.40656,231.94139700000002,197,2018,"Census Tract 113, Pennington County, South Dakota",11300,46,103,46103011300,6603,3372,3231,47.4,1564,6251.0,83.0,56.0,32.0,0.0,0.0,6080.0,225.0,87.0,5993.0,36168.0,6476.0,649.0,381.0,803.0,710.0,854.0,725.0,251.0,856.0,6534,6142,392,46,103,11300,175.03910080000003,260835.438,123
206,56267,56779,SD,46103011005,134.043,43.920582700000004,-103.36044240000001,West River Regional Medical Center,46.001783,-102.628665,238.380532,42,2018,"Census Tract 110.05, Pennington County, South Dakota",11005,46,103,46103011005,2450,1191,1259,54.8,686,2425.0,116.0,24.0,4.0,1.0,38.0,2242.0,14.0,101.0,2188.0,33375.0,2333.0,358.0,191.0,206.0,257.0,292.0,273.0,51.0,370.0,2388,2158,230,46,103,11005,18.27771685,291451.42399999994,122
207,56273,56785,SD,46047964200,45.826,43.4536977,-103.4540691,Wyoming Medical Center,42.84802,-106.30906999999999,241.76650759999998,78,2018,"Census Tract 9642, Fall River County, South Dakota",964200,46,47,46047964200,4158,2171,1987,54.8,1174,4019.0,364.0,91.0,21.0,0.0,82.0,3461.0,130.0,214.0,3374.0,28808.0,3921.0,657.0,442.0,558.0,524.0,678.0,253.0,177.0,364.0,3958,3641,317,46,47,964200,90.73451752,181546.81499999997,92
208,56274,56786,SD,46033965100,1524.219,43.684942799999995,-103.46225,Wyoming Medical Center,42.84802,-106.30906999999999,249.1110067,71,2018,"Census Tract 9651, Custer County, South Dakota",965100,46,33,46033965100,5766,2802,2964,53.9,1561,5624.0,229.0,21.0,0.0,0.0,8.0,5366.0,101.0,203.0,5188.0,31337.0,5652.0,689.0,356.0,793.0,751.0,759.0,513.0,153.0,477.0,5711,5039,672,46,33,965100,3.782920958,201440.65499999994,89
209,56275,56787,SD,46093020301,95.425,44.2662874,-103.4623333,Southwest Healthcare Services,46.18419,-103.40656,213.1933536,175,2018,"Census Tract 203.01, Meade County, South Dakota",20301,46,93,46093020301,8589,4300,4289,38.9,1184,8329.0,494.0,43.0,160.0,0.0,4.0,7628.0,194.0,336.0,7368.0,35015.0,8464.0,683.0,623.0,826.0,853.0,1294.0,851.0,381.0,462.0,8544,7345,1199,46,93,20301,90.00785958,229726.436,90
210,56277,56789,SD,46063968700,2671.57,45.5966105,-103.47387109999998,CHI St. Alexius Dickinson,46.889705,-102.821802,152.2774332,82,2018,"Census Tract 9687, Harding County, South Dakota",968700,46,63,46063968700,1311,695,616,42.7,233,1271.0,41.0,4.0,27.0,0.0,17.0,1182.0,18.0,26.0,1177.0,31454.0,1267.0,169.0,113.0,161.0,113.0,177.0,139.0,30.0,111.0,1292,1203,89,46,63,968700,0.49072268399999996,187535.34900000005,61
211,56281,56793,SD,46019967600,2146.458,44.896226399999996,-103.50143609999999,Southwest Healthcare Services,46.18419,-103.40656,143.3389106,57,2018,"Census Tract 9676, Butte County, South Dakota",967600,46,19,46019967600,3367,1727,1640,46.2,718,3183.0,107.0,0.0,19.0,0.0,18.0,3039.0,138.0,90.0,2987.0,23500.0,3284.0,561.0,359.0,410.0,338.0,367.0,225.0,85.0,177.0,3367,2913,454,46,19,967600,1.56863074,180111.214,53
212,56286,56798,SD,46047964100,1694.0629999999999,43.2216189,-103.5126087,Wyoming Medical Center,42.84802,-106.30906999999999,231.63408930000003,77,2018,"Census Tract 9641, Fall River County, South Dakota",964100,46,47,46047964100,2616,1233,1383,47.4,623,2404.0,66.0,0.0,0.0,0.0,12.0,2326.0,120.0,52.0,2284.0,22292.0,2486.0,468.0,156.0,328.0,245.0,236.0,215.0,65.0,138.0,2616,2309,307,46,47,964100,1.544216478,172573.27800000002,69
213,56289,56801,SD,46093020400,16.89,44.3941179,-103.5377075,Southwest Healthcare Services,46.18419,-103.40656,199.2097775,176,2018,"Census Tract 204, Meade County, South Dakota",20400,46,93,46093020400,6926,3399,3527,41.2,1387,6703.0,98.0,84.0,46.0,0.0,66.0,6409.0,84.0,295.0,6207.0,25518.0,6652.0,938.0,449.0,1187.0,727.0,786.0,526.0,186.0,460.0,6777,5778,999,46,93,20400,410.06512730000003,217031.158,97
214,56297,56809,SD,46033965200,32.728,43.7759928,-103.6100393,Wyoming Medical Center,42.84802,-106.30906999999999,242.0050765,72,2018,"Census Tract 9652, Custer County, South Dakota",965200,46,33,46033965200,2807,1484,1323,55.1,831,2695.0,63.0,15.0,33.0,0.0,6.0,2578.0,89.0,66.0,2518.0,30631.0,2550.0,335.0,273.0,351.0,456.0,347.0,240.0,55.0,220.0,2594,2393,201,46,33,965200,85.7675385,203520.50999999992,91
215,56313,56825,SD,46081966100,232.054,44.4718421,-103.7026127,Southwest Healthcare Services,46.18419,-103.40656,191.71685209999998,88,2018,"Census Tract 9661, Lawrence County, South Dakota",966100,46,81,46081966100,6367,3204,3163,50.5,1502,6242.0,87.0,26.0,18.0,0.0,11.0,6100.0,98.0,211.0,5930.0,31270.0,6256.0,729.0,465.0,862.0,742.0,795.0,421.0,193.0,901.0,6271,5945,326,46,81,966100,27.43757918,208363.44800000003,75
216,56322,56834,SD,46103011700,596.4119999999999,43.9945708,-103.74798759999999,West River Regional Medical Center,46.001783,-102.628665,239.8835569,208,2018,"Census Tract 117, Pennington County, South Dakota",11700,46,103,46103011700,4197,2232,1965,55.9,1179,4164.0,57.0,0.0,0.0,0.0,35.0,4072.0,25.0,311.0,3796.0,30047.0,4173.0,456.0,371.0,626.0,553.0,453.0,430.0,145.0,489.0,4189,3649,540,46,103,11700,7.0370817489999995,305715.5810000001,119
217,56327,56839,SD,46081966600,417.218,44.2609032,-103.7870725,Southwest Healthcare Services,46.18419,-103.40656,215.82504480000003,92,2018,"Census Tract 9666, Lawrence County, South Dakota",966600,46,81,46081966600,4837,2579,2258,46.3,1018,4656.0,189.0,73.0,72.0,18.0,30.0,4274.0,153.0,95.0,4274.0,26519.0,4789.0,651.0,399.0,780.0,641.0,585.0,396.0,173.0,295.0,4826,4003,823,46,81,966600,11.59345953,241274.31900000002,94
218,56337,56849,SD,46081966200,1.883,44.4929354,-103.8548637,West River Regional Medical Center,46.001783,-102.628665,193.3492451,89,2018,"Census Tract 9662, Lawrence County, South Dakota",966200,46,81,46081966200,3798,1761,2037,45.5,1136,3782.0,29.0,61.0,36.0,0.0,0.0,3656.0,16.0,129.0,3541.0,26096.0,3655.0,553.0,333.0,617.0,447.0,465.0,273.0,112.0,362.0,3701,3497,204,46,81,966200,2016.9941579999997,242695.703,94
219,56341,56853,SD,46019967700,103.559,44.65471229999999,-103.9358851,West River Regional Medical Center,46.001783,-102.628665,181.4202975,58,2018,"Census Tract 9677, Butte County, South Dakota",967700,46,19,46019967700,6810,3356,3454,38.4,1259,6668.0,128.0,0.0,49.0,0.0,27.0,6464.0,90.0,271.0,6238.0,25299.0,6444.0,1054.0,565.0,874.0,717.0,863.0,420.0,99.0,468.0,6707,5855,852,46,19,967700,65.75961529,231743.28999999998,81
220,56343,56855,SD,46081966302,101.81200000000001,44.445103,-103.9440521,West River Regional Medical Center,46.001783,-102.628665,201.49511730000003,91,2018,"Census Tract 9663.02, Lawrence County, South Dakota",966302,46,81,46081966302,4997,2554,2443,33.8,712,4798.0,189.0,3.0,13.0,14.0,0.0,4579.0,127.0,77.0,4534.0,26966.0,4898.0,699.0,342.0,704.0,701.0,615.0,326.0,137.0,408.0,4931,4424,507,46,81,966302,49.08065847,249114.485,106
221,56345,56857,SD,46081966301,47.086999999999996,44.551034200000004,-103.9491554,West River Regional Medical Center,46.001783,-102.628665,191.6487115,90,2018,"Census Tract 9663.01, Lawrence County, South Dakota",966301,46,81,46081966301,5235,2497,2738,30.7,711,5053.0,101.0,145.0,75.0,0.0,39.0,4693.0,137.0,277.0,4545.0,25434.0,4480.0,1247.0,419.0,380.0,635.0,697.0,354.0,165.0,262.0,5230,4658,572,46,81,966301,111.1771827,244070.39200000002,89
